timestamp, power.draw [W], temperature.gpu, clocks.current.sm [MHz], clocks.current.memory [MHz], memory.used [MiB], utilization.gpu [%], pstate
2026/06/11 15:24:31.269, 20.13 W, 33, 195 MHz, 405 MHz, 0 MiB, 0 %, P8
2026/06/11 15:24:32.270, 20.15 W, 33, 195 MHz, 405 MHz, 0 MiB, 0 %, P8
2026/06/11 15:24:33.274, 20.69 W, 33, 195 MHz, 405 MHz, 0 MiB, 0 %, P8
2026/06/11 15:24:34.276, 20.82 W, 33, 195 MHz, 405 MHz, 0 MiB, 0 %, P8
2026/06/11 15:24:35.292, 20.64 W, 33, 195 MHz, 405 MHz, 0 MiB, 0 %, P8
2026/06/11 15:24:36.295, 20.01 W, 33, 195 MHz, 405 MHz, 0 MiB, 0 %, P8
2026/06/11 15:24:37.296, 20.06 W, 33, 195 MHz, 405 MHz, 0 MiB, 0 %, P8
2026/06/11 15:24:38.300, 19.83 W, 33, 195 MHz, 405 MHz, 0 MiB, 0 %, P8
2026/06/11 15:24:39.301, 19.89 W, 33, 195 MHz, 405 MHz, 0 MiB, 0 %, P8
2026/06/11 15:24:40.304, 19.04 W, 33, 195 MHz, 405 MHz, 0 MiB, 0 %, P8
2026/06/11 15:24:41.315, 17.89 W, 33, 195 MHz, 405 MHz, 0 MiB, 0 %, P8
2026/06/11 15:24:42.320, 17.58 W, 33, 195 MHz, 405 MHz, 0 MiB, 0 %, P8
2026/06/11 15:24:43.323, 17.49 W, 33, 195 MHz, 405 MHz, 0 MiB, 0 %, P8
2026/06/11 15:24:44.325, 17.77 W, 33, 195 MHz, 405 MHz, 0 MiB, 0 %, P8
2026/06/11 15:24:45.327, 17.82 W, 33, 195 MHz, 405 MHz, 0 MiB, 0 %, P8
2026/06/11 15:24:46.329, 17.75 W, 33, 195 MHz, 405 MHz, 0 MiB, 0 %, P8
2026/06/11 15:24:47.337, 17.38 W, 33, 195 MHz, 405 MHz, 0 MiB, 0 %, P8
2026/06/11 15:24:48.338, 17.65 W, 33, 195 MHz, 405 MHz, 0 MiB, 0 %, P8
2026/06/11 15:24:49.342, 17.92 W, 33, 195 MHz, 405 MHz, 0 MiB, 0 %, P8
2026/06/11 15:24:50.354, 17.69 W, 33, 195 MHz, 405 MHz, 0 MiB, 0 %, P8
2026/06/11 15:24:51.369, 18.05 W, 33, 195 MHz, 405 MHz, 0 MiB, 0 %, P8
2026/06/11 15:24:52.370, 18.03 W, 33, 195 MHz, 405 MHz, 0 MiB, 0 %, P8
2026/06/11 15:24:53.370, 17.73 W, 33, 195 MHz, 405 MHz, 0 MiB, 0 %, P8
2026/06/11 15:24:54.374, 17.84 W, 33, 195 MHz, 405 MHz, 0 MiB, 0 %, P8
2026/06/11 15:24:55.386, 17.96 W, 33, 195 MHz, 405 MHz, 0 MiB, 0 %, P8
2026/06/11 15:24:56.403, 18.05 W, 33, 195 MHz, 405 MHz, 0 MiB, 0 %, P8
2026/06/11 15:24:57.404, 17.97 W, 33, 195 MHz, 405 MHz, 0 MiB, 0 %, P8
2026/06/11 15:24:58.419, 18.27 W, 33, 195 MHz, 405 MHz, 0 MiB, 0 %, P8
2026/06/11 15:24:59.435, 18.18 W, 33, 195 MHz, 405 MHz, 0 MiB, 0 %, P8
2026/06/11 15:25:00.436, 18.23 W, 33, 195 MHz, 405 MHz, 0 MiB, 0 %, P8
2026/06/11 15:25:01.452, 18.03 W, 33, 195 MHz, 405 MHz, 0 MiB, 0 %, P8
2026/06/11 15:25:02.453, 18.02 W, 33, 195 MHz, 405 MHz, 0 MiB, 0 %, P8
2026/06/11 15:25:03.467, 18.06 W, 33, 195 MHz, 405 MHz, 0 MiB, 0 %, P8
2026/06/11 15:25:04.468, 17.94 W, 33, 195 MHz, 405 MHz, 0 MiB, 0 %, P8
2026/06/11 15:25:05.485, 17.93 W, 33, 195 MHz, 405 MHz, 0 MiB, 0 %, P8
2026/06/11 15:25:06.500, 17.81 W, 33, 195 MHz, 405 MHz, 0 MiB, 0 %, P8
2026/06/11 15:25:07.503, 17.58 W, 33, 195 MHz, 405 MHz, 0 MiB, 0 %, P8
2026/06/11 15:25:08.516, 17.38 W, 33, 195 MHz, 405 MHz, 0 MiB, 0 %, P8
2026/06/11 15:25:09.532, 17.49 W, 33, 195 MHz, 405 MHz, 0 MiB, 0 %, P8
2026/06/11 15:25:10.549, 17.46 W, 33, 195 MHz, 405 MHz, 0 MiB, 0 %, P8
2026/06/11 15:25:11.550, 17.52 W, 33, 195 MHz, 405 MHz, 0 MiB, 0 %, P8
2026/06/11 15:25:12.565, 17.52 W, 33, 195 MHz, 405 MHz, 0 MiB, 0 %, P8
2026/06/11 15:25:13.580, 17.64 W, 33, 195 MHz, 405 MHz, 0 MiB, 0 %, P8
2026/06/11 15:25:14.582, 17.66 W, 33, 195 MHz, 405 MHz, 0 MiB, 0 %, P8
2026/06/11 15:25:15.585, 17.48 W, 33, 195 MHz, 405 MHz, 0 MiB, 0 %, P8
2026/06/11 15:25:16.598, 17.37 W, 33, 195 MHz, 405 MHz, 0 MiB, 0 %, P8
2026/06/11 15:25:17.600, 17.40 W, 33, 195 MHz, 405 MHz, 0 MiB, 0 %, P8
2026/06/11 15:25:18.610, 17.59 W, 33, 195 MHz, 405 MHz, 0 MiB, 0 %, P8
2026/06/11 15:25:19.612, 17.53 W, 33, 195 MHz, 405 MHz, 0 MiB, 0 %, P8
2026/06/11 15:25:20.628, 17.73 W, 33, 195 MHz, 405 MHz, 0 MiB, 0 %, P8
2026/06/11 15:25:21.645, 17.64 W, 33, 195 MHz, 405 MHz, 0 MiB, 0 %, P8
2026/06/11 15:25:22.646, 17.77 W, 33, 195 MHz, 405 MHz, 0 MiB, 0 %, P8
2026/06/11 15:25:23.660, 17.75 W, 33, 195 MHz, 405 MHz, 0 MiB, 0 %, P8
2026/06/11 15:25:24.663, 17.76 W, 33, 195 MHz, 405 MHz, 0 MiB, 0 %, P8
2026/06/11 15:25:25.677, 17.71 W, 33, 195 MHz, 405 MHz, 0 MiB, 0 %, P8
2026/06/11 15:25:26.693, 17.67 W, 33, 195 MHz, 405 MHz, 0 MiB, 0 %, P8
2026/06/11 15:25:27.709, 17.66 W, 33, 187 MHz, 405 MHz, 0 MiB, 0 %, P8
2026/06/11 15:25:28.725, 17.60 W, 33, 195 MHz, 405 MHz, 0 MiB, 0 %, P8
2026/06/11 15:25:29.742, 17.13 W, 33, 195 MHz, 405 MHz, 0 MiB, 0 %, P8
2026/06/11 15:25:30.758, 17.50 W, 33, 195 MHz, 405 MHz, 0 MiB, 0 %, P8
2026/06/11 15:25:31.770, 17.44 W, 33, 195 MHz, 405 MHz, 0 MiB, 0 %, P8
2026/06/11 15:25:32.774, 17.41 W, 33, 195 MHz, 405 MHz, 0 MiB, 0 %, P8
2026/06/11 15:25:33.789, 17.50 W, 33, 195 MHz, 405 MHz, 0 MiB, 0 %, P8
2026/06/11 15:25:34.804, 17.67 W, 33, 195 MHz, 405 MHz, 0 MiB, 0 %, P8
2026/06/11 15:25:35.807, 17.76 W, 33, 195 MHz, 405 MHz, 0 MiB, 0 %, P8
2026/06/11 15:25:36.820, 17.81 W, 33, 195 MHz, 405 MHz, 0 MiB, 0 %, P8
2026/06/11 15:25:37.821, 17.78 W, 33, 195 MHz, 405 MHz, 0 MiB, 0 %, P8
2026/06/11 15:25:38.838, 17.48 W, 33, 195 MHz, 405 MHz, 0 MiB, 0 %, P8
2026/06/11 15:25:39.852, 17.59 W, 33, 195 MHz, 405 MHz, 0 MiB, 0 %, P8
2026/06/11 15:25:40.853, 17.72 W, 33, 187 MHz, 405 MHz, 0 MiB, 0 %, P8
2026/06/11 15:25:41.869, 17.86 W, 33, 195 MHz, 405 MHz, 0 MiB, 0 %, P8
2026/06/11 15:25:42.871, 17.94 W, 33, 195 MHz, 405 MHz, 0 MiB, 0 %, P8
2026/06/11 15:25:43.886, 17.67 W, 33, 195 MHz, 405 MHz, 0 MiB, 0 %, P8
2026/06/11 15:25:44.904, 17.62 W, 33, 195 MHz, 405 MHz, 0 MiB, 0 %, P8
2026/06/11 15:25:45.920, 17.62 W, 33, 195 MHz, 405 MHz, 0 MiB, 0 %, P8
2026/06/11 15:25:46.936, 17.63 W, 33, 195 MHz, 405 MHz, 0 MiB, 0 %, P8
2026/06/11 15:25:47.952, 17.65 W, 33, 195 MHz, 405 MHz, 0 MiB, 0 %, P8
2026/06/11 15:25:48.968, 17.55 W, 33, 195 MHz, 405 MHz, 0 MiB, 0 %, P8
2026/06/11 15:25:49.979, 17.77 W, 33, 195 MHz, 405 MHz, 0 MiB, 0 %, P8
2026/06/11 15:25:50.987, 17.84 W, 33, 195 MHz, 405 MHz, 0 MiB, 0 %, P8
2026/06/11 15:25:51.998, 17.86 W, 33, 195 MHz, 405 MHz, 0 MiB, 0 %, P8
2026/06/11 15:25:53.000, 17.41 W, 33, 195 MHz, 405 MHz, 0 MiB, 0 %, P8
2026/06/11 15:25:54.001, 17.48 W, 33, 195 MHz, 405 MHz, 0 MiB, 0 %, P8
2026/06/11 15:25:55.003, 17.33 W, 33, 195 MHz, 405 MHz, 0 MiB, 0 %, P8
2026/06/11 15:25:56.004, 18.68 W, 33, 195 MHz, 405 MHz, 0 MiB, 0 %, P8
2026/06/11 15:25:57.018, 19.31 W, 33, 195 MHz, 405 MHz, 0 MiB, 0 %, P8
2026/06/11 15:25:58.019, 17.34 W, 33, 195 MHz, 405 MHz, 0 MiB, 0 %, P8
2026/06/11 15:25:59.020, 17.20 W, 33, 195 MHz, 405 MHz, 0 MiB, 0 %, P8
2026/06/11 15:26:00.033, 17.24 W, 33, 195 MHz, 405 MHz, 0 MiB, 0 %, P8
2026/06/11 15:26:01.037, 17.24 W, 33, 195 MHz, 405 MHz, 0 MiB, 0 %, P8
2026/06/11 15:26:02.047, 17.54 W, 33, 195 MHz, 405 MHz, 0 MiB, 0 %, P8
2026/06/11 15:26:03.048, 17.51 W, 33, 195 MHz, 405 MHz, 0 MiB, 0 %, P8
2026/06/11 15:26:04.065, 17.42 W, 33, 195 MHz, 405 MHz, 0 MiB, 0 %, P8
2026/06/11 15:26:05.080, 17.46 W, 33, 195 MHz, 405 MHz, 0 MiB, 0 %, P8
2026/06/11 15:26:06.096, 17.50 W, 33, 195 MHz, 405 MHz, 0 MiB, 0 %, P8
2026/06/11 15:26:07.100, 17.36 W, 33, 195 MHz, 405 MHz, 0 MiB, 0 %, P8
2026/06/11 15:26:08.101, 17.45 W, 33, 195 MHz, 405 MHz, 0 MiB, 0 %, P8
2026/06/11 15:26:09.103, 17.87 W, 33, 195 MHz, 405 MHz, 0 MiB, 0 %, P8
2026/06/11 15:26:10.117, 17.83 W, 33, 195 MHz, 405 MHz, 0 MiB, 0 %, P8
2026/06/11 15:26:11.118, 17.86 W, 33, 195 MHz, 405 MHz, 0 MiB, 0 %, P8
2026/06/11 15:26:12.134, 17.56 W, 33, 195 MHz, 405 MHz, 0 MiB, 0 %, P8
2026/06/11 15:26:13.135, 17.53 W, 33, 187 MHz, 405 MHz, 0 MiB, 0 %, P8
2026/06/11 15:26:14.136, 17.38 W, 33, 195 MHz, 405 MHz, 0 MiB, 0 %, P8
2026/06/11 15:26:15.141, 17.23 W, 33, 195 MHz, 405 MHz, 0 MiB, 0 %, P8
2026/06/11 15:26:16.149, 17.34 W, 33, 195 MHz, 405 MHz, 0 MiB, 0 %, P8
2026/06/11 15:26:17.150, 17.20 W, 33, 195 MHz, 405 MHz, 0 MiB, 0 %, P8
2026/06/11 15:26:18.151, 17.26 W, 33, 195 MHz, 405 MHz, 0 MiB, 0 %, P8
2026/06/11 15:26:19.154, 17.26 W, 33, 195 MHz, 405 MHz, 0 MiB, 0 %, P8
2026/06/11 15:26:20.162, 17.32 W, 33, 195 MHz, 405 MHz, 0 MiB, 0 %, P8
2026/06/11 15:26:21.164, 17.17 W, 33, 195 MHz, 405 MHz, 0 MiB, 0 %, P8
2026/06/11 15:26:22.178, 17.17 W, 33, 195 MHz, 405 MHz, 0 MiB, 0 %, P8
2026/06/11 15:26:23.194, 16.86 W, 33, 195 MHz, 405 MHz, 0 MiB, 0 %, P8
2026/06/11 15:26:24.210, 16.78 W, 33, 195 MHz, 405 MHz, 0 MiB, 0 %, P8
2026/06/11 15:26:25.213, 16.85 W, 33, 195 MHz, 405 MHz, 0 MiB, 0 %, P8
2026/06/11 15:26:26.229, 17.48 W, 33, 187 MHz, 405 MHz, 0 MiB, 0 %, P8
2026/06/11 15:26:27.232, 17.53 W, 33, 195 MHz, 405 MHz, 0 MiB, 0 %, P8
2026/06/11 15:26:28.234, 17.50 W, 33, 195 MHz, 405 MHz, 0 MiB, 0 %, P8
2026/06/11 15:26:29.237, 17.45 W, 33, 195 MHz, 405 MHz, 0 MiB, 0 %, P8
2026/06/11 15:26:30.241, 17.49 W, 33, 195 MHz, 405 MHz, 0 MiB, 0 %, P8
2026/06/11 15:26:31.258, 17.45 W, 33, 195 MHz, 405 MHz, 0 MiB, 0 %, P8
2026/06/11 15:26:32.273, 17.56 W, 33, 195 MHz, 405 MHz, 0 MiB, 0 %, P8
2026/06/11 15:26:33.275, 17.67 W, 33, 195 MHz, 405 MHz, 0 MiB, 0 %, P8
2026/06/11 15:26:34.278, 17.58 W, 33, 195 MHz, 405 MHz, 0 MiB, 0 %, P8
2026/06/11 15:26:35.294, 17.55 W, 33, 195 MHz, 405 MHz, 0 MiB, 0 %, P8
2026/06/11 15:26:36.298, 17.53 W, 33, 195 MHz, 405 MHz, 0 MiB, 0 %, P8
2026/06/11 15:26:37.314, 17.42 W, 33, 195 MHz, 405 MHz, 0 MiB, 0 %, P8
2026/06/11 15:26:38.316, 17.18 W, 33, 195 MHz, 405 MHz, 0 MiB, 0 %, P8
2026/06/11 15:26:39.320, 17.09 W, 33, 195 MHz, 405 MHz, 0 MiB, 0 %, P8
2026/06/11 15:26:40.321, 17.25 W, 33, 195 MHz, 405 MHz, 0 MiB, 0 %, P8
2026/06/11 15:26:41.336, 17.43 W, 33, 195 MHz, 405 MHz, 0 MiB, 0 %, P8
2026/06/11 15:26:42.337, 17.33 W, 33, 195 MHz, 405 MHz, 0 MiB, 0 %, P8
2026/06/11 15:26:43.352, 17.41 W, 33, 195 MHz, 405 MHz, 0 MiB, 0 %, P8
2026/06/11 15:26:44.353, 17.33 W, 33, 195 MHz, 405 MHz, 0 MiB, 0 %, P8
2026/06/11 15:26:45.353, 17.22 W, 33, 195 MHz, 405 MHz, 0 MiB, 0 %, P8
2026/06/11 15:26:46.369, 17.13 W, 33, 195 MHz, 405 MHz, 0 MiB, 0 %, P8
2026/06/11 15:26:47.370, 17.01 W, 33, 195 MHz, 405 MHz, 0 MiB, 0 %, P8
2026/06/11 15:26:48.371, 17.07 W, 33, 195 MHz, 405 MHz, 0 MiB, 0 %, P8
2026/06/11 15:26:49.385, 17.30 W, 33, 195 MHz, 405 MHz, 0 MiB, 0 %, P8
2026/06/11 15:26:50.387, 17.29 W, 33, 195 MHz, 405 MHz, 0 MiB, 0 %, P8
2026/06/11 15:26:51.387, 17.32 W, 33, 195 MHz, 405 MHz, 0 MiB, 0 %, P8
2026/06/11 15:26:52.405, 17.11 W, 33, 187 MHz, 405 MHz, 0 MiB, 0 %, P8
2026/06/11 15:26:53.420, 17.05 W, 33, 195 MHz, 405 MHz, 0 MiB, 0 %, P8
2026/06/11 15:26:54.435, 17.27 W, 33, 195 MHz, 405 MHz, 0 MiB, 0 %, P8
2026/06/11 15:26:55.436, 17.45 W, 33, 195 MHz, 405 MHz, 0 MiB, 0 %, P8
2026/06/11 15:26:56.451, 17.41 W, 33, 195 MHz, 405 MHz, 0 MiB, 0 %, P8
2026/06/11 15:26:57.452, 17.34 W, 33, 195 MHz, 405 MHz, 0 MiB, 0 %, P8
2026/06/11 15:26:58.468, 17.40 W, 33, 195 MHz, 405 MHz, 0 MiB, 0 %, P8
2026/06/11 15:26:59.484, 17.25 W, 33, 195 MHz, 405 MHz, 0 MiB, 0 %, P8
2026/06/11 15:27:00.487, 17.01 W, 33, 195 MHz, 405 MHz, 0 MiB, 0 %, P8
2026/06/11 15:27:01.489, 17.04 W, 33, 195 MHz, 405 MHz, 0 MiB, 0 %, P8
2026/06/11 15:27:02.503, 17.11 W, 33, 195 MHz, 405 MHz, 0 MiB, 0 %, P8
2026/06/11 15:27:03.516, 16.94 W, 33, 195 MHz, 405 MHz, 0 MiB, 0 %, P8
2026/06/11 15:27:04.519, 17.42 W, 33, 195 MHz, 405 MHz, 0 MiB, 0 %, P8
2026/06/11 15:27:05.519, 27.28 W, 35, 802 MHz, 13801 MHz, 1226 MiB, 13 %, P1
2026/06/11 15:27:06.519, 84.50 W, 36, 2917 MHz, 13801 MHz, 1754 MiB, 1 %, P1
2026/06/11 15:27:07.535, 92.85 W, 42, 2655 MHz, 13801 MHz, 3686 MiB, 55 %, P1
2026/06/11 15:27:08.536, 281.89 W, 44, 2902 MHz, 13801 MHz, 3686 MiB, 61 %, P1
2026/06/11 15:27:09.549, 300.02 W, 49, 2850 MHz, 13801 MHz, 3686 MiB, 74 %, P1
2026/06/11 15:27:10.551, 298.55 W, 47, 2850 MHz, 13801 MHz, 3686 MiB, 63 %, P1
2026/06/11 15:27:11.552, 301.13 W, 51, 2850 MHz, 13801 MHz, 3686 MiB, 65 %, P1
2026/06/11 15:27:12.553, 298.68 W, 48, 2850 MHz, 13801 MHz, 3686 MiB, 56 %, P1
2026/06/11 15:27:13.553, 298.10 W, 51, 2850 MHz, 13801 MHz, 3686 MiB, 60 %, P1
2026/06/11 15:27:14.567, 306.03 W, 50, 2850 MHz, 13801 MHz, 3686 MiB, 67 %, P1
2026/06/11 15:27:15.581, 290.77 W, 51, 2850 MHz, 13801 MHz, 10306 MiB, 92 %, P1
2026/06/11 15:27:16.583, 292.92 W, 56, 2842 MHz, 13801 MHz, 13374 MiB, 99 %, P1
2026/06/11 15:27:17.586, 264.53 W, 45, 2850 MHz, 13801 MHz, 13374 MiB, 3 %, P1
2026/06/11 15:27:18.600, 284.82 W, 53, 2850 MHz, 13801 MHz, 13374 MiB, 99 %, P1
2026/06/11 15:27:19.602, 307.69 W, 57, 2842 MHz, 13801 MHz, 17454 MiB, 99 %, P1
2026/06/11 15:27:20.602, 305.41 W, 47, 2842 MHz, 13801 MHz, 17454 MiB, 36 %, P1
2026/06/11 15:27:21.603, 254.07 W, 50, 2850 MHz, 13801 MHz, 17454 MiB, 98 %, P1
2026/06/11 15:27:22.611, 311.22 W, 55, 2842 MHz, 13801 MHz, 17454 MiB, 100 %, P1
2026/06/11 15:27:23.612, 245.70 W, 49, 2857 MHz, 13801 MHz, 17454 MiB, 14 %, P1
2026/06/11 15:27:24.616, 285.22 W, 55, 2850 MHz, 13801 MHz, 17454 MiB, 98 %, P1
2026/06/11 15:27:25.616, 318.82 W, 56, 2842 MHz, 13801 MHz, 17454 MiB, 100 %, P1
2026/06/11 15:27:26.617, 300.02 W, 48, 2842 MHz, 13801 MHz, 17454 MiB, 58 %, P1
2026/06/11 15:27:27.620, 297.54 W, 47, 2850 MHz, 13801 MHz, 17454 MiB, 0 %, P1
2026/06/11 15:27:28.630, 239.12 W, 50, 2857 MHz, 13801 MHz, 17454 MiB, 30 %, P1
2026/06/11 15:27:29.641, 304.67 W, 57, 2850 MHz, 13801 MHz, 17454 MiB, 100 %, P1
2026/06/11 15:27:30.652, 308.91 W, 48, 2857 MHz, 13801 MHz, 22238 MiB, 0 %, P1
2026/06/11 15:27:31.662, 297.81 W, 50, 2857 MHz, 13801 MHz, 22238 MiB, 27 %, P1
2026/06/11 15:27:32.673, 316.09 W, 55, 2842 MHz, 13801 MHz, 22238 MiB, 99 %, P1
2026/06/11 15:27:33.678, 321.19 W, 51, 2842 MHz, 13801 MHz, 22238 MiB, 99 %, P1
2026/06/11 15:27:34.681, 300.75 W, 50, 2850 MHz, 13801 MHz, 22238 MiB, 25 %, P1
2026/06/11 15:27:35.696, 288.11 W, 51, 2850 MHz, 13801 MHz, 22238 MiB, 99 %, P1
2026/06/11 15:27:36.700, 322.49 W, 51, 2842 MHz, 13801 MHz, 22238 MiB, 100 %, P1
2026/06/11 15:27:37.702, 290.14 W, 50, 2857 MHz, 13801 MHz, 22238 MiB, 23 %, P1
2026/06/11 15:27:38.706, 332.29 W, 51, 2842 MHz, 13801 MHz, 22238 MiB, 100 %, P1
2026/06/11 15:27:39.709, 290.26 W, 49, 2857 MHz, 13801 MHz, 22238 MiB, 29 %, P1
2026/06/11 15:27:40.724, 340.21 W, 50, 2842 MHz, 13801 MHz, 22238 MiB, 100 %, P1
2026/06/11 15:27:41.725, 288.92 W, 51, 2857 MHz, 13801 MHz, 22238 MiB, 40 %, P1
2026/06/11 15:27:42.728, 332.15 W, 51, 2842 MHz, 13801 MHz, 22238 MiB, 100 %, P1
2026/06/11 15:27:43.731, 298.69 W, 47, 2850 MHz, 13801 MHz, 22238 MiB, 0 %, P1
2026/06/11 15:27:44.745, 295.04 W, 53, 2857 MHz, 13801 MHz, 22238 MiB, 97 %, P1
2026/06/11 15:27:45.747, 300.94 W, 47, 2850 MHz, 13801 MHz, 22238 MiB, 0 %, P1
2026/06/11 15:27:46.751, 271.34 W, 55, 2850 MHz, 13801 MHz, 22238 MiB, 99 %, P1
2026/06/11 15:27:47.753, 298.86 W, 50, 2850 MHz, 13801 MHz, 22238 MiB, 0 %, P1
2026/06/11 15:27:48.767, 265.54 W, 52, 2857 MHz, 13801 MHz, 22238 MiB, 94 %, P1
2026/06/11 15:27:49.782, 318.63 W, 48, 2842 MHz, 13801 MHz, 22238 MiB, 0 %, P1
2026/06/11 15:27:50.783, 282.38 W, 54, 2850 MHz, 13801 MHz, 22238 MiB, 98 %, P1
2026/06/11 15:27:51.795, 303.37 W, 48, 2850 MHz, 13801 MHz, 22238 MiB, 0 %, P1
2026/06/11 15:27:52.808, 269.69 W, 54, 2850 MHz, 13801 MHz, 22238 MiB, 98 %, P1
2026/06/11 15:27:53.810, 297.20 W, 47, 2850 MHz, 13801 MHz, 22238 MiB, 0 %, P1
2026/06/11 15:27:54.816, 272.52 W, 53, 2850 MHz, 13801 MHz, 22238 MiB, 99 %, P1
2026/06/11 15:27:55.820, 328.51 W, 49, 2842 MHz, 13801 MHz, 22238 MiB, 100 %, P1
2026/06/11 15:27:56.832, 276.71 W, 47, 2850 MHz, 13801 MHz, 22238 MiB, 14 %, P1
2026/06/11 15:27:57.837, 282.59 W, 56, 2850 MHz, 13801 MHz, 22238 MiB, 99 %, P1
2026/06/11 15:27:58.853, 286.43 W, 46, 2850 MHz, 13801 MHz, 22238 MiB, 8 %, P1
2026/06/11 15:27:59.854, 280.92 W, 56, 2850 MHz, 13801 MHz, 22238 MiB, 99 %, P1
2026/06/11 15:28:00.869, 337.31 W, 48, 2842 MHz, 13801 MHz, 22238 MiB, 73 %, P1
2026/06/11 15:28:01.870, 261.91 W, 50, 2857 MHz, 13801 MHz, 22238 MiB, 23 %, P1
2026/06/11 15:28:02.886, 313.22 W, 56, 2842 MHz, 13801 MHz, 22238 MiB, 100 %, P1
2026/06/11 15:28:03.901, 316.36 W, 47, 2842 MHz, 13801 MHz, 22238 MiB, 5 %, P1
2026/06/11 15:28:04.901, 288.94 W, 46, 2850 MHz, 13801 MHz, 22238 MiB, 0 %, P1
2026/06/11 15:28:05.917, 295.17 W, 47, 2850 MHz, 13801 MHz, 22238 MiB, 0 %, P1
2026/06/11 15:28:06.917, 271.89 W, 52, 2857 MHz, 13801 MHz, 22238 MiB, 75 %, P1
2026/06/11 15:28:07.918, 326.12 W, 52, 2842 MHz, 13801 MHz, 22238 MiB, 100 %, P1
2026/06/11 15:28:08.919, 282.70 W, 48, 2850 MHz, 13801 MHz, 22238 MiB, 14 %, P1
2026/06/11 15:28:09.935, 301.15 W, 56, 2850 MHz, 13801 MHz, 22238 MiB, 100 %, P1
2026/06/11 15:28:10.936, 293.75 W, 51, 2850 MHz, 13801 MHz, 22238 MiB, 23 %, P1
2026/06/11 15:28:11.936, 301.55 W, 56, 2850 MHz, 13801 MHz, 22238 MiB, 100 %, P1
2026/06/11 15:28:12.949, 312.74 W, 46, 2842 MHz, 13801 MHz, 22238 MiB, 0 %, P1
2026/06/11 15:28:13.952, 246.63 W, 50, 2857 MHz, 13801 MHz, 22238 MiB, 16 %, P1
2026/06/11 15:28:14.968, 300.14 W, 51, 2857 MHz, 13801 MHz, 22238 MiB, 22 %, P1
2026/06/11 15:28:15.982, 290.14 W, 49, 2857 MHz, 13801 MHz, 22238 MiB, 32 %, P1
2026/06/11 15:28:16.983, 293.81 W, 51, 2857 MHz, 13801 MHz, 22238 MiB, 22 %, P1
2026/06/11 15:28:17.986, 300.91 W, 49, 2857 MHz, 13801 MHz, 22238 MiB, 32 %, P1
2026/06/11 15:28:19.003, 298.33 W, 56, 2850 MHz, 13801 MHz, 22238 MiB, 100 %, P1
2026/06/11 15:28:20.019, 336.55 W, 54, 2842 MHz, 13801 MHz, 22238 MiB, 100 %, P1
2026/06/11 15:28:21.028, 269.25 W, 47, 2842 MHz, 13801 MHz, 22238 MiB, 0 %, P1
2026/06/11 15:28:22.030, 270.17 W, 51, 2857 MHz, 13801 MHz, 22238 MiB, 91 %, P1
2026/06/11 15:28:23.044, 332.39 W, 47, 2842 MHz, 13801 MHz, 22238 MiB, 47 %, P1
2026/06/11 15:28:24.046, 273.64 W, 52, 2857 MHz, 13801 MHz, 22238 MiB, 78 %, P1
2026/06/11 15:28:25.049, 308.89 W, 56, 2842 MHz, 13801 MHz, 22238 MiB, 100 %, P1
2026/06/11 15:28:26.060, 315.87 W, 46, 2842 MHz, 13801 MHz, 22238 MiB, 0 %, P1
2026/06/11 15:28:27.067, 249.58 W, 50, 2857 MHz, 13801 MHz, 22238 MiB, 32 %, P1
2026/06/11 15:28:28.068, 325.93 W, 49, 2842 MHz, 13801 MHz, 22238 MiB, 100 %, P1
2026/06/11 15:28:29.076, 265.74 W, 46, 2850 MHz, 13801 MHz, 22238 MiB, 0 %, P1
2026/06/11 15:28:30.084, 298.25 W, 47, 2827 MHz, 13801 MHz, 22238 MiB, 0 %, P1
2026/06/11 15:28:31.086, 303.82 W, 51, 2850 MHz, 13801 MHz, 22238 MiB, 74 %, P1
2026/06/11 15:28:32.102, 306.97 W, 51, 2850 MHz, 13801 MHz, 22238 MiB, 61 %, P1
2026/06/11 15:28:33.102, 311.75 W, 51, 2850 MHz, 13801 MHz, 22238 MiB, 67 %, P1
2026/06/11 15:28:34.118, 309.51 W, 52, 2850 MHz, 13801 MHz, 22238 MiB, 61 %, P1
2026/06/11 15:28:35.118, 310.95 W, 51, 2850 MHz, 13801 MHz, 22238 MiB, 62 %, P1
2026/06/11 15:28:36.119, 309.11 W, 54, 2850 MHz, 13801 MHz, 22238 MiB, 60 %, P1
2026/06/11 15:28:37.120, 307.34 W, 51, 2850 MHz, 13801 MHz, 22238 MiB, 60 %, P1
2026/06/11 15:28:38.135, 313.17 W, 52, 2850 MHz, 13801 MHz, 22238 MiB, 77 %, P1
2026/06/11 15:28:39.136, 290.61 W, 51, 2857 MHz, 13801 MHz, 22238 MiB, 100 %, P1
2026/06/11 15:28:40.138, 329.78 W, 49, 2842 MHz, 13801 MHz, 22238 MiB, 100 %, P1
2026/06/11 15:28:41.152, 321.00 W, 50, 2842 MHz, 13801 MHz, 22238 MiB, 36 %, P1
2026/06/11 15:28:42.156, 293.81 W, 47, 2842 MHz, 13801 MHz, 22238 MiB, 0 %, P1
2026/06/11 15:28:43.161, 249.09 W, 51, 2857 MHz, 13801 MHz, 22238 MiB, 38 %, P1
2026/06/11 15:28:44.165, 330.11 W, 48, 2842 MHz, 13801 MHz, 22238 MiB, 80 %, P1
2026/06/11 15:28:45.169, 260.02 W, 48, 2850 MHz, 13801 MHz, 22238 MiB, 0 %, P1
2026/06/11 15:28:46.183, 291.25 W, 56, 2850 MHz, 13801 MHz, 22238 MiB, 100 %, P1
2026/06/11 15:28:47.185, 307.62 W, 46, 2842 MHz, 13801 MHz, 22238 MiB, 0 %, P1
2026/06/11 15:28:48.186, 278.39 W, 46, 2647 MHz, 13801 MHz, 22238 MiB, 0 %, P1
2026/06/11 15:28:49.195, 246.52 W, 51, 2857 MHz, 13801 MHz, 22238 MiB, 27 %, P1
2026/06/11 15:28:50.210, 291.09 W, 49, 2842 MHz, 13801 MHz, 22238 MiB, 32 %, P1
2026/06/11 15:28:51.218, 308.74 W, 55, 2850 MHz, 13801 MHz, 22238 MiB, 99 %, P1
2026/06/11 15:28:52.233, 308.96 W, 47, 2850 MHz, 13801 MHz, 22238 MiB, 0 %, P1
2026/06/11 15:28:53.244, 317.42 W, 47, 2850 MHz, 13801 MHz, 22238 MiB, 0 %, P1
2026/06/11 15:28:54.252, 287.97 W, 46, 2842 MHz, 13801 MHz, 22238 MiB, 0 %, P1
2026/06/11 15:28:55.259, 257.22 W, 51, 2857 MHz, 13801 MHz, 22238 MiB, 85 %, P1
2026/06/11 15:28:56.264, 302.22 W, 51, 2857 MHz, 13801 MHz, 22238 MiB, 99 %, P1
2026/06/11 15:28:57.269, 341.03 W, 48, 2842 MHz, 13801 MHz, 22238 MiB, 50 %, P1
2026/06/11 15:28:58.284, 263.57 W, 50, 2857 MHz, 13801 MHz, 22238 MiB, 27 %, P1
2026/06/11 15:28:59.299, 288.07 W, 50, 2857 MHz, 13801 MHz, 22238 MiB, 99 %, P1
2026/06/11 15:29:00.301, 323.03 W, 47, 2842 MHz, 13801 MHz, 22238 MiB, 31 %, P1
2026/06/11 15:29:01.315, 270.89 W, 50, 2857 MHz, 13801 MHz, 22238 MiB, 99 %, P1
2026/06/11 15:29:02.315, 324.25 W, 47, 2842 MHz, 13801 MHz, 22238 MiB, 15 %, P1
2026/06/11 15:29:03.319, 265.96 W, 51, 2857 MHz, 13801 MHz, 22238 MiB, 100 %, P1
2026/06/11 15:29:04.333, 326.86 W, 47, 2842 MHz, 13801 MHz, 22238 MiB, 39 %, P1
2026/06/11 15:29:05.337, 269.09 W, 52, 2857 MHz, 13801 MHz, 22238 MiB, 95 %, P1
2026/06/11 15:29:06.351, 336.52 W, 51, 2842 MHz, 13801 MHz, 22238 MiB, 100 %, P1
2026/06/11 15:29:07.352, 271.98 W, 47, 2850 MHz, 13801 MHz, 22238 MiB, 1 %, P1
2026/06/11 15:29:08.353, 296.57 W, 52, 2842 MHz, 13801 MHz, 22238 MiB, 100 %, P1
2026/06/11 15:29:09.367, 264.47 W, 50, 2857 MHz, 13801 MHz, 22238 MiB, 23 %, P1
2026/06/11 15:29:10.368, 306.77 W, 54, 2850 MHz, 13801 MHz, 22238 MiB, 100 %, P1
2026/06/11 15:29:11.368, 279.48 W, 48, 2850 MHz, 13801 MHz, 22238 MiB, 0 %, P1
2026/06/11 15:29:12.370, 333.12 W, 55, 2850 MHz, 13801 MHz, 22238 MiB, 99 %, P1
2026/06/11 15:29:13.370, 289.04 W, 50, 2850 MHz, 13801 MHz, 22238 MiB, 24 %, P1
2026/06/11 15:29:14.386, 327.32 W, 56, 2850 MHz, 13801 MHz, 22238 MiB, 100 %, P1
2026/06/11 15:29:15.386, 281.23 W, 50, 2857 MHz, 13801 MHz, 22238 MiB, 23 %, P1
2026/06/11 15:29:16.401, 326.09 W, 53, 2850 MHz, 13801 MHz, 22238 MiB, 100 %, P1
2026/06/11 15:29:17.403, 270.08 W, 50, 2857 MHz, 13801 MHz, 22238 MiB, 23 %, P1
2026/06/11 15:29:18.404, 301.81 W, 50, 2850 MHz, 13801 MHz, 22238 MiB, 99 %, P1
2026/06/11 15:29:19.419, 311.91 W, 48, 2842 MHz, 13801 MHz, 22238 MiB, 72 %, P1
2026/06/11 15:29:20.420, 278.49 W, 50, 2857 MHz, 13801 MHz, 22238 MiB, 36 %, P1
2026/06/11 15:29:21.434, 322.10 W, 50, 2842 MHz, 13801 MHz, 22238 MiB, 100 %, P1
2026/06/11 15:29:22.437, 273.17 W, 50, 2857 MHz, 13801 MHz, 22238 MiB, 34 %, P1
2026/06/11 15:29:23.449, 334.38 W, 55, 2842 MHz, 13801 MHz, 22238 MiB, 100 %, P1
2026/06/11 15:29:24.464, 309.08 W, 47, 2842 MHz, 13801 MHz, 22238 MiB, 25 %, P1
2026/06/11 15:29:25.469, 287.59 W, 51, 2857 MHz, 13801 MHz, 22238 MiB, 79 %, P1
2026/06/11 15:29:26.469, 322.31 W, 54, 2850 MHz, 13801 MHz, 22238 MiB, 99 %, P1
2026/06/11 15:29:27.486, 322.81 W, 51, 2842 MHz, 13801 MHz, 22238 MiB, 100 %, P1
2026/06/11 15:29:28.500, 291.53 W, 50, 2842 MHz, 13801 MHz, 22238 MiB, 100 %, P1
2026/06/11 15:29:29.512, 262.35 W, 47, 2850 MHz, 13801 MHz, 22238 MiB, 0 %, P1
2026/06/11 15:29:30.517, 305.85 W, 50, 2857 MHz, 13801 MHz, 22238 MiB, 100 %, P1
2026/06/11 15:29:31.529, 322.53 W, 48, 2842 MHz, 13801 MHz, 22238 MiB, 72 %, P1
2026/06/11 15:29:32.531, 283.19 W, 52, 2857 MHz, 13801 MHz, 22238 MiB, 63 %, P1
2026/06/11 15:29:33.545, 312.34 W, 48, 2842 MHz, 13801 MHz, 22238 MiB, 85 %, P1
2026/06/11 15:29:34.550, 276.64 W, 50, 2857 MHz, 13801 MHz, 22238 MiB, 49 %, P1
2026/06/11 15:29:35.565, 335.98 W, 56, 2842 MHz, 13801 MHz, 22238 MiB, 100 %, P1
2026/06/11 15:29:36.580, 255.80 W, 46, 2842 MHz, 13801 MHz, 22238 MiB, 0 %, P1
2026/06/11 15:29:37.580, 278.01 W, 45, 2850 MHz, 13801 MHz, 22238 MiB, 0 %, P1
2026/06/11 15:29:38.584, 298.15 W, 45, 2850 MHz, 13801 MHz, 22238 MiB, 0 %, P1
2026/06/11 15:29:39.591, 280.84 W, 46, 2850 MHz, 13801 MHz, 22238 MiB, 0 %, P1
2026/06/11 15:29:40.592, 283.59 W, 45, 2857 MHz, 13801 MHz, 22238 MiB, 0 %, P1
2026/06/11 15:29:41.596, 299.65 W, 52, 2857 MHz, 13801 MHz, 22238 MiB, 100 %, P1
2026/06/11 15:29:42.612, 328.52 W, 54, 2842 MHz, 13801 MHz, 22238 MiB, 100 %, P1
2026/06/11 15:29:43.623, 318.02 W, 52, 2842 MHz, 13801 MHz, 22238 MiB, 100 %, P1
2026/06/11 15:29:44.628, 263.35 W, 46, 2850 MHz, 13801 MHz, 22238 MiB, 6 %, P1
2026/06/11 15:29:45.642, 325.80 W, 55, 2850 MHz, 13801 MHz, 22238 MiB, 99 %, P1
2026/06/11 15:29:46.647, 261.86 W, 46, 2850 MHz, 13801 MHz, 22238 MiB, 6 %, P1
2026/06/11 15:29:47.652, 307.90 W, 51, 2857 MHz, 13801 MHz, 22238 MiB, 100 %, P1
2026/06/11 15:29:48.665, 298.68 W, 51, 2857 MHz, 13801 MHz, 22238 MiB, 82 %, P1
2026/06/11 15:29:49.670, 325.10 W, 55, 2842 MHz, 13801 MHz, 22238 MiB, 100 %, P1
2026/06/11 15:29:50.680, 271.36 W, 50, 2850 MHz, 13801 MHz, 22238 MiB, 23 %, P1
2026/06/11 15:29:51.688, 303.43 W, 52, 2857 MHz, 13801 MHz, 22238 MiB, 100 %, P1
2026/06/11 15:29:52.702, 302.72 W, 49, 2850 MHz, 13801 MHz, 22238 MiB, 57 %, P1
2026/06/11 15:29:53.702, 316.14 W, 53, 2850 MHz, 13801 MHz, 22238 MiB, 74 %, P1
2026/06/11 15:29:54.718, 312.76 W, 49, 2850 MHz, 13801 MHz, 22238 MiB, 59 %, P1
2026/06/11 15:29:55.719, 321.69 W, 51, 2850 MHz, 13801 MHz, 22238 MiB, 77 %, P1
2026/06/11 15:29:56.719, 306.74 W, 51, 2850 MHz, 13801 MHz, 22238 MiB, 57 %, P1
2026/06/11 15:29:57.732, 313.51 W, 51, 2850 MHz, 13801 MHz, 22238 MiB, 59 %, P1
2026/06/11 15:29:58.736, 317.22 W, 53, 2850 MHz, 13801 MHz, 22238 MiB, 75 %, P1
2026/06/11 15:29:59.751, 312.63 W, 49, 2850 MHz, 13801 MHz, 22238 MiB, 59 %, P1
2026/06/11 15:30:00.757, 311.59 W, 52, 2850 MHz, 13801 MHz, 22238 MiB, 98 %, P1
2026/06/11 15:30:01.773, 329.33 W, 55, 2842 MHz, 13801 MHz, 22238 MiB, 72 %, P1
2026/06/11 15:30:02.776, 267.91 W, 46, 2850 MHz, 13801 MHz, 22238 MiB, 32 %, P1
2026/06/11 15:30:03.787, 316.62 W, 53, 2850 MHz, 13801 MHz, 22238 MiB, 100 %, P1
2026/06/11 15:30:04.788, 340.36 W, 56, 2842 MHz, 13801 MHz, 22238 MiB, 100 %, P1
2026/06/11 15:30:05.804, 283.48 W, 47, 2842 MHz, 13801 MHz, 22238 MiB, 0 %, P1
2026/06/11 15:30:06.819, 285.31 W, 51, 2850 MHz, 13801 MHz, 22238 MiB, 99 %, P1
2026/06/11 15:30:07.820, 335.12 W, 56, 2842 MHz, 13801 MHz, 22238 MiB, 93 %, P1
2026/06/11 15:30:08.821, 245.37 W, 50, 2850 MHz, 13801 MHz, 22238 MiB, 94 %, P1
2026/06/11 15:30:09.829, 320.33 W, 53, 2850 MHz, 13801 MHz, 22238 MiB, 100 %, P1
2026/06/11 15:30:10.837, 337.62 W, 56, 2842 MHz, 13801 MHz, 22238 MiB, 100 %, P1
2026/06/11 15:30:11.838, 259.12 W, 48, 2842 MHz, 13801 MHz, 22238 MiB, 0 %, P1
2026/06/11 15:30:12.853, 281.31 W, 47, 2842 MHz, 13801 MHz, 22238 MiB, 0 %, P1
2026/06/11 15:30:13.869, 252.57 W, 50, 2857 MHz, 13801 MHz, 22238 MiB, 81 %, P1
2026/06/11 15:30:14.870, 325.73 W, 54, 2850 MHz, 13801 MHz, 22238 MiB, 100 %, P1
2026/06/11 15:30:15.871, 339.55 W, 57, 2842 MHz, 13801 MHz, 22238 MiB, 100 %, P1
2026/06/11 15:30:16.874, 286.57 W, 55, 2842 MHz, 13801 MHz, 22238 MiB, 100 %, P1
2026/06/11 15:30:17.886, 298.39 W, 46, 2842 MHz, 13801 MHz, 22238 MiB, 7 %, P1
2026/06/11 15:30:18.902, 299.50 W, 45, 2857 MHz, 13801 MHz, 22238 MiB, 5 %, P1
2026/06/11 15:30:19.903, 304.35 W, 51, 2857 MHz, 13801 MHz, 22238 MiB, 99 %, P1
2026/06/11 15:30:20.918, 323.44 W, 50, 2842 MHz, 13801 MHz, 22238 MiB, 15 %, P1
2026/06/11 15:30:21.933, 270.85 W, 46, 2850 MHz, 13801 MHz, 22238 MiB, 13 %, P1
2026/06/11 15:30:22.937, 290.76 W, 50, 2850 MHz, 13801 MHz, 22238 MiB, 99 %, P1
2026/06/11 15:30:23.948, 296.55 W, 46, 2842 MHz, 13801 MHz, 22238 MiB, 21 %, P1
2026/06/11 15:30:24.950, 295.30 W, 51, 2850 MHz, 13801 MHz, 22238 MiB, 100 %, P1
2026/06/11 15:30:25.965, 293.05 W, 46, 2842 MHz, 13801 MHz, 22238 MiB, 15 %, P1
2026/06/11 15:30:26.967, 308.48 W, 51, 2850 MHz, 13801 MHz, 22238 MiB, 100 %, P1
2026/06/11 15:30:27.980, 294.47 W, 46, 2842 MHz, 13801 MHz, 22238 MiB, 23 %, P1
2026/06/11 15:30:28.982, 299.77 W, 52, 2857 MHz, 13801 MHz, 22238 MiB, 99 %, P1
2026/06/11 15:30:29.997, 328.48 W, 53, 2842 MHz, 13801 MHz, 22238 MiB, 53 %, P1
2026/06/11 15:30:30.999, 263.80 W, 51, 2850 MHz, 13801 MHz, 22238 MiB, 98 %, P1
2026/06/11 15:30:32.012, 310.52 W, 48, 2842 MHz, 13801 MHz, 22238 MiB, 0 %, P1
2026/06/11 15:30:33.016, 278.27 W, 51, 2857 MHz, 13801 MHz, 22238 MiB, 98 %, P1
2026/06/11 15:30:34.020, 328.76 W, 52, 2842 MHz, 13801 MHz, 22238 MiB, 41 %, P1
2026/06/11 15:30:35.023, 259.54 W, 50, 2850 MHz, 13801 MHz, 22238 MiB, 71 %, P1
2026/06/11 15:30:36.036, 314.52 W, 49, 2842 MHz, 13801 MHz, 22238 MiB, 4 %, P1
2026/06/11 15:30:37.037, 276.01 W, 51, 2857 MHz, 13801 MHz, 22238 MiB, 99 %, P1
2026/06/11 15:30:38.046, 310.46 W, 48, 2842 MHz, 13801 MHz, 22238 MiB, 0 %, P1
2026/06/11 15:30:39.062, 258.86 W, 51, 2857 MHz, 13801 MHz, 22238 MiB, 98 %, P1
2026/06/11 15:30:40.074, 304.51 W, 48, 2842 MHz, 13801 MHz, 22238 MiB, 0 %, P1
2026/06/11 15:30:41.081, 255.51 W, 49, 2857 MHz, 13801 MHz, 22238 MiB, 50 %, P1
2026/06/11 15:30:42.086, 297.07 W, 51, 2850 MHz, 13801 MHz, 22238 MiB, 100 %, P1
2026/06/11 15:30:43.095, 289.49 W, 47, 2842 MHz, 13801 MHz, 22238 MiB, 0 %, P1
2026/06/11 15:30:44.103, 267.22 W, 51, 2857 MHz, 13801 MHz, 22238 MiB, 98 %, P1
2026/06/11 15:30:45.103, 295.43 W, 47, 2842 MHz, 13801 MHz, 22238 MiB, 0 %, P1
2026/06/11 15:30:46.113, 291.92 W, 52, 2857 MHz, 13801 MHz, 22238 MiB, 99 %, P1
2026/06/11 15:30:47.128, 332.98 W, 55, 2850 MHz, 13801 MHz, 22238 MiB, 100 %, P1
2026/06/11 15:30:48.143, 284.28 W, 48, 2850 MHz, 13801 MHz, 22238 MiB, 23 %, P1
2026/06/11 15:30:49.152, 294.67 W, 50, 2857 MHz, 13801 MHz, 22238 MiB, 100 %, P1
2026/06/11 15:30:50.159, 321.13 W, 55, 2842 MHz, 13801 MHz, 22238 MiB, 100 %, P1
2026/06/11 15:30:51.168, 295.30 W, 49, 2647 MHz, 13801 MHz, 22238 MiB, 30 %, P1
2026/06/11 15:30:52.169, 288.58 W, 52, 2857 MHz, 13801 MHz, 22238 MiB, 98 %, P1
2026/06/11 15:30:53.181, 324.07 W, 54, 2842 MHz, 13801 MHz, 22238 MiB, 52 %, P1
2026/06/11 15:30:54.182, 263.16 W, 47, 2857 MHz, 13801 MHz, 22238 MiB, 40 %, P1
2026/06/11 15:30:55.185, 331.10 W, 57, 2850 MHz, 13801 MHz, 22238 MiB, 90 %, P1
2026/06/11 15:30:56.186, 276.27 W, 46, 2850 MHz, 13801 MHz, 22238 MiB, 34 %, P1
2026/06/11 15:30:57.187, 315.52 W, 55, 2850 MHz, 13801 MHz, 22238 MiB, 100 %, P1
2026/06/11 15:30:58.197, 281.15 W, 47, 2842 MHz, 13801 MHz, 22238 MiB, 0 %, P1
2026/06/11 15:30:59.210, 286.27 W, 51, 2857 MHz, 13801 MHz, 22238 MiB, 62 %, P1
2026/06/11 15:31:00.210, 301.60 W, 48, 2857 MHz, 13801 MHz, 22238 MiB, 43 %, P1
2026/06/11 15:31:01.214, 288.36 W, 46, 2857 MHz, 13801 MHz, 22238 MiB, 9 %, P1
2026/06/11 15:31:02.219, 312.26 W, 47, 2857 MHz, 13801 MHz, 22238 MiB, 40 %, P1
2026/06/11 15:31:03.233, 297.68 W, 46, 2857 MHz, 13801 MHz, 22238 MiB, 35 %, P1
2026/06/11 15:31:04.234, 317.48 W, 53, 2850 MHz, 13801 MHz, 22238 MiB, 100 %, P1
2026/06/11 15:31:05.236, 343.40 W, 56, 2842 MHz, 13801 MHz, 22238 MiB, 100 %, P1
2026/06/11 15:31:06.236, 254.64 W, 48, 2842 MHz, 13801 MHz, 22238 MiB, 0 %, P1
2026/06/11 15:31:07.237, 272.36 W, 50, 2857 MHz, 13801 MHz, 22238 MiB, 100 %, P1
2026/06/11 15:31:08.239, 328.19 W, 53, 2842 MHz, 13801 MHz, 22238 MiB, 49 %, P1
2026/06/11 15:31:09.250, 274.33 W, 51, 2857 MHz, 13801 MHz, 22238 MiB, 69 %, P1
2026/06/11 15:31:10.255, 306.50 W, 50, 2850 MHz, 13801 MHz, 22238 MiB, 99 %, P1
2026/06/11 15:31:11.270, 318.78 W, 51, 2842 MHz, 13801 MHz, 22238 MiB, 32 %, P1
2026/06/11 15:31:12.271, 259.33 W, 47, 2850 MHz, 13801 MHz, 22238 MiB, 27 %, P1
2026/06/11 15:31:13.286, 308.52 W, 53, 2850 MHz, 13801 MHz, 22238 MiB, 99 %, P1
2026/06/11 15:31:14.286, 299.62 W, 48, 2842 MHz, 13801 MHz, 22238 MiB, 0 %, P1
2026/06/11 15:31:15.302, 303.08 W, 47, 2842 MHz, 13801 MHz, 22238 MiB, 0 %, P1
2026/06/11 15:31:16.303, 275.67 W, 51, 2850 MHz, 13801 MHz, 22238 MiB, 59 %, P1
2026/06/11 15:31:17.304, 328.25 W, 51, 2850 MHz, 13801 MHz, 22238 MiB, 77 %, P1
2026/06/11 15:31:18.318, 318.86 W, 51, 2850 MHz, 13801 MHz, 22238 MiB, 61 %, P1
2026/06/11 15:31:19.321, 319.75 W, 52, 2850 MHz, 13801 MHz, 22238 MiB, 59 %, P1
2026/06/11 15:31:20.335, 327.36 W, 51, 2850 MHz, 13801 MHz, 22238 MiB, 77 %, P1
2026/06/11 15:31:21.349, 313.40 W, 51, 2827 MHz, 13801 MHz, 22238 MiB, 61 %, P1
2026/06/11 15:31:22.352, 320.16 W, 51, 2850 MHz, 13801 MHz, 22238 MiB, 65 %, P1
2026/06/11 15:31:23.353, 322.51 W, 53, 2850 MHz, 13801 MHz, 22238 MiB, 77 %, P1
2026/06/11 15:31:24.368, 315.19 W, 52, 2850 MHz, 13801 MHz, 22238 MiB, 62 %, P1
2026/06/11 15:31:25.369, 319.20 W, 50, 2850 MHz, 13801 MHz, 22238 MiB, 62 %, P1
2026/06/11 15:31:26.370, 322.23 W, 55, 2850 MHz, 13801 MHz, 22238 MiB, 63 %, P1
2026/06/11 15:31:27.372, 321.02 W, 51, 2805 MHz, 13801 MHz, 22238 MiB, 77 %, P1
2026/06/11 15:31:28.386, 315.70 W, 50, 2842 MHz, 13801 MHz, 22238 MiB, 63 %, P1
2026/06/11 15:31:29.386, 323.57 W, 55, 2850 MHz, 13801 MHz, 22238 MiB, 63 %, P1
2026/06/11 15:31:30.401, 329.27 W, 52, 2850 MHz, 13801 MHz, 22238 MiB, 77 %, P1
2026/06/11 15:31:31.401, 312.15 W, 50, 2790 MHz, 13801 MHz, 22238 MiB, 60 %, P1
2026/06/11 15:31:32.403, 322.39 W, 55, 2850 MHz, 13801 MHz, 22238 MiB, 60 %, P1
2026/06/11 15:31:33.418, 325.09 W, 52, 2850 MHz, 13801 MHz, 22238 MiB, 74 %, P1
2026/06/11 15:31:34.419, 316.35 W, 52, 2850 MHz, 13801 MHz, 22238 MiB, 62 %, P1
2026/06/11 15:31:35.420, 319.70 W, 55, 2850 MHz, 13801 MHz, 22238 MiB, 63 %, P1
2026/06/11 15:31:36.434, 320.28 W, 52, 2850 MHz, 13801 MHz, 22238 MiB, 66 %, P1
2026/06/11 15:31:37.451, 319.16 W, 50, 2850 MHz, 13801 MHz, 22238 MiB, 65 %, P1
2026/06/11 15:31:38.452, 319.99 W, 55, 2850 MHz, 13801 MHz, 22238 MiB, 67 %, P1
2026/06/11 15:31:39.453, 325.24 W, 55, 2842 MHz, 13801 MHz, 22238 MiB, 70 %, P1
2026/06/11 15:31:40.468, 325.41 W, 51, 2842 MHz, 13801 MHz, 22238 MiB, 53 %, P1
2026/06/11 15:31:41.469, 318.47 W, 50, 2842 MHz, 13801 MHz, 22238 MiB, 54 %, P1
2026/06/11 15:31:42.484, 327.90 W, 53, 2842 MHz, 13801 MHz, 22238 MiB, 82 %, P1
2026/06/11 15:31:43.485, 331.14 W, 53, 2850 MHz, 13801 MHz, 22238 MiB, 58 %, P1
2026/06/11 15:31:44.485, 316.84 W, 52, 2842 MHz, 13801 MHz, 22238 MiB, 95 %, P1
2026/06/11 15:31:45.501, 326.86 W, 54, 2842 MHz, 13801 MHz, 22238 MiB, 85 %, P1
2026/06/11 15:31:46.502, 316.11 W, 52, 2842 MHz, 13801 MHz, 22238 MiB, 87 %, P1
2026/06/11 15:31:47.517, 320.02 W, 52, 2842 MHz, 13801 MHz, 22238 MiB, 86 %, P1
2026/06/11 15:31:48.519, 329.07 W, 53, 2850 MHz, 13801 MHz, 22238 MiB, 94 %, P1
2026/06/11 15:31:49.520, 308.85 W, 52, 2760 MHz, 13801 MHz, 22238 MiB, 98 %, P1
2026/06/11 15:31:50.532, 319.30 W, 50, 2842 MHz, 13801 MHz, 22238 MiB, 51 %, P1
2026/06/11 15:31:51.533, 330.97 W, 51, 2842 MHz, 13801 MHz, 22238 MiB, 41 %, P1
2026/06/11 15:31:52.533, 325.70 W, 55, 2850 MHz, 13801 MHz, 22238 MiB, 99 %, P1
2026/06/11 15:31:53.549, 301.77 W, 51, 2842 MHz, 13801 MHz, 22238 MiB, 92 %, P1
2026/06/11 15:31:54.551, 329.38 W, 49, 2842 MHz, 13801 MHz, 22238 MiB, 10 %, P1
2026/06/11 15:31:55.553, 316.83 W, 49, 2842 MHz, 13801 MHz, 22238 MiB, 5 %, P1
2026/06/11 15:31:56.564, 306.95 W, 52, 2850 MHz, 13801 MHz, 22238 MiB, 58 %, P1
2026/06/11 15:31:57.568, 308.71 W, 51, 2842 MHz, 13801 MHz, 22238 MiB, 42 %, P1
2026/06/11 15:31:58.582, 316.18 W, 51, 2850 MHz, 13801 MHz, 22238 MiB, 44 %, P1
2026/06/11 15:31:59.596, 309.34 W, 51, 2842 MHz, 13801 MHz, 22238 MiB, 71 %, P1
2026/06/11 15:32:00.603, 327.81 W, 54, 2850 MHz, 13801 MHz, 22238 MiB, 57 %, P1
2026/06/11 15:32:01.618, 321.34 W, 51, 2842 MHz, 13801 MHz, 22238 MiB, 28 %, P1
2026/06/11 15:32:02.620, 328.43 W, 51, 2842 MHz, 13801 MHz, 22238 MiB, 59 %, P1
2026/06/11 15:32:03.635, 336.14 W, 52, 2850 MHz, 13801 MHz, 22238 MiB, 63 %, P1
2026/06/11 15:32:04.635, 339.13 W, 52, 2842 MHz, 13801 MHz, 22238 MiB, 97 %, P1
2026/06/11 15:32:05.636, 335.08 W, 55, 2835 MHz, 13801 MHz, 22238 MiB, 71 %, P1
2026/06/11 15:32:06.652, 329.19 W, 50, 2850 MHz, 13801 MHz, 22238 MiB, 57 %, P1
2026/06/11 15:32:07.666, 330.71 W, 53, 2835 MHz, 13801 MHz, 22238 MiB, 70 %, P1
2026/06/11 15:32:08.680, 335.71 W, 55, 2842 MHz, 13801 MHz, 22238 MiB, 77 %, P1
2026/06/11 15:32:09.685, 326.47 W, 51, 2850 MHz, 13801 MHz, 22238 MiB, 58 %, P1
2026/06/11 15:32:10.700, 331.26 W, 52, 2842 MHz, 13801 MHz, 22238 MiB, 58 %, P1
2026/06/11 15:32:11.715, 311.61 W, 52, 2842 MHz, 13801 MHz, 22238 MiB, 71 %, P1
2026/06/11 15:32:12.718, 330.46 W, 51, 2842 MHz, 13801 MHz, 22238 MiB, 58 %, P1
2026/06/11 15:32:13.719, 322.97 W, 54, 2745 MHz, 13801 MHz, 22238 MiB, 90 %, P1
2026/06/11 15:32:14.731, 320.26 W, 53, 2850 MHz, 13801 MHz, 22238 MiB, 70 %, P1
2026/06/11 15:32:15.734, 316.29 W, 52, 2850 MHz, 13801 MHz, 22238 MiB, 76 %, P1
2026/06/11 15:32:16.735, 338.21 W, 55, 2842 MHz, 13801 MHz, 22238 MiB, 86 %, P1
2026/06/11 15:32:17.750, 328.50 W, 51, 2842 MHz, 13801 MHz, 22238 MiB, 55 %, P1
2026/06/11 15:32:18.764, 331.81 W, 52, 2842 MHz, 13801 MHz, 22238 MiB, 52 %, P1
2026/06/11 15:32:19.765, 321.34 W, 52, 2842 MHz, 13801 MHz, 22238 MiB, 66 %, P1
2026/06/11 15:32:20.767, 328.23 W, 52, 2850 MHz, 13801 MHz, 22238 MiB, 96 %, P1
2026/06/11 15:32:21.768, 336.41 W, 56, 2842 MHz, 13801 MHz, 22238 MiB, 71 %, P1
2026/06/11 15:32:22.782, 328.13 W, 51, 2842 MHz, 13801 MHz, 22238 MiB, 59 %, P1
2026/06/11 15:32:23.786, 329.20 W, 52, 2850 MHz, 13801 MHz, 22238 MiB, 55 %, P1
2026/06/11 15:32:24.786, 329.40 W, 55, 2850 MHz, 13801 MHz, 22238 MiB, 79 %, P1
2026/06/11 15:32:25.802, 325.26 W, 51, 2850 MHz, 13801 MHz, 22238 MiB, 57 %, P1
2026/06/11 15:32:26.802, 344.00 W, 55, 2850 MHz, 13801 MHz, 22238 MiB, 100 %, P1
2026/06/11 15:32:27.809, 297.84 W, 54, 2850 MHz, 13801 MHz, 22238 MiB, 60 %, P1
2026/06/11 15:32:28.823, 333.68 W, 51, 2850 MHz, 13801 MHz, 22238 MiB, 46 %, P1
2026/06/11 15:32:29.831, 334.69 W, 53, 2842 MHz, 13801 MHz, 22238 MiB, 84 %, P1
2026/06/11 15:32:30.833, 336.03 W, 55, 2835 MHz, 13801 MHz, 22238 MiB, 78 %, P1
2026/06/11 15:32:31.834, 324.56 W, 55, 2850 MHz, 13801 MHz, 22238 MiB, 67 %, P1
2026/06/11 15:32:32.837, 320.45 W, 51, 2842 MHz, 13801 MHz, 22238 MiB, 50 %, P1
2026/06/11 15:32:33.840, 322.92 W, 52, 2842 MHz, 13801 MHz, 22238 MiB, 91 %, P1
2026/06/11 15:32:34.854, 320.15 W, 51, 2850 MHz, 13801 MHz, 22238 MiB, 45 %, P1
2026/06/11 15:32:35.855, 325.20 W, 55, 2842 MHz, 13801 MHz, 22238 MiB, 73 %, P1
2026/06/11 15:32:36.870, 317.86 W, 52, 2850 MHz, 13801 MHz, 22238 MiB, 86 %, P1
2026/06/11 15:32:37.872, 330.48 W, 56, 2850 MHz, 13801 MHz, 22238 MiB, 72 %, P1
2026/06/11 15:32:38.873, 320.28 W, 54, 2850 MHz, 13801 MHz, 22238 MiB, 82 %, P1
2026/06/11 15:32:39.889, 314.26 W, 51, 2850 MHz, 13801 MHz, 22238 MiB, 54 %, P1
2026/06/11 15:32:40.893, 322.07 W, 50, 2842 MHz, 13801 MHz, 22238 MiB, 37 %, P1
2026/06/11 15:32:41.899, 316.02 W, 51, 2850 MHz, 13801 MHz, 22238 MiB, 49 %, P1
2026/06/11 15:32:42.902, 332.29 W, 52, 2850 MHz, 13801 MHz, 22238 MiB, 53 %, P1
2026/06/11 15:32:43.902, 325.70 W, 54, 2850 MHz, 13801 MHz, 22238 MiB, 99 %, P1
2026/06/11 15:32:44.911, 308.26 W, 52, 2842 MHz, 13801 MHz, 22238 MiB, 42 %, P1
2026/06/11 15:32:45.919, 319.04 W, 50, 2850 MHz, 13801 MHz, 22238 MiB, 21 %, P1
2026/06/11 15:32:46.923, 303.18 W, 51, 2842 MHz, 13801 MHz, 22238 MiB, 62 %, P1
2026/06/11 15:32:47.938, 317.21 W, 53, 2850 MHz, 13801 MHz, 22238 MiB, 98 %, P1
2026/06/11 15:32:48.938, 297.32 W, 51, 2842 MHz, 13801 MHz, 22238 MiB, 41 %, P1
2026/06/11 15:32:49.953, 296.95 W, 48, 2842 MHz, 13801 MHz, 22238 MiB, 20 %, P1
2026/06/11 15:32:50.953, 290.50 W, 51, 2842 MHz, 13801 MHz, 22238 MiB, 74 %, P1
2026/06/11 15:32:51.965, 317.83 W, 54, 2842 MHz, 13801 MHz, 22238 MiB, 93 %, P1
2026/06/11 15:32:52.969, 304.12 W, 49, 2842 MHz, 13801 MHz, 22238 MiB, 13 %, P1
2026/06/11 15:32:53.983, 306.17 W, 51, 2842 MHz, 13801 MHz, 22238 MiB, 77 %, P1
2026/06/11 15:32:54.998, 314.46 W, 54, 2850 MHz, 13801 MHz, 22238 MiB, 84 %, P1
2026/06/11 15:32:56.002, 299.64 W, 49, 2842 MHz, 13801 MHz, 22238 MiB, 13 %, P1
2026/06/11 15:32:57.017, 304.24 W, 51, 2842 MHz, 13801 MHz, 22238 MiB, 78 %, P1
2026/06/11 15:32:58.029, 312.09 W, 54, 2842 MHz, 13801 MHz, 22238 MiB, 85 %, P1
2026/06/11 15:32:59.043, 286.77 W, 49, 2842 MHz, 13801 MHz, 22238 MiB, 12 %, P1
2026/06/11 15:33:00.046, 291.64 W, 52, 2842 MHz, 13801 MHz, 22238 MiB, 84 %, P1
2026/06/11 15:33:01.047, 311.86 W, 55, 2850 MHz, 13801 MHz, 22238 MiB, 83 %, P1
2026/06/11 15:33:02.060, 298.85 W, 49, 2842 MHz, 13801 MHz, 22238 MiB, 14 %, P1
2026/06/11 15:33:03.071, 292.39 W, 51, 2842 MHz, 13801 MHz, 22238 MiB, 62 %, P1
2026/06/11 15:33:04.081, 300.31 W, 51, 2842 MHz, 13801 MHz, 22238 MiB, 98 %, P1
2026/06/11 15:33:05.086, 297.46 W, 53, 2842 MHz, 13801 MHz, 22238 MiB, 55 %, P1
2026/06/11 15:33:06.087, 298.02 W, 48, 2842 MHz, 13801 MHz, 22238 MiB, 25 %, P1
2026/06/11 15:33:07.089, 297.03 W, 52, 2842 MHz, 13801 MHz, 22238 MiB, 81 %, P1
2026/06/11 15:33:08.097, 309.14 W, 54, 2850 MHz, 13801 MHz, 22238 MiB, 93 %, P1
2026/06/11 15:33:09.099, 300.33 W, 50, 2842 MHz, 13801 MHz, 22238 MiB, 35 %, P1
2026/06/11 15:33:10.102, 294.20 W, 50, 2842 MHz, 13801 MHz, 22238 MiB, 39 %, P1
2026/06/11 15:33:11.112, 295.37 W, 52, 2842 MHz, 13801 MHz, 22238 MiB, 80 %, P1
2026/06/11 15:33:12.126, 306.15 W, 53, 2850 MHz, 13801 MHz, 22238 MiB, 97 %, P1
2026/06/11 15:33:13.135, 289.36 W, 50, 2842 MHz, 13801 MHz, 22238 MiB, 32 %, P1
2026/06/11 15:33:14.150, 295.86 W, 51, 2842 MHz, 13801 MHz, 22238 MiB, 61 %, P1
2026/06/11 15:33:15.153, 308.16 W, 55, 2850 MHz, 13801 MHz, 22238 MiB, 84 %, P1
2026/06/11 15:33:16.166, 297.37 W, 49, 2850 MHz, 13801 MHz, 22238 MiB, 12 %, P1
2026/06/11 15:33:17.181, 301.78 W, 51, 2842 MHz, 13801 MHz, 22238 MiB, 97 %, P1
2026/06/11 15:33:18.197, 309.01 W, 55, 2850 MHz, 13801 MHz, 22238 MiB, 69 %, P1
2026/06/11 15:33:19.212, 288.67 W, 49, 2850 MHz, 13801 MHz, 22238 MiB, 15 %, P1
2026/06/11 15:33:20.225, 300.41 W, 52, 2842 MHz, 13801 MHz, 22238 MiB, 91 %, P1
2026/06/11 15:33:21.240, 308.33 W, 56, 2850 MHz, 13801 MHz, 22238 MiB, 67 %, P1
2026/06/11 15:33:22.241, 286.80 W, 49, 2842 MHz, 13801 MHz, 22238 MiB, 10 %, P1
2026/06/11 15:33:23.242, 285.71 W, 51, 2842 MHz, 13801 MHz, 22238 MiB, 68 %, P1
2026/06/11 15:33:24.248, 306.36 W, 54, 2850 MHz, 13801 MHz, 22238 MiB, 98 %, P1
2026/06/11 15:33:25.249, 290.40 W, 51, 2842 MHz, 13801 MHz, 22238 MiB, 34 %, P1
2026/06/11 15:33:26.260, 295.10 W, 51, 2842 MHz, 13801 MHz, 22238 MiB, 43 %, P1
2026/06/11 15:33:27.262, 298.39 W, 52, 2842 MHz, 13801 MHz, 22238 MiB, 97 %, P1
2026/06/11 15:33:28.262, 297.08 W, 52, 2850 MHz, 13801 MHz, 22238 MiB, 46 %, P1
2026/06/11 15:33:29.278, 294.57 W, 51, 2842 MHz, 13801 MHz, 22238 MiB, 42 %, P1
2026/06/11 15:33:30.281, 297.01 W, 52, 2842 MHz, 13801 MHz, 22238 MiB, 97 %, P1
2026/06/11 15:33:31.284, 299.29 W, 52, 2842 MHz, 13801 MHz, 22238 MiB, 42 %, P1
2026/06/11 15:33:32.284, 300.10 W, 51, 2842 MHz, 13801 MHz, 22238 MiB, 58 %, P1
2026/06/11 15:33:33.298, 309.15 W, 55, 2850 MHz, 13801 MHz, 22238 MiB, 95 %, P1
2026/06/11 15:33:34.300, 287.28 W, 50, 2842 MHz, 13801 MHz, 22238 MiB, 24 %, P1
2026/06/11 15:33:35.304, 298.03 W, 51, 2842 MHz, 13801 MHz, 22238 MiB, 53 %, P1
2026/06/11 15:33:36.308, 303.05 W, 52, 2842 MHz, 13801 MHz, 22238 MiB, 97 %, P1
2026/06/11 15:33:37.323, 303.96 W, 54, 2850 MHz, 13801 MHz, 22238 MiB, 57 %, P1
2026/06/11 15:33:38.339, 291.64 W, 49, 2850 MHz, 13801 MHz, 22238 MiB, 27 %, P1
2026/06/11 15:33:39.343, 289.36 W, 53, 2842 MHz, 13801 MHz, 22238 MiB, 95 %, P1
2026/06/11 15:33:40.359, 308.40 W, 56, 2850 MHz, 13801 MHz, 22238 MiB, 72 %, P1
2026/06/11 15:33:41.367, 294.64 W, 50, 2850 MHz, 13801 MHz, 22238 MiB, 6 %, P1
2026/06/11 15:33:42.374, 286.94 W, 52, 2842 MHz, 13801 MHz, 22238 MiB, 65 %, P1
2026/06/11 15:33:43.381, 308.31 W, 54, 2850 MHz, 13801 MHz, 22238 MiB, 98 %, P1
2026/06/11 15:33:44.389, 289.93 W, 51, 2842 MHz, 13801 MHz, 22238 MiB, 34 %, P1
2026/06/11 15:33:45.397, 297.86 W, 51, 2850 MHz, 13801 MHz, 22238 MiB, 53 %, P1
2026/06/11 15:33:46.404, 305.70 W, 54, 2850 MHz, 13801 MHz, 22238 MiB, 98 %, P1
2026/06/11 15:33:47.415, 292.35 W, 51, 2842 MHz, 13801 MHz, 22238 MiB, 21 %, P1
2026/06/11 15:33:48.419, 306.65 W, 53, 2842 MHz, 13801 MHz, 22238 MiB, 85 %, P1
2026/06/11 15:33:49.427, 311.14 W, 56, 2850 MHz, 13801 MHz, 22238 MiB, 67 %, P1
2026/06/11 15:33:50.437, 293.82 W, 50, 2842 MHz, 13801 MHz, 22238 MiB, 16 %, P1
2026/06/11 15:33:51.444, 289.77 W, 53, 2842 MHz, 13801 MHz, 22238 MiB, 86 %, P1
2026/06/11 15:33:52.453, 313.32 W, 56, 2850 MHz, 13801 MHz, 22238 MiB, 75 %, P1
2026/06/11 15:33:53.461, 302.34 W, 50, 2842 MHz, 13801 MHz, 22238 MiB, 16 %, P1
2026/06/11 15:33:54.468, 290.86 W, 53, 2842 MHz, 13801 MHz, 22238 MiB, 89 %, P1
2026/06/11 15:33:55.476, 313.25 W, 56, 2850 MHz, 13801 MHz, 22238 MiB, 75 %, P1
2026/06/11 15:33:56.485, 298.05 W, 50, 2842 MHz, 13801 MHz, 22238 MiB, 13 %, P1
2026/06/11 15:33:57.493, 305.93 W, 53, 2842 MHz, 13801 MHz, 22238 MiB, 85 %, P1
2026/06/11 15:33:58.504, 310.58 W, 56, 2850 MHz, 13801 MHz, 22238 MiB, 72 %, P1
2026/06/11 15:33:59.511, 291.43 W, 49, 2850 MHz, 13801 MHz, 22238 MiB, 18 %, P1
2026/06/11 15:34:00.519, 287.13 W, 52, 2842 MHz, 13801 MHz, 22238 MiB, 85 %, P1
2026/06/11 15:34:01.528, 311.41 W, 55, 2850 MHz, 13801 MHz, 22238 MiB, 82 %, P1
2026/06/11 15:34:02.536, 298.27 W, 50, 2842 MHz, 13801 MHz, 22238 MiB, 12 %, P1
2026/06/11 15:34:03.543, 304.66 W, 53, 2842 MHz, 13801 MHz, 22238 MiB, 81 %, P1
2026/06/11 15:34:04.552, 311.85 W, 55, 2850 MHz, 13801 MHz, 22238 MiB, 87 %, P1
2026/06/11 15:34:05.562, 298.23 W, 50, 2842 MHz, 13801 MHz, 22238 MiB, 17 %, P1
2026/06/11 15:34:06.571, 288.36 W, 51, 2842 MHz, 13801 MHz, 22238 MiB, 49 %, P1
2026/06/11 15:34:07.579, 298.83 W, 52, 2842 MHz, 13801 MHz, 22238 MiB, 97 %, P1
2026/06/11 15:34:08.588, 308.79 W, 56, 2850 MHz, 13801 MHz, 22238 MiB, 70 %, P1
2026/06/11 15:34:09.599, 285.80 W, 50, 2842 MHz, 13801 MHz, 22238 MiB, 14 %, P1
2026/06/11 15:34:10.606, 302.61 W, 52, 2842 MHz, 13801 MHz, 22238 MiB, 69 %, P1
2026/06/11 15:34:11.615, 303.86 W, 54, 2850 MHz, 13801 MHz, 22238 MiB, 97 %, P1
2026/06/11 15:34:12.624, 302.84 W, 53, 2850 MHz, 13801 MHz, 22238 MiB, 49 %, P1
2026/06/11 15:34:13.632, 296.65 W, 49, 2842 MHz, 13801 MHz, 22238 MiB, 27 %, P1
2026/06/11 15:34:14.637, 302.63 W, 52, 2842 MHz, 13801 MHz, 22238 MiB, 97 %, P1
2026/06/11 15:34:15.647, 304.43 W, 56, 2850 MHz, 13801 MHz, 22238 MiB, 74 %, P1
2026/06/11 15:34:16.654, 301.86 W, 49, 2842 MHz, 13801 MHz, 22238 MiB, 33 %, P1
2026/06/11 15:34:17.662, 305.00 W, 52, 2842 MHz, 13801 MHz, 22238 MiB, 97 %, P1
2026/06/11 15:34:18.670, 310.58 W, 54, 2850 MHz, 13801 MHz, 22238 MiB, 58 %, P1
2026/06/11 15:34:19.679, 303.79 W, 50, 2842 MHz, 13801 MHz, 22238 MiB, 36 %, P1
2026/06/11 15:34:20.688, 311.59 W, 55, 2850 MHz, 13801 MHz, 22238 MiB, 92 %, P1
2026/06/11 15:34:21.697, 287.47 W, 51, 2842 MHz, 13801 MHz, 22238 MiB, 17 %, P1
2026/06/11 15:34:22.705, 294.82 W, 52, 2842 MHz, 13801 MHz, 22238 MiB, 68 %, P1
2026/06/11 15:34:23.713, 313.95 W, 55, 2850 MHz, 13801 MHz, 22238 MiB, 96 %, P1
2026/06/11 15:34:24.722, 302.36 W, 52, 2842 MHz, 13801 MHz, 22238 MiB, 37 %, P1
2026/06/11 15:34:25.729, 293.71 W, 49, 2842 MHz, 13801 MHz, 22238 MiB, 28 %, P1
2026/06/11 15:34:26.737, 287.34 W, 52, 2842 MHz, 13801 MHz, 22238 MiB, 85 %, P1
2026/06/11 15:34:27.746, 309.57 W, 55, 2850 MHz, 13801 MHz, 22238 MiB, 87 %, P1
2026/06/11 15:34:28.751, 285.33 W, 51, 2842 MHz, 13801 MHz, 22238 MiB, 25 %, P1
2026/06/11 15:34:29.760, 298.38 W, 53, 2842 MHz, 13801 MHz, 22238 MiB, 81 %, P1
2026/06/11 15:34:30.767, 309.85 W, 57, 2842 MHz, 13801 MHz, 22238 MiB, 66 %, P1
2026/06/11 15:34:31.777, 301.02 W, 49, 2842 MHz, 13801 MHz, 22238 MiB, 28 %, P1
2026/06/11 15:34:32.785, 308.65 W, 53, 2842 MHz, 13801 MHz, 22238 MiB, 97 %, P1
2026/06/11 15:34:33.793, 309.85 W, 52, 2850 MHz, 13801 MHz, 22238 MiB, 38 %, P1
2026/06/11 15:34:34.802, 305.41 W, 52, 2842 MHz, 13801 MHz, 22238 MiB, 65 %, P1
2026/06/11 15:34:35.809, 312.85 W, 56, 2850 MHz, 13801 MHz, 22238 MiB, 89 %, P1
2026/06/11 15:34:36.819, 288.24 W, 51, 2842 MHz, 13801 MHz, 22238 MiB, 18 %, P1
2026/06/11 15:34:37.824, 292.64 W, 51, 2842 MHz, 13801 MHz, 22238 MiB, 52 %, P1
2026/06/11 15:34:38.833, 309.47 W, 55, 2850 MHz, 13801 MHz, 22238 MiB, 98 %, P1
2026/06/11 15:34:39.840, 303.64 W, 51, 2842 MHz, 13801 MHz, 22238 MiB, 21 %, P1
2026/06/11 15:34:40.849, 304.14 W, 52, 2842 MHz, 13801 MHz, 22238 MiB, 68 %, P1
2026/06/11 15:34:41.858, 316.15 W, 55, 2850 MHz, 13801 MHz, 22238 MiB, 95 %, P1
2026/06/11 15:34:42.866, 309.23 W, 53, 2842 MHz, 13801 MHz, 22238 MiB, 98 %, P1
2026/06/11 15:34:43.876, 305.07 W, 49, 2842 MHz, 13801 MHz, 22238 MiB, 0 %, P1
2026/06/11 15:34:44.887, 321.20 W, 54, 2850 MHz, 13801 MHz, 22238 MiB, 99 %, P1
2026/06/11 15:34:45.898, 300.85 W, 52, 2842 MHz, 13801 MHz, 22238 MiB, 97 %, P1
2026/06/11 15:34:46.903, 320.03 W, 55, 2842 MHz, 13801 MHz, 22238 MiB, 64 %, P1
2026/06/11 15:34:47.912, 312.51 W, 49, 2850 MHz, 13801 MHz, 22238 MiB, 2 %, P1
2026/06/11 15:34:48.920, 319.02 W, 53, 2850 MHz, 13801 MHz, 22238 MiB, 63 %, P1
2026/06/11 15:34:49.927, 336.24 W, 56, 2850 MHz, 13801 MHz, 22238 MiB, 88 %, P1
2026/06/11 15:34:50.935, 309.45 W, 53, 2850 MHz, 13801 MHz, 22238 MiB, 55 %, P1
2026/06/11 15:34:51.945, 333.99 W, 54, 2850 MHz, 13801 MHz, 22238 MiB, 75 %, P1
2026/06/11 15:34:52.955, 310.42 W, 52, 2850 MHz, 13801 MHz, 22238 MiB, 82 %, P1
2026/06/11 15:34:53.962, 321.67 W, 56, 2842 MHz, 13801 MHz, 22238 MiB, 71 %, P1
2026/06/11 15:34:54.970, 321.59 W, 53, 2745 MHz, 13801 MHz, 22238 MiB, 55 %, P1
2026/06/11 15:34:55.978, 316.16 W, 52, 2835 MHz, 13801 MHz, 22238 MiB, 83 %, P1
2026/06/11 15:34:56.986, 332.36 W, 52, 2842 MHz, 13801 MHz, 22238 MiB, 47 %, P1
2026/06/11 15:34:57.995, 307.87 W, 53, 2835 MHz, 13801 MHz, 22238 MiB, 98 %, P1
2026/06/11 15:34:59.006, 313.00 W, 52, 2842 MHz, 13801 MHz, 22238 MiB, 98 %, P1
2026/06/11 15:35:00.013, 321.54 W, 53, 2842 MHz, 13801 MHz, 22238 MiB, 58 %, P1
2026/06/11 15:35:01.019, 332.07 W, 53, 2842 MHz, 13801 MHz, 22238 MiB, 85 %, P1
2026/06/11 15:35:02.026, 322.32 W, 53, 2850 MHz, 13801 MHz, 22238 MiB, 94 %, P1
2026/06/11 15:35:03.034, 323.67 W, 53, 2842 MHz, 13801 MHz, 22238 MiB, 60 %, P1
2026/06/11 15:35:04.041, 318.53 W, 48, 2835 MHz, 13801 MHz, 22238 MiB, 22 %, P1
2026/06/11 15:35:05.050, 317.45 W, 51, 2850 MHz, 13801 MHz, 22238 MiB, 21 %, P1
2026/06/11 15:35:06.059, 322.19 W, 56, 2850 MHz, 13801 MHz, 22238 MiB, 99 %, P1
2026/06/11 15:35:07.065, 304.99 W, 52, 2850 MHz, 13801 MHz, 22238 MiB, 56 %, P1
2026/06/11 15:35:08.071, 324.81 W, 52, 2842 MHz, 13801 MHz, 22238 MiB, 98 %, P1
2026/06/11 15:35:09.079, 306.79 W, 53, 2842 MHz, 13801 MHz, 22238 MiB, 97 %, P1
2026/06/11 15:35:10.086, 321.23 W, 52, 2842 MHz, 13801 MHz, 22238 MiB, 52 %, P1
2026/06/11 15:35:11.097, 313.56 W, 51, 2842 MHz, 13801 MHz, 22238 MiB, 55 %, P1
2026/06/11 15:35:12.104, 318.71 W, 55, 2842 MHz, 13801 MHz, 22238 MiB, 80 %, P1
2026/06/11 15:35:13.112, 335.28 W, 54, 2842 MHz, 13801 MHz, 22238 MiB, 79 %, P1
2026/06/11 15:35:14.119, 207.73 W, 45, 2857 MHz, 13801 MHz, 22238 MiB, 0 %, P1
2026/06/11 15:35:15.132, 106.99 W, 43, 2925 MHz, 13801 MHz, 22238 MiB, 0 %, P1
2026/06/11 15:35:16.140, 56.02 W, 40, 615 MHz, 7001 MHz, 22238 MiB, 0 %, P3
2026/06/11 15:35:17.151, 46.11 W, 39, 435 MHz, 7001 MHz, 22238 MiB, 0 %, P3
2026/06/11 15:35:18.158, 41.40 W, 38, 240 MHz, 7001 MHz, 22238 MiB, 0 %, P3
2026/06/11 15:35:19.169, 39.75 W, 38, 195 MHz, 7001 MHz, 22238 MiB, 0 %, P3
2026/06/11 15:35:20.181, 37.02 W, 37, 195 MHz, 7001 MHz, 22238 MiB, 0 %, P3
2026/06/11 15:35:21.194, 28.16 W, 36, 195 MHz, 810 MHz, 22238 MiB, 0 %, P5
2026/06/11 15:35:22.203, 22.86 W, 36, 195 MHz, 405 MHz, 22238 MiB, 0 %, P8
2026/06/11 15:35:23.214, 22.01 W, 35, 195 MHz, 405 MHz, 22238 MiB, 0 %, P8
2026/06/11 15:35:24.227, 21.24 W, 35, 195 MHz, 405 MHz, 22238 MiB, 0 %, P8
2026/06/11 15:35:25.239, 22.12 W, 35, 195 MHz, 405 MHz, 22238 MiB, 0 %, P8
2026/06/11 15:35:26.252, 22.19 W, 35, 195 MHz, 405 MHz, 22238 MiB, 0 %, P8
2026/06/11 15:35:27.264, 21.97 W, 35, 195 MHz, 405 MHz, 22238 MiB, 0 %, P8
2026/06/11 15:35:28.277, 22.84 W, 35, 195 MHz, 405 MHz, 22238 MiB, 0 %, P8
2026/06/11 15:35:29.287, 21.26 W, 35, 195 MHz, 405 MHz, 22238 MiB, 0 %, P8
2026/06/11 15:35:30.302, 21.73 W, 35, 195 MHz, 405 MHz, 22238 MiB, 0 %, P8
2026/06/11 15:35:31.307, 21.28 W, 35, 195 MHz, 405 MHz, 22240 MiB, 3 %, P8
2026/06/11 15:35:32.307, 28.25 W, 35, 615 MHz, 405 MHz, 22240 MiB, 0 %, P8
2026/06/11 15:35:33.308, 28.61 W, 34, 375 MHz, 405 MHz, 22374 MiB, 0 %, P8
2026/06/11 15:35:34.311, 29.30 W, 35, 225 MHz, 405 MHz, 22396 MiB, 14 %, P8
2026/06/11 15:35:35.320, 28.44 W, 35, 217 MHz, 405 MHz, 22398 MiB, 0 %, P8
2026/06/11 15:35:36.326, 78.30 W, 37, 2955 MHz, 13801 MHz, 22424 MiB, 0 %, P1
2026/06/11 15:35:37.332, 100.74 W, 38, 2955 MHz, 13801 MHz, 22424 MiB, 1 %, P1
2026/06/11 15:35:38.336, 53.27 W, 36, 727 MHz, 7001 MHz, 22424 MiB, 0 %, P3
2026/06/11 15:35:39.343, 37.69 W, 35, 532 MHz, 7001 MHz, 22424 MiB, 0 %, P3
2026/06/11 15:35:40.357, 34.65 W, 35, 375 MHz, 7001 MHz, 22424 MiB, 0 %, P3
2026/06/11 15:35:41.362, 36.79 W, 35, 300 MHz, 7001 MHz, 22424 MiB, 0 %, P3
2026/06/11 15:35:42.365, 30.29 W, 35, 232 MHz, 810 MHz, 22426 MiB, 2 %, P5
2026/06/11 15:35:43.369, 106.28 W, 40, 2842 MHz, 13801 MHz, 22426 MiB, 15 %, P1
2026/06/11 15:35:44.373, 269.69 W, 45, 2902 MHz, 13801 MHz, 22426 MiB, 32 %, P1
2026/06/11 15:35:45.376, 274.71 W, 45, 2880 MHz, 13801 MHz, 22426 MiB, 40 %, P1
2026/06/11 15:35:46.379, 281.45 W, 50, 2842 MHz, 13801 MHz, 22426 MiB, 55 %, P1
2026/06/11 15:35:47.382, 277.76 W, 48, 2850 MHz, 13801 MHz, 22426 MiB, 57 %, P1
2026/06/11 15:35:48.386, 279.46 W, 48, 2850 MHz, 13801 MHz, 22426 MiB, 33 %, P1
2026/06/11 15:35:49.389, 284.24 W, 50, 2842 MHz, 13801 MHz, 22426 MiB, 53 %, P1
2026/06/11 15:35:50.391, 278.79 W, 50, 2850 MHz, 13801 MHz, 22426 MiB, 58 %, P1
2026/06/11 15:35:51.395, 279.99 W, 50, 2850 MHz, 13801 MHz, 22426 MiB, 36 %, P1
2026/06/11 15:35:52.400, 274.42 W, 49, 2850 MHz, 13801 MHz, 22426 MiB, 30 %, P1
2026/06/11 15:35:53.403, 281.15 W, 49, 2842 MHz, 13801 MHz, 22426 MiB, 44 %, P1
2026/06/11 15:35:54.406, 282.27 W, 52, 2842 MHz, 13801 MHz, 22426 MiB, 54 %, P1
2026/06/11 15:35:55.410, 278.97 W, 51, 2850 MHz, 13801 MHz, 22426 MiB, 58 %, P1
2026/06/11 15:35:56.413, 288.81 W, 50, 2850 MHz, 13801 MHz, 22426 MiB, 34 %, P1
2026/06/11 15:35:57.414, 296.28 W, 52, 2842 MHz, 13801 MHz, 22426 MiB, 53 %, P1
2026/06/11 15:35:58.418, 280.71 W, 51, 2850 MHz, 13801 MHz, 22426 MiB, 56 %, P1
2026/06/11 15:35:59.421, 285.16 W, 52, 2850 MHz, 13801 MHz, 22426 MiB, 34 %, P1
2026/06/11 15:36:00.425, 279.80 W, 50, 2850 MHz, 13801 MHz, 22426 MiB, 27 %, P1
2026/06/11 15:36:01.427, 286.78 W, 53, 2842 MHz, 13801 MHz, 22426 MiB, 53 %, P1
2026/06/11 15:36:02.432, 286.53 W, 52, 2850 MHz, 13801 MHz, 22426 MiB, 57 %, P1
2026/06/11 15:36:03.436, 284.51 W, 52, 2850 MHz, 13801 MHz, 22426 MiB, 36 %, P1
2026/06/11 15:36:04.440, 277.76 W, 50, 2850 MHz, 13801 MHz, 22426 MiB, 29 %, P1
2026/06/11 15:36:05.441, 291.28 W, 51, 2842 MHz, 13801 MHz, 22426 MiB, 41 %, P1
2026/06/11 15:36:06.444, 286.29 W, 54, 2842 MHz, 13801 MHz, 22426 MiB, 52 %, P1
2026/06/11 15:36:07.449, 283.03 W, 53, 2850 MHz, 13801 MHz, 22426 MiB, 59 %, P1
2026/06/11 15:36:08.451, 288.15 W, 53, 2850 MHz, 13801 MHz, 22426 MiB, 37 %, P1
2026/06/11 15:36:09.455, 280.69 W, 52, 2850 MHz, 13801 MHz, 22426 MiB, 30 %, P1
2026/06/11 15:36:10.457, 294.78 W, 53, 2842 MHz, 13801 MHz, 22426 MiB, 47 %, P1
2026/06/11 15:36:11.459, 288.87 W, 54, 2850 MHz, 13801 MHz, 22426 MiB, 56 %, P1
2026/06/11 15:36:12.472, 292.62 W, 52, 2850 MHz, 13801 MHz, 22426 MiB, 43 %, P1
2026/06/11 15:36:13.486, 284.37 W, 52, 2850 MHz, 13801 MHz, 22426 MiB, 33 %, P1
2026/06/11 15:36:14.500, 288.39 W, 51, 2850 MHz, 13801 MHz, 22426 MiB, 34 %, P1
2026/06/11 15:36:15.512, 289.54 W, 53, 2842 MHz, 13801 MHz, 22426 MiB, 50 %, P1
2026/06/11 15:36:16.527, 290.45 W, 54, 2850 MHz, 13801 MHz, 22426 MiB, 57 %, P1
2026/06/11 15:36:17.532, 293.03 W, 53, 2850 MHz, 13801 MHz, 22426 MiB, 50 %, P1
2026/06/11 15:36:18.544, 283.14 W, 53, 2850 MHz, 13801 MHz, 22426 MiB, 37 %, P1
2026/06/11 15:36:19.552, 282.86 W, 54, 2850 MHz, 13801 MHz, 22426 MiB, 50 %, P1
2026/06/11 15:36:20.553, 258.20 W, 51, 2850 MHz, 13801 MHz, 22426 MiB, 14 %, P1
2026/06/11 15:36:21.553, 255.06 W, 52, 2850 MHz, 13801 MHz, 22426 MiB, 50 %, P1
2026/06/11 15:36:22.568, 246.88 W, 50, 2850 MHz, 13801 MHz, 22426 MiB, 29 %, P1
2026/06/11 15:36:23.586, 261.66 W, 52, 2850 MHz, 13801 MHz, 22426 MiB, 39 %, P1
2026/06/11 15:36:24.587, 233.29 W, 50, 2850 MHz, 13801 MHz, 22426 MiB, 29 %, P1
2026/06/11 15:36:25.590, 235.04 W, 50, 2775 MHz, 13801 MHz, 22426 MiB, 22 %, P1
2026/06/11 15:36:26.606, 238.35 W, 53, 2850 MHz, 13801 MHz, 22426 MiB, 46 %, P1
2026/06/11 15:36:27.610, 240.20 W, 49, 2850 MHz, 13801 MHz, 22426 MiB, 21 %, P1
2026/06/11 15:36:28.611, 270.03 W, 52, 2850 MHz, 13801 MHz, 22426 MiB, 53 %, P1
2026/06/11 15:36:29.619, 245.63 W, 52, 2850 MHz, 13801 MHz, 22426 MiB, 47 %, P1
2026/06/11 15:36:30.624, 234.57 W, 49, 2842 MHz, 13801 MHz, 22426 MiB, 31 %, P1
2026/06/11 15:36:31.639, 225.91 W, 51, 2820 MHz, 13801 MHz, 22426 MiB, 46 %, P1
2026/06/11 15:36:32.652, 242.44 W, 50, 2850 MHz, 13801 MHz, 22426 MiB, 42 %, P1
2026/06/11 15:36:33.661, 248.93 W, 51, 2850 MHz, 13801 MHz, 22426 MiB, 46 %, P1
2026/06/11 15:36:34.676, 252.73 W, 53, 2850 MHz, 13801 MHz, 22426 MiB, 54 %, P1
2026/06/11 15:36:35.677, 254.93 W, 52, 2850 MHz, 13801 MHz, 22426 MiB, 63 %, P1
2026/06/11 15:36:36.686, 235.73 W, 49, 2850 MHz, 13801 MHz, 22426 MiB, 28 %, P1
2026/06/11 15:36:37.700, 252.16 W, 51, 2850 MHz, 13801 MHz, 22426 MiB, 42 %, P1
2026/06/11 15:36:38.712, 246.04 W, 51, 2850 MHz, 13801 MHz, 22426 MiB, 39 %, P1
2026/06/11 15:36:39.720, 255.18 W, 50, 2850 MHz, 13801 MHz, 22426 MiB, 22 %, P1
2026/06/11 15:36:40.731, 240.44 W, 52, 2850 MHz, 13801 MHz, 22426 MiB, 48 %, P1
2026/06/11 15:36:41.732, 230.64 W, 49, 2782 MHz, 13801 MHz, 22426 MiB, 19 %, P1
2026/06/11 15:36:42.736, 235.63 W, 49, 2850 MHz, 13801 MHz, 22426 MiB, 17 %, P1
2026/06/11 15:36:43.737, 242.30 W, 50, 2850 MHz, 13801 MHz, 22426 MiB, 11 %, P1
2026/06/11 15:36:44.746, 250.36 W, 52, 2850 MHz, 13801 MHz, 22426 MiB, 42 %, P1
2026/06/11 15:36:45.753, 256.57 W, 53, 2850 MHz, 13801 MHz, 22426 MiB, 37 %, P1
2026/06/11 15:36:46.763, 259.69 W, 51, 2850 MHz, 13801 MHz, 22426 MiB, 37 %, P1
2026/06/11 15:36:47.766, 268.13 W, 52, 2842 MHz, 13801 MHz, 22426 MiB, 21 %, P1
2026/06/11 15:36:48.781, 255.61 W, 54, 2850 MHz, 13801 MHz, 22426 MiB, 52 %, P1
2026/06/11 15:36:49.795, 253.33 W, 55, 2850 MHz, 13801 MHz, 22426 MiB, 50 %, P1
2026/06/11 15:36:50.803, 256.27 W, 51, 2850 MHz, 13801 MHz, 22426 MiB, 21 %, P1
2026/06/11 15:36:51.816, 252.02 W, 52, 2850 MHz, 13801 MHz, 22426 MiB, 32 %, P1
2026/06/11 15:36:52.819, 258.45 W, 52, 2850 MHz, 13801 MHz, 22426 MiB, 43 %, P1
2026/06/11 15:36:53.832, 262.18 W, 53, 2850 MHz, 13801 MHz, 22426 MiB, 55 %, P1
2026/06/11 15:36:54.836, 246.96 W, 53, 2850 MHz, 13801 MHz, 22426 MiB, 49 %, P1
2026/06/11 15:36:55.849, 253.45 W, 54, 2850 MHz, 13801 MHz, 22426 MiB, 46 %, P1
2026/06/11 15:36:56.850, 249.75 W, 52, 2850 MHz, 13801 MHz, 22426 MiB, 31 %, P1
2026/06/11 15:36:57.852, 253.39 W, 52, 2842 MHz, 13801 MHz, 22426 MiB, 21 %, P1
2026/06/11 15:36:58.854, 254.45 W, 54, 2850 MHz, 13801 MHz, 22426 MiB, 49 %, P1
2026/06/11 15:36:59.866, 258.42 W, 54, 2850 MHz, 13801 MHz, 22426 MiB, 54 %, P1
2026/06/11 15:37:00.869, 253.99 W, 54, 2850 MHz, 13801 MHz, 22426 MiB, 59 %, P1
2026/06/11 15:37:01.884, 244.95 W, 54, 2827 MHz, 13801 MHz, 22426 MiB, 37 %, P1
2026/06/11 15:37:02.885, 251.03 W, 52, 2850 MHz, 13801 MHz, 22426 MiB, 17 %, P1
2026/06/11 15:37:03.887, 261.77 W, 55, 2850 MHz, 13801 MHz, 22426 MiB, 59 %, P1
2026/06/11 15:37:04.887, 265.81 W, 53, 2850 MHz, 13801 MHz, 22426 MiB, 31 %, P1
2026/06/11 15:37:05.902, 256.95 W, 56, 2850 MHz, 13801 MHz, 22426 MiB, 52 %, P1
2026/06/11 15:37:06.903, 255.83 W, 53, 2850 MHz, 13801 MHz, 22426 MiB, 25 %, P1
2026/06/11 15:37:07.920, 266.64 W, 56, 2850 MHz, 13801 MHz, 22426 MiB, 60 %, P1
2026/06/11 15:37:08.937, 258.88 W, 52, 2850 MHz, 13801 MHz, 22426 MiB, 12 %, P1
2026/06/11 15:37:09.952, 256.54 W, 56, 2850 MHz, 13801 MHz, 22426 MiB, 54 %, P1
2026/06/11 15:37:10.968, 249.98 W, 55, 2850 MHz, 13801 MHz, 22426 MiB, 44 %, P1
2026/06/11 15:37:11.983, 244.35 W, 53, 2842 MHz, 13801 MHz, 22426 MiB, 43 %, P1
2026/06/11 15:37:12.987, 263.89 W, 55, 2850 MHz, 13801 MHz, 22426 MiB, 62 %, P1
2026/06/11 15:37:14.003, 256.49 W, 53, 2850 MHz, 13801 MHz, 22426 MiB, 30 %, P1
2026/06/11 15:37:15.003, 250.44 W, 53, 2850 MHz, 13801 MHz, 22426 MiB, 22 %, P1
2026/06/11 15:37:16.019, 247.29 W, 53, 2850 MHz, 13801 MHz, 22426 MiB, 31 %, P1
2026/06/11 15:37:17.036, 247.78 W, 53, 2842 MHz, 13801 MHz, 22426 MiB, 28 %, P1
2026/06/11 15:37:18.048, 252.26 W, 53, 2850 MHz, 13801 MHz, 22426 MiB, 30 %, P1
2026/06/11 15:37:19.054, 257.61 W, 53, 2850 MHz, 13801 MHz, 22426 MiB, 43 %, P1
2026/06/11 15:37:20.069, 260.51 W, 57, 2850 MHz, 13801 MHz, 22426 MiB, 50 %, P1
2026/06/11 15:37:21.084, 253.33 W, 55, 2827 MHz, 13801 MHz, 22426 MiB, 59 %, P1
2026/06/11 15:37:22.099, 251.48 W, 54, 2850 MHz, 13801 MHz, 22426 MiB, 62 %, P1
2026/06/11 15:37:23.103, 261.65 W, 52, 2850 MHz, 13801 MHz, 22426 MiB, 29 %, P1
2026/06/11 15:37:24.118, 265.44 W, 55, 2850 MHz, 13801 MHz, 22426 MiB, 48 %, P1
2026/06/11 15:37:25.119, 253.55 W, 56, 2850 MHz, 13801 MHz, 22426 MiB, 57 %, P1
2026/06/11 15:37:26.133, 252.90 W, 54, 2850 MHz, 13801 MHz, 22426 MiB, 62 %, P1
2026/06/11 15:37:27.148, 245.68 W, 54, 2805 MHz, 13801 MHz, 22426 MiB, 63 %, P1
2026/06/11 15:37:28.152, 251.88 W, 52, 2850 MHz, 13801 MHz, 22426 MiB, 14 %, P1
2026/06/11 15:37:29.167, 253.29 W, 54, 2850 MHz, 13801 MHz, 22426 MiB, 45 %, P1
2026/06/11 15:37:30.179, 257.64 W, 56, 2850 MHz, 13801 MHz, 22426 MiB, 52 %, P1
2026/06/11 15:37:31.186, 263.63 W, 52, 2850 MHz, 13801 MHz, 22426 MiB, 25 %, P1
2026/06/11 15:37:32.199, 246.44 W, 52, 2850 MHz, 13801 MHz, 22426 MiB, 28 %, P1
2026/06/11 15:37:33.202, 274.70 W, 53, 2850 MHz, 13801 MHz, 22426 MiB, 25 %, P1
2026/06/11 15:37:34.219, 250.48 W, 52, 2857 MHz, 13801 MHz, 22426 MiB, 21 %, P1
2026/06/11 15:37:35.220, 248.03 W, 53, 2850 MHz, 13801 MHz, 22426 MiB, 27 %, P1
2026/06/11 15:37:36.235, 264.37 W, 56, 2850 MHz, 13801 MHz, 22426 MiB, 49 %, P1
2026/06/11 15:37:37.251, 261.92 W, 54, 2842 MHz, 13801 MHz, 22426 MiB, 40 %, P1
2026/06/11 15:37:38.263, 266.59 W, 55, 2850 MHz, 13801 MHz, 22426 MiB, 50 %, P1
2026/06/11 15:37:39.278, 241.44 W, 52, 2850 MHz, 13801 MHz, 22426 MiB, 16 %, P1
2026/06/11 15:37:40.291, 261.96 W, 54, 2850 MHz, 13801 MHz, 22426 MiB, 41 %, P1
2026/06/11 15:37:41.302, 256.87 W, 56, 2850 MHz, 13801 MHz, 22426 MiB, 53 %, P1
2026/06/11 15:37:42.309, 244.48 W, 53, 2842 MHz, 13801 MHz, 22426 MiB, 43 %, P1
2026/06/11 15:37:43.310, 241.82 W, 53, 2850 MHz, 13801 MHz, 22426 MiB, 41 %, P1
2026/06/11 15:37:44.311, 246.63 W, 53, 2850 MHz, 13801 MHz, 22426 MiB, 45 %, P1
2026/06/11 15:37:45.317, 237.95 W, 53, 2797 MHz, 13801 MHz, 22426 MiB, 24 %, P1
2026/06/11 15:37:46.320, 267.20 W, 56, 2850 MHz, 13801 MHz, 22426 MiB, 51 %, P1
2026/06/11 15:37:47.336, 260.72 W, 53, 2850 MHz, 13801 MHz, 22426 MiB, 23 %, P1
2026/06/11 15:37:48.343, 256.17 W, 52, 2850 MHz, 13801 MHz, 22426 MiB, 19 %, P1
2026/06/11 15:37:49.345, 249.52 W, 52, 2842 MHz, 13801 MHz, 22426 MiB, 13 %, P1
2026/06/11 15:37:50.346, 240.22 W, 52, 2850 MHz, 13801 MHz, 22426 MiB, 19 %, P1
2026/06/11 15:37:51.347, 241.71 W, 52, 2850 MHz, 13801 MHz, 22426 MiB, 21 %, P1
2026/06/11 15:37:52.348, 241.92 W, 53, 2842 MHz, 13801 MHz, 22426 MiB, 38 %, P1
2026/06/11 15:37:53.349, 248.99 W, 52, 2850 MHz, 13801 MHz, 22426 MiB, 21 %, P1
2026/06/11 15:37:54.351, 260.48 W, 56, 2850 MHz, 13801 MHz, 22426 MiB, 53 %, P1
2026/06/11 15:37:55.353, 252.85 W, 54, 2850 MHz, 13801 MHz, 22426 MiB, 46 %, P1
2026/06/11 15:37:56.355, 244.92 W, 53, 2850 MHz, 13801 MHz, 22426 MiB, 41 %, P1
2026/06/11 15:37:57.359, 259.55 W, 53, 2850 MHz, 13801 MHz, 22426 MiB, 21 %, P1
2026/06/11 15:37:58.361, 244.63 W, 52, 2850 MHz, 13801 MHz, 22426 MiB, 21 %, P1
2026/06/11 15:37:59.371, 258.18 W, 53, 2842 MHz, 13801 MHz, 22426 MiB, 22 %, P1
2026/06/11 15:38:00.385, 270.53 W, 53, 2850 MHz, 13801 MHz, 22426 MiB, 29 %, P1
2026/06/11 15:38:01.387, 251.16 W, 52, 2850 MHz, 13801 MHz, 22426 MiB, 11 %, P1
2026/06/11 15:38:02.403, 246.91 W, 52, 2850 MHz, 13801 MHz, 22426 MiB, 22 %, P1
2026/06/11 15:38:03.418, 260.67 W, 54, 2850 MHz, 13801 MHz, 22426 MiB, 40 %, P1
2026/06/11 15:38:04.420, 262.82 W, 53, 2850 MHz, 13801 MHz, 22426 MiB, 23 %, P1
2026/06/11 15:38:05.435, 275.36 W, 54, 2850 MHz, 13801 MHz, 22426 MiB, 32 %, P1
2026/06/11 15:38:06.436, 250.45 W, 52, 2857 MHz, 13801 MHz, 22426 MiB, 25 %, P1
2026/06/11 15:38:07.451, 270.89 W, 56, 2850 MHz, 13801 MHz, 22426 MiB, 52 %, P1
2026/06/11 15:38:08.454, 260.67 W, 53, 2850 MHz, 13801 MHz, 22426 MiB, 25 %, P1
2026/06/11 15:38:09.468, 244.90 W, 53, 2850 MHz, 13801 MHz, 22426 MiB, 26 %, P1
2026/06/11 15:38:10.482, 256.58 W, 52, 2850 MHz, 13801 MHz, 22426 MiB, 19 %, P1
2026/06/11 15:38:11.483, 246.60 W, 52, 2850 MHz, 13801 MHz, 22426 MiB, 25 %, P1
2026/06/11 15:38:12.498, 260.61 W, 54, 2842 MHz, 13801 MHz, 22426 MiB, 50 %, P1
2026/06/11 15:38:13.500, 254.58 W, 55, 2842 MHz, 13801 MHz, 22426 MiB, 49 %, P1
2026/06/11 15:38:14.503, 253.12 W, 55, 2850 MHz, 13801 MHz, 22426 MiB, 49 %, P1
2026/06/11 15:38:15.517, 256.66 W, 54, 2850 MHz, 13801 MHz, 22426 MiB, 49 %, P1
2026/06/11 15:38:16.518, 239.76 W, 52, 2850 MHz, 13801 MHz, 22426 MiB, 36 %, P1
2026/06/11 15:38:17.520, 259.71 W, 52, 2850 MHz, 13801 MHz, 22426 MiB, 21 %, P1
2026/06/11 15:38:18.534, 253.44 W, 54, 2850 MHz, 13801 MHz, 22426 MiB, 24 %, P1
2026/06/11 15:38:19.550, 245.08 W, 53, 2850 MHz, 13801 MHz, 22426 MiB, 25 %, P1
2026/06/11 15:38:20.564, 248.22 W, 52, 2850 MHz, 13801 MHz, 22426 MiB, 29 %, P1
2026/06/11 15:38:21.579, 245.51 W, 52, 2850 MHz, 13801 MHz, 22426 MiB, 27 %, P1
2026/06/11 15:38:22.584, 268.84 W, 55, 2850 MHz, 13801 MHz, 22426 MiB, 50 %, P1
2026/06/11 15:38:23.586, 253.10 W, 53, 2850 MHz, 13801 MHz, 22426 MiB, 42 %, P1
2026/06/11 15:38:24.603, 258.04 W, 54, 2850 MHz, 13801 MHz, 22426 MiB, 46 %, P1
2026/06/11 15:38:25.618, 260.53 W, 54, 2850 MHz, 13801 MHz, 22426 MiB, 57 %, P1
2026/06/11 15:38:26.634, 280.29 W, 55, 2850 MHz, 13801 MHz, 22426 MiB, 54 %, P1
2026/06/11 15:38:27.635, 248.67 W, 52, 2850 MHz, 13801 MHz, 22426 MiB, 27 %, P1
2026/06/11 15:38:28.646, 244.91 W, 52, 2850 MHz, 13801 MHz, 22426 MiB, 26 %, P1
2026/06/11 15:38:29.653, 247.35 W, 51, 2842 MHz, 13801 MHz, 22426 MiB, 22 %, P1
2026/06/11 15:38:30.653, 260.32 W, 52, 2850 MHz, 13801 MHz, 22426 MiB, 45 %, P1
2026/06/11 15:38:31.666, 249.23 W, 52, 2850 MHz, 13801 MHz, 22426 MiB, 39 %, P1
2026/06/11 15:38:32.668, 241.65 W, 51, 2850 MHz, 13801 MHz, 22426 MiB, 21 %, P1
2026/06/11 15:38:33.683, 251.91 W, 51, 2842 MHz, 13801 MHz, 22426 MiB, 28 %, P1
2026/06/11 15:38:34.684, 260.40 W, 53, 2850 MHz, 13801 MHz, 22426 MiB, 39 %, P1
2026/06/11 15:38:35.685, 230.99 W, 50, 2857 MHz, 13801 MHz, 22426 MiB, 17 %, P1
2026/06/11 15:38:36.686, 250.96 W, 51, 2835 MHz, 13801 MHz, 22426 MiB, 21 %, P1
2026/06/11 15:38:37.687, 243.45 W, 52, 2805 MHz, 13801 MHz, 22426 MiB, 28 %, P1
2026/06/11 15:38:38.699, 257.96 W, 53, 2850 MHz, 13801 MHz, 22426 MiB, 44 %, P1
2026/06/11 15:38:39.699, 252.67 W, 53, 2850 MHz, 13801 MHz, 22426 MiB, 46 %, P1
2026/06/11 15:38:40.712, 250.60 W, 56, 2850 MHz, 13801 MHz, 22426 MiB, 50 %, P1
2026/06/11 15:38:41.712, 249.72 W, 54, 2850 MHz, 13801 MHz, 22426 MiB, 53 %, P1
2026/06/11 15:38:42.718, 254.70 W, 52, 2850 MHz, 13801 MHz, 22426 MiB, 24 %, P1
2026/06/11 15:38:43.734, 247.42 W, 52, 2842 MHz, 13801 MHz, 22426 MiB, 19 %, P1
2026/06/11 15:38:44.736, 268.86 W, 53, 2850 MHz, 13801 MHz, 22426 MiB, 34 %, P1
2026/06/11 15:38:45.751, 270.74 W, 54, 2850 MHz, 13801 MHz, 22426 MiB, 46 %, P1
2026/06/11 15:38:46.752, 257.90 W, 54, 2850 MHz, 13801 MHz, 22426 MiB, 52 %, P1
2026/06/11 15:38:47.766, 248.00 W, 52, 2850 MHz, 13801 MHz, 22426 MiB, 26 %, P1
2026/06/11 15:38:48.780, 258.24 W, 53, 2850 MHz, 13801 MHz, 22426 MiB, 44 %, P1
2026/06/11 15:38:49.785, 263.33 W, 54, 2850 MHz, 13801 MHz, 22426 MiB, 56 %, P1
2026/06/11 15:38:50.787, 273.23 W, 53, 2850 MHz, 13801 MHz, 22426 MiB, 40 %, P1
2026/06/11 15:38:51.800, 263.33 W, 53, 2850 MHz, 13801 MHz, 22426 MiB, 30 %, P1
2026/06/11 15:38:52.804, 257.89 W, 52, 2850 MHz, 13801 MHz, 22426 MiB, 30 %, P1
2026/06/11 15:38:53.816, 268.04 W, 53, 2850 MHz, 13801 MHz, 22426 MiB, 29 %, P1
2026/06/11 15:38:54.831, 246.87 W, 51, 2842 MHz, 13801 MHz, 22426 MiB, 26 %, P1
2026/06/11 15:38:55.833, 245.75 W, 52, 2842 MHz, 13801 MHz, 22426 MiB, 19 %, P1
2026/06/11 15:38:56.836, 264.48 W, 55, 2850 MHz, 13801 MHz, 22426 MiB, 50 %, P1
2026/06/11 15:38:57.852, 259.43 W, 54, 2850 MHz, 13801 MHz, 22426 MiB, 49 %, P1
2026/06/11 15:38:58.855, 236.88 W, 52, 2842 MHz, 13801 MHz, 22426 MiB, 46 %, P1
2026/06/11 15:38:59.870, 250.81 W, 54, 2850 MHz, 13801 MHz, 22426 MiB, 50 %, P1
2026/06/11 15:39:00.885, 259.83 W, 52, 2850 MHz, 13801 MHz, 22426 MiB, 21 %, P1
2026/06/11 15:39:01.887, 244.21 W, 53, 2850 MHz, 13801 MHz, 22426 MiB, 43 %, P1
2026/06/11 15:39:02.903, 244.62 W, 53, 2842 MHz, 13801 MHz, 22426 MiB, 47 %, P1
2026/06/11 15:39:03.919, 250.23 W, 55, 2767 MHz, 13801 MHz, 22426 MiB, 58 %, P1
2026/06/11 15:39:04.920, 253.24 W, 52, 2850 MHz, 13801 MHz, 22426 MiB, 25 %, P1
2026/06/11 15:39:05.936, 243.58 W, 51, 2850 MHz, 13801 MHz, 22426 MiB, 25 %, P1
2026/06/11 15:39:06.952, 253.91 W, 52, 2842 MHz, 13801 MHz, 22426 MiB, 32 %, P1
2026/06/11 15:39:07.968, 265.33 W, 55, 2850 MHz, 13801 MHz, 22426 MiB, 46 %, P1
2026/06/11 15:39:08.968, 250.90 W, 52, 2850 MHz, 13801 MHz, 22426 MiB, 21 %, P1
2026/06/11 15:39:09.970, 254.65 W, 51, 2850 MHz, 13801 MHz, 22426 MiB, 24 %, P1
2026/06/11 15:39:10.985, 242.65 W, 51, 2850 MHz, 13801 MHz, 22426 MiB, 11 %, P1
2026/06/11 15:39:11.999, 254.46 W, 54, 2850 MHz, 13801 MHz, 22426 MiB, 51 %, P1
2026/06/11 15:39:13.003, 257.08 W, 53, 2850 MHz, 13801 MHz, 22426 MiB, 63 %, P1
2026/06/11 15:39:14.017, 250.27 W, 51, 2842 MHz, 13801 MHz, 22426 MiB, 30 %, P1
2026/06/11 15:39:15.032, 265.23 W, 54, 2850 MHz, 13801 MHz, 22426 MiB, 44 %, P1
2026/06/11 15:39:16.037, 249.73 W, 53, 2850 MHz, 13801 MHz, 22426 MiB, 42 %, P1
2026/06/11 15:39:17.052, 261.06 W, 53, 2850 MHz, 13801 MHz, 22426 MiB, 37 %, P1
2026/06/11 15:39:18.054, 267.09 W, 54, 2850 MHz, 13801 MHz, 22426 MiB, 48 %, P1
2026/06/11 15:39:19.070, 256.68 W, 53, 2850 MHz, 13801 MHz, 22426 MiB, 26 %, P1
2026/06/11 15:39:20.083, 249.41 W, 51, 2850 MHz, 13801 MHz, 22426 MiB, 25 %, P1
2026/06/11 15:39:21.086, 239.82 W, 51, 2812 MHz, 13801 MHz, 22426 MiB, 27 %, P1
2026/06/11 15:39:22.088, 240.37 W, 51, 2850 MHz, 13801 MHz, 22426 MiB, 25 %, P1
2026/06/11 15:39:23.103, 271.11 W, 54, 2850 MHz, 13801 MHz, 22426 MiB, 64 %, P1
2026/06/11 15:39:24.114, 258.58 W, 51, 2850 MHz, 13801 MHz, 22426 MiB, 26 %, P1
2026/06/11 15:39:25.120, 243.71 W, 51, 2850 MHz, 13801 MHz, 22426 MiB, 28 %, P1
2026/06/11 15:39:26.132, 265.48 W, 54, 2850 MHz, 13801 MHz, 22426 MiB, 60 %, P1
2026/06/11 15:39:27.147, 251.64 W, 53, 2850 MHz, 13801 MHz, 22426 MiB, 34 %, P1
2026/06/11 15:39:28.153, 250.96 W, 52, 2850 MHz, 13801 MHz, 22426 MiB, 26 %, P1
2026/06/11 15:39:29.167, 265.71 W, 52, 2850 MHz, 13801 MHz, 22426 MiB, 21 %, P1
2026/06/11 15:39:30.181, 251.98 W, 52, 2850 MHz, 13801 MHz, 22426 MiB, 25 %, P1
2026/06/11 15:39:31.186, 250.03 W, 53, 2850 MHz, 13801 MHz, 22426 MiB, 25 %, P1
2026/06/11 15:39:32.187, 241.44 W, 52, 2850 MHz, 13801 MHz, 22426 MiB, 30 %, P1
2026/06/11 15:39:33.202, 248.02 W, 52, 2842 MHz, 13801 MHz, 22426 MiB, 41 %, P1
2026/06/11 15:39:34.203, 245.08 W, 51, 2850 MHz, 13801 MHz, 22426 MiB, 26 %, P1
2026/06/11 15:39:35.215, 249.06 W, 51, 2857 MHz, 13801 MHz, 22426 MiB, 25 %, P1
2026/06/11 15:39:36.225, 264.61 W, 53, 2850 MHz, 13801 MHz, 22426 MiB, 43 %, P1
2026/06/11 15:39:37.228, 253.18 W, 53, 2850 MHz, 13801 MHz, 22426 MiB, 44 %, P1
2026/06/11 15:39:38.230, 250.18 W, 55, 2850 MHz, 13801 MHz, 22426 MiB, 46 %, P1
2026/06/11 15:39:39.236, 228.57 W, 51, 2850 MHz, 13801 MHz, 22426 MiB, 17 %, P1
2026/06/11 15:39:40.252, 237.87 W, 51, 2850 MHz, 13801 MHz, 22426 MiB, 23 %, P1
2026/06/11 15:39:41.267, 242.65 W, 51, 2850 MHz, 13801 MHz, 22426 MiB, 26 %, P1
2026/06/11 15:39:42.280, 250.22 W, 51, 2850 MHz, 13801 MHz, 22426 MiB, 14 %, P1
2026/06/11 15:39:43.285, 257.33 W, 56, 2850 MHz, 13801 MHz, 22426 MiB, 56 %, P1
2026/06/11 15:39:44.297, 260.90 W, 53, 2850 MHz, 13801 MHz, 22426 MiB, 22 %, P1
2026/06/11 15:39:45.309, 244.16 W, 51, 2850 MHz, 13801 MHz, 22426 MiB, 24 %, P1
2026/06/11 15:39:46.311, 243.21 W, 51, 2850 MHz, 13801 MHz, 22426 MiB, 17 %, P1
2026/06/11 15:39:47.312, 233.95 W, 51, 2797 MHz, 13801 MHz, 22426 MiB, 11 %, P1
2026/06/11 15:39:48.313, 242.62 W, 51, 2842 MHz, 13801 MHz, 22426 MiB, 26 %, P1
2026/06/11 15:39:49.318, 238.32 W, 53, 2842 MHz, 13801 MHz, 22426 MiB, 60 %, P1
2026/06/11 15:39:50.319, 255.03 W, 55, 2850 MHz, 13801 MHz, 22426 MiB, 44 %, P1
2026/06/11 15:39:51.333, 245.41 W, 54, 2850 MHz, 13801 MHz, 22426 MiB, 65 %, P1
2026/06/11 15:39:52.347, 249.80 W, 54, 2850 MHz, 13801 MHz, 22426 MiB, 53 %, P1
2026/06/11 15:39:53.353, 256.83 W, 52, 2857 MHz, 13801 MHz, 22426 MiB, 25 %, P1
2026/06/11 15:39:54.367, 239.21 W, 51, 2850 MHz, 13801 MHz, 22426 MiB, 33 %, P1
2026/06/11 15:39:55.370, 252.65 W, 53, 2850 MHz, 13801 MHz, 22426 MiB, 25 %, P1
2026/06/11 15:39:56.384, 253.27 W, 53, 2850 MHz, 13801 MHz, 22426 MiB, 24 %, P1
2026/06/11 15:39:57.387, 257.29 W, 53, 2850 MHz, 13801 MHz, 22426 MiB, 42 %, P1
2026/06/11 15:39:58.402, 257.51 W, 52, 2850 MHz, 13801 MHz, 22426 MiB, 43 %, P1
2026/06/11 15:39:59.403, 256.25 W, 52, 2850 MHz, 13801 MHz, 22426 MiB, 43 %, P1
2026/06/11 15:40:00.403, 252.93 W, 54, 2850 MHz, 13801 MHz, 22426 MiB, 18 %, P1
2026/06/11 15:40:01.419, 247.92 W, 54, 2850 MHz, 13801 MHz, 22426 MiB, 26 %, P1
2026/06/11 15:40:02.420, 246.47 W, 56, 2850 MHz, 13801 MHz, 22426 MiB, 25 %, P1
2026/06/11 15:40:03.435, 243.00 W, 56, 2850 MHz, 13801 MHz, 22426 MiB, 11 %, P1
2026/06/11 15:40:04.437, 256.89 W, 52, 2850 MHz, 13801 MHz, 22426 MiB, 47 %, P1
2026/06/11 15:40:05.453, 254.02 W, 56, 2850 MHz, 13801 MHz, 22426 MiB, 24 %, P1
2026/06/11 15:40:06.470, 243.78 W, 52, 2850 MHz, 13801 MHz, 22426 MiB, 25 %, P1
2026/06/11 15:40:07.483, 248.21 W, 54, 2850 MHz, 13801 MHz, 22426 MiB, 22 %, P1
2026/06/11 15:40:08.484, 249.52 W, 53, 2850 MHz, 13801 MHz, 22426 MiB, 26 %, P1
2026/06/11 15:40:09.485, 237.41 W, 51, 2850 MHz, 13801 MHz, 22426 MiB, 25 %, P1
2026/06/11 15:40:10.486, 252.96 W, 55, 2850 MHz, 13801 MHz, 22426 MiB, 22 %, P1
2026/06/11 15:40:11.487, 266.67 W, 52, 2850 MHz, 13801 MHz, 22426 MiB, 60 %, P1
2026/06/11 15:40:12.501, 253.77 W, 52, 2850 MHz, 13801 MHz, 22426 MiB, 30 %, P1
2026/06/11 15:40:13.502, 245.41 W, 54, 2850 MHz, 13801 MHz, 22426 MiB, 35 %, P1
2026/06/11 15:40:14.516, 250.52 W, 56, 2850 MHz, 13801 MHz, 22426 MiB, 10 %, P1
2026/06/11 15:40:15.517, 277.40 W, 57, 2850 MHz, 13801 MHz, 22426 MiB, 28 %, P1
2026/06/11 15:40:16.529, 256.76 W, 55, 2850 MHz, 13801 MHz, 22426 MiB, 40 %, P1
2026/06/11 15:40:17.545, 253.11 W, 56, 2850 MHz, 13801 MHz, 22426 MiB, 35 %, P1
2026/06/11 15:40:18.546, 237.66 W, 55, 2850 MHz, 13801 MHz, 22426 MiB, 18 %, P1
2026/06/11 15:40:19.549, 254.60 W, 52, 2850 MHz, 13801 MHz, 22426 MiB, 48 %, P1
2026/06/11 15:40:20.552, 261.54 W, 55, 2850 MHz, 13801 MHz, 22426 MiB, 64 %, P1
2026/06/11 15:40:21.567, 243.58 W, 53, 2850 MHz, 13801 MHz, 22426 MiB, 22 %, P1
2026/06/11 15:40:22.581, 249.26 W, 52, 2850 MHz, 13801 MHz, 22426 MiB, 25 %, P1
2026/06/11 15:40:23.596, 250.87 W, 55, 2850 MHz, 13801 MHz, 22426 MiB, 27 %, P1
2026/06/11 15:40:24.602, 251.88 W, 54, 2850 MHz, 13801 MHz, 22426 MiB, 21 %, P1
2026/06/11 15:40:25.602, 248.39 W, 54, 2850 MHz, 13801 MHz, 22426 MiB, 29 %, P1
2026/06/11 15:40:26.617, 262.01 W, 52, 2850 MHz, 13801 MHz, 22426 MiB, 60 %, P1
2026/06/11 15:40:27.633, 256.55 W, 52, 2850 MHz, 13801 MHz, 22426 MiB, 21 %, P1
2026/06/11 15:40:28.637, 251.27 W, 52, 2842 MHz, 13801 MHz, 22426 MiB, 37 %, P1
2026/06/11 15:40:29.651, 261.29 W, 53, 2827 MHz, 13801 MHz, 22426 MiB, 36 %, P1
2026/06/11 15:40:30.666, 257.27 W, 53, 2850 MHz, 13801 MHz, 22426 MiB, 47 %, P1
2026/06/11 15:40:31.668, 256.07 W, 52, 2850 MHz, 13801 MHz, 22426 MiB, 59 %, P1
2026/06/11 15:40:32.683, 279.64 W, 54, 2850 MHz, 13801 MHz, 22426 MiB, 60 %, P1
2026/06/11 15:40:33.698, 290.15 W, 57, 2850 MHz, 13801 MHz, 22426 MiB, 27 %, P1
2026/06/11 15:40:34.702, 283.77 W, 56, 2850 MHz, 13801 MHz, 22426 MiB, 32 %, P1
2026/06/11 15:40:35.718, 269.88 W, 53, 2857 MHz, 13801 MHz, 22426 MiB, 25 %, P1
2026/06/11 15:40:36.729, 273.02 W, 53, 2850 MHz, 13801 MHz, 22426 MiB, 50 %, P1
2026/06/11 15:40:37.730, 261.47 W, 52, 2850 MHz, 13801 MHz, 22426 MiB, 54 %, P1
2026/06/11 15:40:38.735, 265.60 W, 53, 2850 MHz, 13801 MHz, 22426 MiB, 23 %, P1
2026/06/11 15:40:39.749, 261.63 W, 52, 2850 MHz, 13801 MHz, 22426 MiB, 49 %, P1
2026/06/11 15:40:40.750, 260.30 W, 52, 2850 MHz, 13801 MHz, 22426 MiB, 49 %, P1
2026/06/11 15:40:41.750, 259.71 W, 52, 2850 MHz, 13801 MHz, 22426 MiB, 60 %, P1
2026/06/11 15:40:42.765, 265.56 W, 54, 2850 MHz, 13801 MHz, 22426 MiB, 38 %, P1
2026/06/11 15:40:43.768, 265.54 W, 51, 2850 MHz, 13801 MHz, 22426 MiB, 58 %, P1
2026/06/11 15:40:44.770, 263.17 W, 51, 2850 MHz, 13801 MHz, 22426 MiB, 56 %, P1
2026/06/11 15:40:45.785, 249.26 W, 51, 2850 MHz, 13801 MHz, 22426 MiB, 58 %, P1
2026/06/11 15:40:46.800, 250.09 W, 55, 2842 MHz, 13801 MHz, 22426 MiB, 24 %, P1
2026/06/11 15:40:47.812, 252.13 W, 53, 2850 MHz, 13801 MHz, 22426 MiB, 28 %, P1
2026/06/11 15:40:48.817, 269.38 W, 51, 2850 MHz, 13801 MHz, 22426 MiB, 58 %, P1
2026/06/11 15:40:49.830, 258.33 W, 52, 2857 MHz, 13801 MHz, 22426 MiB, 25 %, P1
2026/06/11 15:40:50.833, 250.44 W, 54, 2850 MHz, 13801 MHz, 22426 MiB, 12 %, P1
2026/06/11 15:40:51.837, 262.93 W, 51, 2850 MHz, 13801 MHz, 22426 MiB, 48 %, P1
2026/06/11 15:40:52.837, 251.59 W, 51, 2850 MHz, 13801 MHz, 22426 MiB, 53 %, P1
2026/06/11 15:40:53.852, 280.26 W, 56, 2842 MHz, 13801 MHz, 22426 MiB, 44 %, P1
2026/06/11 15:40:54.853, 278.59 W, 54, 2850 MHz, 13801 MHz, 22426 MiB, 41 %, P1
2026/06/11 15:40:55.862, 255.10 W, 54, 2842 MHz, 13801 MHz, 22426 MiB, 41 %, P1
2026/06/11 15:40:56.870, 300.57 W, 51, 2850 MHz, 13801 MHz, 22426 MiB, 61 %, P1
2026/06/11 15:40:57.885, 281.03 W, 52, 2850 MHz, 13801 MHz, 22426 MiB, 49 %, P1
2026/06/11 15:40:58.886, 255.84 W, 51, 2850 MHz, 13801 MHz, 22426 MiB, 47 %, P1
2026/06/11 15:40:59.901, 235.10 W, 53, 2850 MHz, 13801 MHz, 22426 MiB, 20 %, P1
2026/06/11 15:41:00.902, 242.28 W, 53, 2767 MHz, 13801 MHz, 22426 MiB, 37 %, P1
2026/06/11 15:41:01.903, 239.68 W, 50, 2850 MHz, 13801 MHz, 22426 MiB, 44 %, P1
2026/06/11 15:41:02.904, 256.89 W, 50, 2850 MHz, 13801 MHz, 22426 MiB, 53 %, P1
2026/06/11 15:41:03.918, 281.95 W, 53, 2850 MHz, 13801 MHz, 22426 MiB, 33 %, P1
2026/06/11 15:41:04.920, 286.20 W, 53, 2850 MHz, 13801 MHz, 22426 MiB, 22 %, P1
2026/06/11 15:41:05.922, 277.75 W, 54, 2842 MHz, 13801 MHz, 22426 MiB, 35 %, P1
2026/06/11 15:41:06.936, 275.73 W, 55, 2850 MHz, 13801 MHz, 22426 MiB, 60 %, P1
2026/06/11 15:41:07.952, 285.52 W, 54, 2850 MHz, 13801 MHz, 22426 MiB, 47 %, P1
2026/06/11 15:41:08.968, 272.38 W, 51, 2850 MHz, 13801 MHz, 22426 MiB, 46 %, P1
2026/06/11 15:41:09.984, 254.90 W, 50, 2850 MHz, 13801 MHz, 22426 MiB, 54 %, P1
2026/06/11 15:41:10.985, 258.70 W, 53, 2850 MHz, 13801 MHz, 22426 MiB, 43 %, P1
2026/06/11 15:41:11.986, 247.92 W, 54, 2850 MHz, 13801 MHz, 22426 MiB, 28 %, P1
2026/06/11 15:41:12.986, 253.76 W, 51, 2850 MHz, 13801 MHz, 22426 MiB, 40 %, P1
2026/06/11 15:41:14.001, 262.36 W, 51, 2850 MHz, 13801 MHz, 22426 MiB, 29 %, P1
2026/06/11 15:41:15.016, 276.88 W, 52, 2850 MHz, 13801 MHz, 22426 MiB, 57 %, P1
2026/06/11 15:41:16.017, 285.97 W, 55, 2850 MHz, 13801 MHz, 22426 MiB, 57 %, P1
2026/06/11 15:41:17.017, 269.97 W, 51, 2850 MHz, 13801 MHz, 22426 MiB, 51 %, P1
2026/06/11 15:41:18.020, 257.41 W, 50, 2850 MHz, 13801 MHz, 22426 MiB, 22 %, P1
2026/06/11 15:41:19.035, 242.31 W, 49, 2850 MHz, 13801 MHz, 22426 MiB, 57 %, P1
2026/06/11 15:41:20.048, 256.29 W, 52, 2850 MHz, 13801 MHz, 22426 MiB, 27 %, P1
2026/06/11 15:41:21.053, 251.40 W, 52, 2850 MHz, 13801 MHz, 22426 MiB, 26 %, P1
2026/06/11 15:41:22.069, 257.00 W, 50, 2850 MHz, 13801 MHz, 22426 MiB, 41 %, P1
2026/06/11 15:41:23.070, 247.78 W, 51, 2850 MHz, 13801 MHz, 22426 MiB, 60 %, P1
2026/06/11 15:41:24.081, 260.89 W, 52, 2850 MHz, 13801 MHz, 22426 MiB, 30 %, P1
2026/06/11 15:41:25.097, 248.82 W, 52, 2842 MHz, 13801 MHz, 22426 MiB, 26 %, P1
2026/06/11 15:41:26.102, 241.10 W, 53, 2850 MHz, 13801 MHz, 22426 MiB, 19 %, P1
2026/06/11 15:41:27.103, 250.01 W, 52, 2850 MHz, 13801 MHz, 22426 MiB, 28 %, P1
2026/06/11 15:41:28.118, 252.35 W, 50, 2850 MHz, 13801 MHz, 22426 MiB, 48 %, P1
2026/06/11 15:41:29.129, 248.64 W, 50, 2850 MHz, 13801 MHz, 22426 MiB, 22 %, P1
2026/06/11 15:41:30.137, 254.82 W, 53, 2850 MHz, 13801 MHz, 22426 MiB, 19 %, P1
2026/06/11 15:41:31.153, 261.57 W, 50, 2850 MHz, 13801 MHz, 22426 MiB, 48 %, P1
2026/06/11 15:41:32.153, 248.05 W, 50, 2850 MHz, 13801 MHz, 22426 MiB, 45 %, P1
2026/06/11 15:41:33.168, 253.62 W, 50, 2850 MHz, 13801 MHz, 22426 MiB, 51 %, P1
2026/06/11 15:41:34.170, 248.20 W, 50, 2850 MHz, 13801 MHz, 22426 MiB, 21 %, P1
2026/06/11 15:41:35.183, 244.96 W, 53, 2842 MHz, 13801 MHz, 22426 MiB, 22 %, P1
2026/06/11 15:41:36.185, 263.66 W, 50, 2850 MHz, 13801 MHz, 22426 MiB, 49 %, P1
2026/06/11 15:41:37.203, 255.80 W, 49, 2850 MHz, 13801 MHz, 22426 MiB, 22 %, P1
2026/06/11 15:41:38.217, 244.14 W, 54, 2850 MHz, 13801 MHz, 22426 MiB, 23 %, P1
2026/06/11 15:41:39.218, 246.42 W, 52, 2850 MHz, 13801 MHz, 22426 MiB, 16 %, P1
2026/06/11 15:41:40.233, 235.54 W, 51, 2850 MHz, 13801 MHz, 22426 MiB, 32 %, P1
2026/06/11 15:41:41.234, 248.53 W, 51, 2850 MHz, 13801 MHz, 22426 MiB, 35 %, P1
2026/06/11 15:41:42.236, 257.33 W, 50, 2850 MHz, 13801 MHz, 22426 MiB, 30 %, P1
2026/06/11 15:41:43.253, 264.86 W, 52, 2842 MHz, 13801 MHz, 22426 MiB, 48 %, P1
2026/06/11 15:41:44.268, 253.95 W, 51, 2850 MHz, 13801 MHz, 22426 MiB, 46 %, P1
2026/06/11 15:41:45.269, 258.17 W, 51, 2850 MHz, 13801 MHz, 22426 MiB, 23 %, P1
2026/06/11 15:41:46.281, 246.64 W, 54, 2850 MHz, 13801 MHz, 22426 MiB, 24 %, P1
2026/06/11 15:41:47.287, 259.78 W, 51, 2850 MHz, 13801 MHz, 22426 MiB, 48 %, P1
2026/06/11 15:41:48.301, 244.80 W, 53, 2850 MHz, 13801 MHz, 22426 MiB, 38 %, P1
2026/06/11 15:41:49.310, 245.62 W, 51, 2850 MHz, 13801 MHz, 22426 MiB, 43 %, P1
2026/06/11 15:41:50.321, 238.53 W, 51, 2850 MHz, 13801 MHz, 22426 MiB, 26 %, P1
2026/06/11 15:41:51.321, 236.62 W, 54, 2850 MHz, 13801 MHz, 22426 MiB, 23 %, P1
2026/06/11 15:41:52.329, 252.55 W, 53, 2850 MHz, 13801 MHz, 22426 MiB, 48 %, P1
2026/06/11 15:41:53.330, 245.01 W, 52, 2850 MHz, 13801 MHz, 22426 MiB, 41 %, P1
2026/06/11 15:41:54.341, 253.91 W, 51, 2850 MHz, 13801 MHz, 22426 MiB, 57 %, P1
2026/06/11 15:41:55.348, 271.49 W, 54, 2850 MHz, 13801 MHz, 22426 MiB, 30 %, P1
2026/06/11 15:41:56.358, 254.88 W, 52, 2850 MHz, 13801 MHz, 22426 MiB, 59 %, P1
2026/06/11 15:41:57.364, 250.18 W, 50, 2850 MHz, 13801 MHz, 22426 MiB, 25 %, P1
2026/06/11 15:41:58.373, 240.72 W, 51, 2850 MHz, 13801 MHz, 22426 MiB, 28 %, P1
2026/06/11 15:41:59.388, 243.77 W, 52, 2850 MHz, 13801 MHz, 22426 MiB, 44 %, P1
2026/06/11 15:42:00.396, 233.61 W, 52, 2835 MHz, 13801 MHz, 22426 MiB, 21 %, P1
2026/06/11 15:42:01.410, 238.36 W, 53, 2805 MHz, 13801 MHz, 22426 MiB, 11 %, P1
2026/06/11 15:42:02.417, 247.61 W, 53, 2835 MHz, 13801 MHz, 22426 MiB, 34 %, P1
2026/06/11 15:42:03.442, 250.54 W, 52, 2850 MHz, 13801 MHz, 22426 MiB, 33 %, P1
2026/06/11 15:42:04.446, 235.26 W, 54, 2850 MHz, 13801 MHz, 22426 MiB, 24 %, P1
2026/06/11 15:42:05.456, 249.65 W, 53, 2850 MHz, 13801 MHz, 22426 MiB, 18 %, P1
2026/06/11 15:42:06.469, 274.33 W, 54, 2850 MHz, 13801 MHz, 22426 MiB, 38 %, P1
2026/06/11 15:42:07.481, 255.92 W, 55, 2850 MHz, 13801 MHz, 22426 MiB, 11 %, P1
2026/06/11 15:42:08.488, 250.54 W, 54, 2850 MHz, 13801 MHz, 22426 MiB, 14 %, P1
2026/06/11 15:42:09.490, 275.29 W, 55, 2850 MHz, 13801 MHz, 22426 MiB, 32 %, P1
2026/06/11 15:42:10.494, 233.46 W, 51, 2850 MHz, 13801 MHz, 22426 MiB, 22 %, P1
2026/06/11 15:42:11.499, 259.30 W, 55, 2850 MHz, 13801 MHz, 22426 MiB, 27 %, P1
2026/06/11 15:42:12.511, 240.50 W, 53, 2857 MHz, 13801 MHz, 22426 MiB, 25 %, P1
2026/06/11 15:42:13.513, 232.55 W, 51, 2850 MHz, 13801 MHz, 22426 MiB, 22 %, P1
2026/06/11 15:42:14.535, 249.76 W, 51, 2850 MHz, 13801 MHz, 22426 MiB, 25 %, P1
2026/06/11 15:42:15.540, 242.70 W, 51, 2850 MHz, 13801 MHz, 22426 MiB, 25 %, P1
2026/06/11 15:42:16.546, 258.16 W, 53, 2857 MHz, 13801 MHz, 22426 MiB, 25 %, P1
2026/06/11 15:42:17.553, 238.50 W, 52, 2850 MHz, 13801 MHz, 22426 MiB, 22 %, P1
2026/06/11 15:42:18.570, 272.65 W, 56, 2850 MHz, 13801 MHz, 22426 MiB, 42 %, P1
2026/06/11 15:42:19.571, 249.70 W, 51, 2850 MHz, 13801 MHz, 22426 MiB, 58 %, P1
2026/06/11 15:42:20.576, 269.45 W, 53, 2850 MHz, 13801 MHz, 22426 MiB, 49 %, P1
2026/06/11 15:42:21.588, 269.25 W, 56, 2850 MHz, 13801 MHz, 22426 MiB, 30 %, P1
2026/06/11 15:42:22.596, 241.44 W, 52, 2850 MHz, 13801 MHz, 22426 MiB, 21 %, P1
2026/06/11 15:42:23.602, 244.38 W, 51, 2797 MHz, 13801 MHz, 22426 MiB, 56 %, P1
2026/06/11 15:42:24.614, 236.92 W, 52, 2835 MHz, 13801 MHz, 22426 MiB, 49 %, P1
2026/06/11 15:42:25.623, 243.99 W, 53, 2842 MHz, 13801 MHz, 22426 MiB, 19 %, P1
2026/06/11 15:42:26.637, 248.91 W, 54, 2850 MHz, 13801 MHz, 22426 MiB, 23 %, P1
2026/06/11 15:42:27.653, 247.40 W, 55, 2850 MHz, 13801 MHz, 22426 MiB, 28 %, P1
2026/06/11 15:42:28.666, 261.46 W, 54, 2850 MHz, 13801 MHz, 22426 MiB, 46 %, P1
2026/06/11 15:42:29.669, 253.01 W, 51, 2850 MHz, 13801 MHz, 22426 MiB, 41 %, P1
2026/06/11 15:42:30.670, 259.99 W, 53, 2850 MHz, 13801 MHz, 22426 MiB, 32 %, P1
2026/06/11 15:42:31.684, 247.87 W, 56, 2850 MHz, 13801 MHz, 22426 MiB, 11 %, P1
2026/06/11 15:42:32.687, 274.32 W, 53, 2850 MHz, 13801 MHz, 22426 MiB, 53 %, P1
2026/06/11 15:42:33.699, 260.44 W, 55, 2842 MHz, 13801 MHz, 22426 MiB, 21 %, P1
2026/06/11 15:42:34.701, 253.25 W, 53, 2850 MHz, 13801 MHz, 22426 MiB, 51 %, P1
2026/06/11 15:42:35.704, 248.61 W, 52, 2850 MHz, 13801 MHz, 22426 MiB, 53 %, P1
2026/06/11 15:42:36.720, 254.88 W, 51, 2850 MHz, 13801 MHz, 22426 MiB, 26 %, P1
2026/06/11 15:42:37.732, 261.19 W, 55, 2842 MHz, 13801 MHz, 22426 MiB, 25 %, P1
2026/06/11 15:42:38.736, 268.17 W, 53, 2850 MHz, 13801 MHz, 22426 MiB, 25 %, P1
2026/06/11 15:42:39.750, 270.77 W, 55, 2850 MHz, 13801 MHz, 22426 MiB, 13 %, P1
2026/06/11 15:42:40.764, 262.48 W, 54, 2850 MHz, 13801 MHz, 22426 MiB, 23 %, P1
2026/06/11 15:42:41.778, 248.29 W, 52, 2850 MHz, 13801 MHz, 22426 MiB, 40 %, P1
2026/06/11 15:42:42.786, 257.54 W, 52, 2850 MHz, 13801 MHz, 22426 MiB, 22 %, P1
2026/06/11 15:42:43.799, 261.40 W, 56, 2850 MHz, 13801 MHz, 22426 MiB, 51 %, P1
2026/06/11 15:42:44.800, 251.45 W, 52, 2850 MHz, 13801 MHz, 22426 MiB, 48 %, P1
2026/06/11 15:42:45.803, 248.83 W, 52, 2827 MHz, 13801 MHz, 22426 MiB, 49 %, P1
2026/06/11 15:42:46.803, 279.00 W, 53, 2850 MHz, 13801 MHz, 22426 MiB, 64 %, P1
2026/06/11 15:42:47.819, 263.14 W, 51, 2850 MHz, 13801 MHz, 22426 MiB, 16 %, P1
2026/06/11 15:42:48.821, 274.48 W, 54, 2850 MHz, 13801 MHz, 22426 MiB, 60 %, P1
2026/06/11 15:42:49.834, 253.23 W, 51, 2850 MHz, 13801 MHz, 22426 MiB, 14 %, P1
2026/06/11 15:42:50.837, 262.91 W, 54, 2842 MHz, 13801 MHz, 22426 MiB, 67 %, P1
2026/06/11 15:42:51.852, 249.77 W, 52, 2850 MHz, 13801 MHz, 22426 MiB, 25 %, P1
2026/06/11 15:42:52.853, 251.59 W, 52, 2850 MHz, 13801 MHz, 22426 MiB, 34 %, P1
2026/06/11 15:42:53.853, 272.62 W, 51, 2850 MHz, 13801 MHz, 22426 MiB, 26 %, P1
2026/06/11 15:42:54.867, 253.71 W, 51, 2850 MHz, 13801 MHz, 22426 MiB, 22 %, P1
2026/06/11 15:42:55.871, 239.50 W, 50, 2850 MHz, 13801 MHz, 22426 MiB, 11 %, P1
2026/06/11 15:42:56.871, 234.12 W, 50, 2850 MHz, 13801 MHz, 22426 MiB, 22 %, P1
2026/06/11 15:42:57.885, 248.73 W, 50, 2850 MHz, 13801 MHz, 22426 MiB, 12 %, P1
2026/06/11 15:42:58.886, 259.45 W, 53, 2850 MHz, 13801 MHz, 22426 MiB, 62 %, P1
2026/06/11 15:42:59.888, 254.48 W, 51, 2850 MHz, 13801 MHz, 22426 MiB, 20 %, P1
2026/06/11 15:43:00.902, 266.84 W, 52, 2850 MHz, 13801 MHz, 22426 MiB, 35 %, P1
2026/06/11 15:43:01.904, 248.07 W, 50, 2850 MHz, 13801 MHz, 22426 MiB, 25 %, P1
2026/06/11 15:43:02.921, 268.30 W, 56, 2842 MHz, 13801 MHz, 22426 MiB, 58 %, P1
2026/06/11 15:43:03.935, 260.53 W, 51, 2850 MHz, 13801 MHz, 22426 MiB, 24 %, P1
2026/06/11 15:43:04.936, 240.55 W, 51, 2850 MHz, 13801 MHz, 22426 MiB, 20 %, P1
2026/06/11 15:43:05.938, 242.58 W, 50, 2850 MHz, 13801 MHz, 22426 MiB, 14 %, P1
2026/06/11 15:43:06.952, 260.79 W, 54, 2850 MHz, 13801 MHz, 22426 MiB, 49 %, P1
2026/06/11 15:43:07.952, 236.28 W, 49, 2850 MHz, 13801 MHz, 22426 MiB, 9 %, P1
2026/06/11 15:43:08.954, 249.30 W, 50, 2850 MHz, 13801 MHz, 22426 MiB, 19 %, P1
2026/06/11 15:43:09.971, 252.55 W, 53, 2857 MHz, 13801 MHz, 22426 MiB, 50 %, P1
2026/06/11 15:43:10.987, 237.42 W, 49, 2850 MHz, 13801 MHz, 22426 MiB, 16 %, P1
2026/06/11 15:43:11.988, 252.13 W, 50, 2850 MHz, 13801 MHz, 22426 MiB, 36 %, P1
2026/06/11 15:43:13.002, 252.29 W, 54, 2850 MHz, 13801 MHz, 22426 MiB, 45 %, P1
2026/06/11 15:43:14.015, 251.57 W, 50, 2850 MHz, 13801 MHz, 22426 MiB, 23 %, P1
2026/06/11 15:43:15.030, 243.31 W, 51, 2850 MHz, 13801 MHz, 22426 MiB, 32 %, P1
2026/06/11 15:43:16.038, 252.54 W, 51, 2850 MHz, 13801 MHz, 22426 MiB, 30 %, P1
2026/06/11 15:43:17.052, 243.65 W, 51, 2850 MHz, 13801 MHz, 22426 MiB, 34 %, P1
2026/06/11 15:43:18.054, 243.78 W, 52, 2842 MHz, 13801 MHz, 22426 MiB, 62 %, P1
2026/06/11 15:43:19.068, 256.85 W, 50, 2850 MHz, 13801 MHz, 22426 MiB, 23 %, P1
2026/06/11 15:43:20.084, 251.81 W, 50, 2850 MHz, 13801 MHz, 22426 MiB, 30 %, P1
2026/06/11 15:43:21.100, 248.03 W, 52, 2812 MHz, 13801 MHz, 22426 MiB, 48 %, P1
2026/06/11 15:43:22.115, 236.15 W, 50, 2850 MHz, 13801 MHz, 22426 MiB, 19 %, P1
2026/06/11 15:43:23.117, 240.98 W, 49, 2850 MHz, 13801 MHz, 22426 MiB, 22 %, P1
2026/06/11 15:43:24.131, 241.37 W, 50, 2850 MHz, 13801 MHz, 22426 MiB, 10 %, P1
2026/06/11 15:43:25.136, 256.41 W, 52, 2850 MHz, 13801 MHz, 22426 MiB, 42 %, P1
2026/06/11 15:43:26.137, 254.99 W, 52, 2850 MHz, 13801 MHz, 22426 MiB, 49 %, P1
2026/06/11 15:43:27.151, 252.06 W, 51, 2850 MHz, 13801 MHz, 22426 MiB, 28 %, P1
2026/06/11 15:43:28.170, 241.70 W, 51, 2850 MHz, 13801 MHz, 22426 MiB, 25 %, P1
2026/06/11 15:43:29.171, 236.54 W, 51, 2842 MHz, 13801 MHz, 22426 MiB, 43 %, P1
2026/06/11 15:43:30.171, 261.88 W, 52, 2850 MHz, 13801 MHz, 22426 MiB, 48 %, P1
2026/06/11 15:43:31.185, 296.16 W, 53, 2850 MHz, 13801 MHz, 22426 MiB, 48 %, P1
2026/06/11 15:43:32.200, 293.61 W, 52, 2850 MHz, 13801 MHz, 22426 MiB, 54 %, P1
2026/06/11 15:43:33.201, 298.59 W, 53, 2850 MHz, 13801 MHz, 22426 MiB, 53 %, P1
2026/06/11 15:43:34.215, 299.36 W, 54, 2850 MHz, 13801 MHz, 22426 MiB, 56 %, P1
2026/06/11 15:43:35.216, 303.21 W, 54, 2850 MHz, 13801 MHz, 22426 MiB, 54 %, P1
2026/06/11 15:43:36.229, 313.63 W, 54, 2835 MHz, 13801 MHz, 22426 MiB, 60 %, P1
2026/06/11 15:43:37.234, 318.31 W, 56, 2850 MHz, 13801 MHz, 22426 MiB, 77 %, P1
2026/06/11 15:43:38.234, 309.26 W, 53, 2850 MHz, 13801 MHz, 22426 MiB, 52 %, P1
2026/06/11 15:43:39.237, 298.38 W, 54, 2850 MHz, 13801 MHz, 22426 MiB, 100 %, P1
2026/06/11 15:43:40.237, 317.12 W, 52, 2850 MHz, 13801 MHz, 22426 MiB, 27 %, P1
2026/06/11 15:43:41.253, 313.83 W, 50, 2850 MHz, 13801 MHz, 22426 MiB, 0 %, P1
2026/06/11 15:43:42.255, 287.68 W, 49, 2857 MHz, 13801 MHz, 22426 MiB, 0 %, P1
2026/06/11 15:43:43.263, 265.55 W, 52, 2857 MHz, 13801 MHz, 22426 MiB, 65 %, P1
2026/06/11 15:43:44.264, 334.15 W, 57, 2850 MHz, 13801 MHz, 22426 MiB, 72 %, P1
2026/06/11 15:43:45.280, 279.51 W, 49, 2857 MHz, 13801 MHz, 22426 MiB, 0 %, P1
2026/06/11 15:43:46.294, 289.40 W, 53, 2850 MHz, 13801 MHz, 22426 MiB, 99 %, P1
2026/06/11 15:43:47.299, 325.96 W, 52, 2850 MHz, 13801 MHz, 22426 MiB, 42 %, P1
2026/06/11 15:43:48.312, 301.98 W, 50, 2857 MHz, 13801 MHz, 22426 MiB, 0 %, P1
2026/06/11 15:43:49.320, 248.60 W, 47, 2857 MHz, 13801 MHz, 22426 MiB, 9 %, P1
2026/06/11 15:43:50.320, 302.14 W, 47, 2857 MHz, 13801 MHz, 22426 MiB, 0 %, P1
2026/06/11 15:43:51.336, 277.59 W, 52, 2850 MHz, 13801 MHz, 22426 MiB, 99 %, P1
2026/06/11 15:43:52.336, 334.65 W, 56, 2842 MHz, 13801 MHz, 22426 MiB, 78 %, P1
2026/06/11 15:43:53.344, 314.88 W, 55, 2662 MHz, 13801 MHz, 22426 MiB, 100 %, P1
2026/06/11 15:43:54.360, 282.89 W, 56, 2842 MHz, 13801 MHz, 22426 MiB, 100 %, P1
2026/06/11 15:43:55.367, 296.15 W, 47, 2850 MHz, 13801 MHz, 22426 MiB, 0 %, P1
2026/06/11 15:43:56.369, 301.47 W, 46, 2857 MHz, 13801 MHz, 22426 MiB, 0 %, P1
2026/06/11 15:43:57.374, 277.98 W, 53, 2850 MHz, 13801 MHz, 22426 MiB, 98 %, P1
2026/06/11 15:43:58.380, 336.11 W, 57, 2842 MHz, 13801 MHz, 22426 MiB, 90 %, P1
2026/06/11 15:43:59.386, 291.33 W, 47, 2850 MHz, 13801 MHz, 22426 MiB, 0 %, P1
2026/06/11 15:44:00.399, 269.54 W, 52, 2850 MHz, 13801 MHz, 22426 MiB, 98 %, P1
2026/06/11 15:44:01.402, 317.55 W, 49, 2850 MHz, 13801 MHz, 22426 MiB, 3 %, P1
2026/06/11 15:44:02.404, 268.95 W, 51, 2850 MHz, 13801 MHz, 22426 MiB, 99 %, P1
2026/06/11 15:44:03.419, 319.31 W, 49, 2850 MHz, 13801 MHz, 22426 MiB, 4 %, P1
2026/06/11 15:44:04.420, 268.99 W, 49, 2850 MHz, 13801 MHz, 22426 MiB, 100 %, P1
2026/06/11 15:44:05.420, 333.47 W, 54, 2842 MHz, 13801 MHz, 22426 MiB, 66 %, P1
2026/06/11 15:44:06.424, 262.65 W, 46, 2857 MHz, 13801 MHz, 22426 MiB, 28 %, P1
2026/06/11 15:44:07.427, 303.74 W, 50, 2842 MHz, 13801 MHz, 22426 MiB, 99 %, P1
2026/06/11 15:44:08.429, 292.80 W, 47, 2842 MHz, 13801 MHz, 22426 MiB, 6 %, P1
2026/06/11 15:44:09.432, 292.29 W, 51, 2850 MHz, 13801 MHz, 22426 MiB, 99 %, P1
2026/06/11 15:44:10.433, 299.77 W, 46, 2850 MHz, 13801 MHz, 22426 MiB, 0 %, P1
2026/06/11 15:44:11.437, 291.54 W, 51, 2850 MHz, 13801 MHz, 22426 MiB, 98 %, P1
2026/06/11 15:44:12.453, 324.32 W, 50, 2842 MHz, 13801 MHz, 22426 MiB, 36 %, P1
2026/06/11 15:44:13.464, 274.25 W, 51, 2850 MHz, 13801 MHz, 22426 MiB, 98 %, P1
2026/06/11 15:44:14.464, 303.67 W, 47, 2850 MHz, 13801 MHz, 22426 MiB, 0 %, P1
2026/06/11 15:44:15.470, 269.40 W, 50, 2850 MHz, 13801 MHz, 22426 MiB, 99 %, P1
2026/06/11 15:44:16.481, 307.46 W, 47, 2850 MHz, 13801 MHz, 22426 MiB, 0 %, P1
2026/06/11 15:44:17.491, 264.75 W, 51, 2850 MHz, 13801 MHz, 22426 MiB, 98 %, P1
2026/06/11 15:44:18.503, 323.22 W, 51, 2842 MHz, 13801 MHz, 22426 MiB, 45 %, P1
2026/06/11 15:44:19.512, 255.48 W, 47, 2857 MHz, 13801 MHz, 22426 MiB, 22 %, P1
2026/06/11 15:44:20.518, 285.67 W, 51, 2850 MHz, 13801 MHz, 22426 MiB, 99 %, P1
2026/06/11 15:44:21.519, 311.03 W, 47, 2850 MHz, 13801 MHz, 22426 MiB, 0 %, P1
2026/06/11 15:44:22.521, 273.95 W, 51, 2850 MHz, 13801 MHz, 22426 MiB, 98 %, P1
2026/06/11 15:44:23.528, 308.96 W, 47, 2850 MHz, 13801 MHz, 22426 MiB, 0 %, P1
2026/06/11 15:44:24.535, 281.10 W, 47, 2857 MHz, 13801 MHz, 22426 MiB, 31 %, P1
2026/06/11 15:44:25.539, 295.59 W, 51, 2842 MHz, 13801 MHz, 22426 MiB, 100 %, P1
2026/06/11 15:44:26.548, 325.34 W, 49, 2842 MHz, 13801 MHz, 22426 MiB, 3 %, P1
2026/06/11 15:44:27.560, 250.66 W, 45, 2857 MHz, 13801 MHz, 22426 MiB, 19 %, P1
2026/06/11 15:44:28.561, 286.45 W, 45, 2857 MHz, 13801 MHz, 22426 MiB, 12 %, P1
2026/06/11 15:44:29.567, 315.18 W, 50, 2850 MHz, 13801 MHz, 22426 MiB, 81 %, P1
2026/06/11 15:44:30.570, 308.48 W, 50, 2842 MHz, 13801 MHz, 22426 MiB, 100 %, P1
2026/06/11 15:44:31.587, 300.76 W, 46, 2850 MHz, 13801 MHz, 22426 MiB, 0 %, P1
2026/06/11 15:44:32.588, 290.06 W, 49, 2850 MHz, 13801 MHz, 22426 MiB, 99 %, P1
2026/06/11 15:44:33.604, 316.56 W, 48, 2850 MHz, 13801 MHz, 22426 MiB, 5 %, P1
2026/06/11 15:44:34.609, 251.19 W, 48, 2857 MHz, 13801 MHz, 22426 MiB, 81 %, P1
2026/06/11 15:44:35.610, 331.21 W, 55, 2842 MHz, 13801 MHz, 22426 MiB, 100 %, P1
2026/06/11 15:44:36.614, 280.43 W, 45, 2857 MHz, 13801 MHz, 22426 MiB, 7 %, P1
2026/06/11 15:44:37.621, 284.67 W, 48, 2850 MHz, 13801 MHz, 22426 MiB, 100 %, P1
2026/06/11 15:44:38.623, 285.39 W, 48, 2857 MHz, 13801 MHz, 22426 MiB, 48 %, P1
2026/06/11 15:44:39.628, 281.98 W, 44, 2857 MHz, 13801 MHz, 22426 MiB, 1 %, P1
2026/06/11 15:44:40.642, 298.13 W, 44, 2857 MHz, 13801 MHz, 22426 MiB, 17 %, P1
2026/06/11 15:44:41.648, 280.74 W, 45, 2857 MHz, 13801 MHz, 22426 MiB, 17 %, P1
2026/06/11 15:44:42.654, 308.72 W, 51, 2842 MHz, 13801 MHz, 22426 MiB, 99 %, P1
2026/06/11 15:44:43.670, 325.95 W, 55, 2842 MHz, 13801 MHz, 22426 MiB, 100 %, P1
2026/06/11 15:44:44.673, 287.37 W, 49, 2842 MHz, 13801 MHz, 22426 MiB, 21 %, P1
2026/06/11 15:44:45.686, 251.94 W, 45, 2857 MHz, 13801 MHz, 22426 MiB, 21 %, P1
2026/06/11 15:44:46.696, 328.07 W, 54, 2842 MHz, 13801 MHz, 22426 MiB, 100 %, P1
2026/06/11 15:44:47.698, 286.14 W, 45, 2857 MHz, 13801 MHz, 22426 MiB, 19 %, P1
2026/06/11 15:44:48.705, 302.23 W, 51, 2850 MHz, 13801 MHz, 22426 MiB, 98 %, P1
2026/06/11 15:44:49.720, 330.31 W, 55, 2842 MHz, 13801 MHz, 22426 MiB, 100 %, P1
2026/06/11 15:44:50.738, 280.19 W, 45, 2850 MHz, 13801 MHz, 22426 MiB, 1 %, P1
2026/06/11 15:44:51.740, 287.02 W, 49, 2850 MHz, 13801 MHz, 22426 MiB, 99 %, P1
2026/06/11 15:44:52.753, 295.82 W, 51, 2842 MHz, 13801 MHz, 22426 MiB, 99 %, P1
2026/06/11 15:44:53.754, 287.27 W, 47, 2850 MHz, 13801 MHz, 22426 MiB, 54 %, P1
2026/06/11 15:44:54.754, 295.02 W, 48, 2850 MHz, 13801 MHz, 22426 MiB, 53 %, P1
2026/06/11 15:44:55.769, 295.20 W, 49, 2850 MHz, 13801 MHz, 22426 MiB, 49 %, P1
2026/06/11 15:44:56.771, 298.51 W, 50, 2850 MHz, 13801 MHz, 22426 MiB, 59 %, P1
2026/06/11 15:44:57.786, 298.08 W, 50, 2850 MHz, 13801 MHz, 22426 MiB, 57 %, P1
2026/06/11 15:44:58.788, 298.34 W, 52, 2850 MHz, 13801 MHz, 22426 MiB, 66 %, P1
2026/06/11 15:44:59.803, 296.65 W, 50, 2850 MHz, 13801 MHz, 22426 MiB, 59 %, P1
2026/06/11 15:45:00.804, 297.35 W, 53, 2850 MHz, 13801 MHz, 22426 MiB, 72 %, P1
2026/06/11 15:45:01.814, 296.88 W, 50, 2850 MHz, 13801 MHz, 22426 MiB, 59 %, P1
2026/06/11 15:45:02.826, 291.28 W, 50, 2857 MHz, 13801 MHz, 22426 MiB, 53 %, P1
2026/06/11 15:45:03.841, 317.77 W, 54, 2842 MHz, 13801 MHz, 22426 MiB, 100 %, P1
2026/06/11 15:45:04.854, 267.14 W, 49, 2857 MHz, 13801 MHz, 22426 MiB, 24 %, P1
2026/06/11 15:45:05.861, 291.46 W, 49, 2850 MHz, 13801 MHz, 22426 MiB, 100 %, P1
2026/06/11 15:45:06.865, 308.28 W, 50, 2850 MHz, 13801 MHz, 22426 MiB, 99 %, P1
2026/06/11 15:45:07.870, 293.68 W, 47, 2850 MHz, 13801 MHz, 22426 MiB, 19 %, P1
2026/06/11 15:45:08.878, 299.87 W, 50, 2850 MHz, 13801 MHz, 22426 MiB, 99 %, P1
2026/06/11 15:45:09.893, 322.20 W, 51, 2842 MHz, 13801 MHz, 22426 MiB, 59 %, P1
2026/06/11 15:45:10.904, 276.14 W, 45, 2857 MHz, 13801 MHz, 22426 MiB, 20 %, P1
2026/06/11 15:45:11.915, 306.74 W, 52, 2842 MHz, 13801 MHz, 22426 MiB, 99 %, P1
2026/06/11 15:45:12.928, 289.78 W, 51, 2850 MHz, 13801 MHz, 22426 MiB, 99 %, P1
2026/06/11 15:45:13.937, 324.77 W, 54, 2842 MHz, 13801 MHz, 22426 MiB, 100 %, P1
2026/06/11 15:45:14.946, 322.67 W, 50, 2842 MHz, 13801 MHz, 22426 MiB, 41 %, P1
2026/06/11 15:45:15.954, 263.05 W, 47, 2857 MHz, 13801 MHz, 22426 MiB, 28 %, P1
2026/06/11 15:45:16.964, 304.06 W, 51, 2842 MHz, 13801 MHz, 22426 MiB, 99 %, P1
2026/06/11 15:45:17.976, 301.94 W, 49, 2857 MHz, 13801 MHz, 22426 MiB, 51 %, P1
2026/06/11 15:45:18.989, 310.10 W, 51, 2850 MHz, 13801 MHz, 22426 MiB, 99 %, P1
2026/06/11 15:45:20.002, 348.87 W, 56, 2842 MHz, 13801 MHz, 22426 MiB, 100 %, P1
2026/06/11 15:45:21.011, 264.47 W, 46, 2850 MHz, 13801 MHz, 22426 MiB, 0 %, P1
2026/06/11 15:45:22.017, 268.65 W, 48, 2850 MHz, 13801 MHz, 22426 MiB, 100 %, P1
2026/06/11 15:45:23.024, 311.39 W, 51, 2842 MHz, 13801 MHz, 22426 MiB, 100 %, P1
2026/06/11 15:45:24.027, 300.61 W, 47, 2850 MHz, 13801 MHz, 22426 MiB, 0 %, P1
2026/06/11 15:45:25.036, 262.57 W, 47, 2857 MHz, 13801 MHz, 22426 MiB, 90 %, P1
2026/06/11 15:45:26.038, 327.15 W, 49, 2842 MHz, 13801 MHz, 22426 MiB, 29 %, P1
2026/06/11 15:45:27.047, 260.35 W, 48, 2857 MHz, 13801 MHz, 22426 MiB, 96 %, P1
2026/06/11 15:45:28.053, 322.92 W, 51, 2842 MHz, 13801 MHz, 22426 MiB, 54 %, P1
2026/06/11 15:45:29.062, 266.78 W, 50, 2857 MHz, 13801 MHz, 22426 MiB, 64 %, P1
2026/06/11 15:45:30.075, 318.12 W, 54, 2842 MHz, 13801 MHz, 22426 MiB, 100 %, P1
2026/06/11 15:45:31.082, 267.37 W, 45, 2850 MHz, 13801 MHz, 22426 MiB, 8 %, P1
2026/06/11 15:45:32.094, 273.80 W, 50, 2850 MHz, 13801 MHz, 22426 MiB, 99 %, P1
2026/06/11 15:45:33.100, 296.10 W, 46, 2850 MHz, 13801 MHz, 22426 MiB, 0 %, P1
2026/06/11 15:45:34.109, 272.15 W, 50, 2850 MHz, 13801 MHz, 22426 MiB, 99 %, P1
2026/06/11 15:45:35.113, 291.62 W, 46, 2850 MHz, 13801 MHz, 22426 MiB, 0 %, P1
2026/06/11 15:45:36.125, 260.44 W, 48, 2857 MHz, 13801 MHz, 22426 MiB, 98 %, P1
2026/06/11 15:45:37.131, 313.18 W, 48, 2842 MHz, 13801 MHz, 22426 MiB, 12 %, P1
2026/06/11 15:45:38.141, 274.58 W, 51, 2850 MHz, 13801 MHz, 22426 MiB, 99 %, P1
2026/06/11 15:45:39.149, 304.18 W, 47, 2850 MHz, 13801 MHz, 22426 MiB, 0 %, P1
2026/06/11 15:45:40.160, 275.48 W, 51, 2850 MHz, 13801 MHz, 22426 MiB, 99 %, P1
2026/06/11 15:45:41.166, 303.49 W, 47, 2850 MHz, 13801 MHz, 22426 MiB, 0 %, P1
2026/06/11 15:45:42.177, 274.27 W, 50, 2850 MHz, 13801 MHz, 22426 MiB, 99 %, P1
2026/06/11 15:45:43.187, 308.03 W, 54, 2842 MHz, 13801 MHz, 22426 MiB, 100 %, P1
2026/06/11 15:45:44.194, 271.11 W, 46, 2850 MHz, 13801 MHz, 22426 MiB, 0 %, P1
2026/06/11 15:45:45.205, 268.56 W, 51, 2850 MHz, 13801 MHz, 22426 MiB, 99 %, P1
2026/06/11 15:45:46.211, 292.04 W, 46, 2850 MHz, 13801 MHz, 22426 MiB, 0 %, P1
2026/06/11 15:45:47.221, 279.72 W, 51, 2850 MHz, 13801 MHz, 22426 MiB, 99 %, P1
2026/06/11 15:45:48.231, 335.78 W, 57, 2842 MHz, 13801 MHz, 22426 MiB, 100 %, P1
2026/06/11 15:45:49.239, 256.86 W, 47, 2857 MHz, 13801 MHz, 22426 MiB, 24 %, P1
2026/06/11 15:45:50.249, 290.54 W, 50, 2842 MHz, 13801 MHz, 22426 MiB, 100 %, P1
2026/06/11 15:45:51.256, 313.32 W, 51, 2842 MHz, 13801 MHz, 22426 MiB, 40 %, P1
2026/06/11 15:45:52.266, 305.25 W, 53, 2850 MHz, 13801 MHz, 22426 MiB, 99 %, P1
2026/06/11 15:45:53.274, 299.04 W, 49, 2842 MHz, 13801 MHz, 22426 MiB, 100 %, P1
2026/06/11 15:45:54.284, 328.67 W, 49, 2842 MHz, 13801 MHz, 22426 MiB, 14 %, P1
2026/06/11 15:45:55.290, 270.45 W, 49, 2850 MHz, 13801 MHz, 22426 MiB, 95 %, P1
2026/06/11 15:45:56.299, 341.59 W, 55, 2842 MHz, 13801 MHz, 22426 MiB, 100 %, P1
2026/06/11 15:45:57.307, 291.28 W, 49, 2857 MHz, 13801 MHz, 22426 MiB, 45 %, P1
2026/06/11 15:45:58.315, 338.68 W, 55, 2842 MHz, 13801 MHz, 22426 MiB, 88 %, P1
2026/06/11 15:45:59.323, 275.77 W, 46, 2857 MHz, 13801 MHz, 22426 MiB, 26 %, P1
2026/06/11 15:46:00.331, 304.29 W, 51, 2850 MHz, 13801 MHz, 22426 MiB, 99 %, P1
2026/06/11 15:46:01.343, 326.23 W, 54, 2842 MHz, 13801 MHz, 22426 MiB, 100 %, P1
2026/06/11 15:46:02.355, 310.64 W, 53, 2842 MHz, 13801 MHz, 22426 MiB, 100 %, P1
2026/06/11 15:46:03.358, 284.62 W, 51, 2842 MHz, 13801 MHz, 22426 MiB, 100 %, P1
2026/06/11 15:46:04.360, 315.50 W, 52, 2842 MHz, 13801 MHz, 22426 MiB, 100 %, P1
2026/06/11 15:46:05.360, 318.70 W, 56, 2842 MHz, 13801 MHz, 22426 MiB, 76 %, P1
2026/06/11 15:46:06.371, 282.01 W, 46, 2857 MHz, 13801 MHz, 22426 MiB, 28 %, P1
2026/06/11 15:46:07.385, 294.05 W, 44, 2857 MHz, 13801 MHz, 22426 MiB, 0 %, P1
2026/06/11 15:46:08.396, 277.86 W, 51, 2850 MHz, 13801 MHz, 22426 MiB, 99 %, P1
2026/06/11 15:46:09.410, 323.13 W, 49, 2842 MHz, 13801 MHz, 22426 MiB, 35 %, P1
2026/06/11 15:46:10.421, 271.20 W, 48, 2850 MHz, 13801 MHz, 22426 MiB, 100 %, P1
2026/06/11 15:46:11.435, 340.39 W, 55, 2842 MHz, 13801 MHz, 22426 MiB, 100 %, P1
2026/06/11 15:46:12.445, 257.45 W, 45, 2850 MHz, 13801 MHz, 22426 MiB, 0 %, P1
2026/06/11 15:46:13.455, 282.28 W, 48, 2850 MHz, 13801 MHz, 22426 MiB, 98 %, P1
2026/06/11 15:46:14.467, 317.90 W, 53, 2842 MHz, 13801 MHz, 22426 MiB, 100 %, P1
2026/06/11 15:46:15.475, 261.74 W, 47, 2857 MHz, 13801 MHz, 22426 MiB, 24 %, P1
2026/06/11 15:46:16.487, 282.53 W, 49, 2850 MHz, 13801 MHz, 22426 MiB, 100 %, P1
2026/06/11 15:46:17.500, 297.97 W, 49, 2850 MHz, 13801 MHz, 22426 MiB, 64 %, P1
2026/06/11 15:46:18.506, 307.47 W, 51, 2850 MHz, 13801 MHz, 22426 MiB, 67 %, P1
2026/06/11 15:46:19.512, 311.87 W, 50, 2850 MHz, 13801 MHz, 22426 MiB, 58 %, P1
2026/06/11 15:46:20.518, 312.93 W, 51, 2850 MHz, 13801 MHz, 22426 MiB, 62 %, P1
2026/06/11 15:46:21.525, 307.53 W, 50, 2850 MHz, 13801 MHz, 22426 MiB, 61 %, P1
2026/06/11 15:46:22.532, 314.23 W, 53, 2850 MHz, 13801 MHz, 22426 MiB, 77 %, P1
2026/06/11 15:46:23.540, 305.81 W, 50, 2850 MHz, 13801 MHz, 22426 MiB, 59 %, P1
2026/06/11 15:46:24.547, 313.11 W, 53, 2850 MHz, 13801 MHz, 22426 MiB, 77 %, P1
2026/06/11 15:46:25.555, 303.67 W, 50, 2850 MHz, 13801 MHz, 22426 MiB, 99 %, P1
2026/06/11 15:46:26.567, 331.88 W, 55, 2842 MHz, 13801 MHz, 22426 MiB, 100 %, P1
2026/06/11 15:46:27.579, 273.02 W, 46, 2857 MHz, 13801 MHz, 22426 MiB, 24 %, P1
2026/06/11 15:46:28.594, 302.85 W, 49, 2842 MHz, 13801 MHz, 22426 MiB, 100 %, P1
2026/06/11 15:46:29.606, 340.52 W, 56, 2842 MHz, 13801 MHz, 22426 MiB, 100 %, P1
2026/06/11 15:46:30.616, 286.58 W, 47, 2850 MHz, 13801 MHz, 22426 MiB, 0 %, P1
2026/06/11 15:46:31.629, 283.39 W, 50, 2842 MHz, 13801 MHz, 22426 MiB, 99 %, P1
2026/06/11 15:46:32.641, 327.78 W, 55, 2842 MHz, 13801 MHz, 22426 MiB, 100 %, P1
2026/06/11 15:46:33.652, 245.19 W, 46, 2857 MHz, 13801 MHz, 22426 MiB, 32 %, P1
2026/06/11 15:46:34.661, 302.04 W, 50, 2842 MHz, 13801 MHz, 22426 MiB, 99 %, P1
2026/06/11 15:46:35.669, 338.19 W, 55, 2842 MHz, 13801 MHz, 22426 MiB, 100 %, P1
2026/06/11 15:46:36.677, 310.86 W, 49, 2842 MHz, 13801 MHz, 22426 MiB, 24 %, P1
2026/06/11 15:46:37.677, 298.48 W, 47, 2850 MHz, 13801 MHz, 22426 MiB, 0 %, P1
2026/06/11 15:46:38.691, 251.60 W, 49, 2857 MHz, 13801 MHz, 22426 MiB, 72 %, P1
2026/06/11 15:46:39.694, 329.88 W, 54, 2842 MHz, 13801 MHz, 22426 MiB, 100 %, P1
2026/06/11 15:46:40.694, 320.37 W, 55, 2842 MHz, 13801 MHz, 22426 MiB, 100 %, P1
2026/06/11 15:46:41.702, 297.49 W, 54, 2842 MHz, 13801 MHz, 22426 MiB, 100 %, P1
2026/06/11 15:46:42.702, 274.43 W, 45, 2850 MHz, 13801 MHz, 22426 MiB, 0 %, P1
2026/06/11 15:46:43.704, 281.12 W, 44, 2857 MHz, 13801 MHz, 22426 MiB, 13 %, P1
2026/06/11 15:46:44.704, 301.45 W, 49, 2842 MHz, 13801 MHz, 22426 MiB, 100 %, P1
2026/06/11 15:46:45.715, 313.30 W, 48, 2842 MHz, 13801 MHz, 22426 MiB, 4 %, P1
2026/06/11 15:46:46.728, 263.15 W, 44, 2857 MHz, 13801 MHz, 22426 MiB, 11 %, P1
2026/06/11 15:46:47.733, 290.70 W, 49, 2842 MHz, 13801 MHz, 22426 MiB, 99 %, P1
2026/06/11 15:46:48.740, 297.03 W, 45, 2850 MHz, 13801 MHz, 22426 MiB, 1 %, P1
2026/06/11 15:46:49.748, 290.64 W, 49, 2842 MHz, 13801 MHz, 22426 MiB, 99 %, P1
2026/06/11 15:46:50.755, 293.50 W, 46, 2850 MHz, 13801 MHz, 22426 MiB, 0 %, P1
2026/06/11 15:46:51.761, 265.09 W, 50, 2850 MHz, 13801 MHz, 22426 MiB, 99 %, P1
2026/06/11 15:46:52.767, 308.94 W, 47, 2850 MHz, 13801 MHz, 22426 MiB, 0 %, P1
2026/06/11 15:46:53.775, 288.40 W, 46, 2850 MHz, 13801 MHz, 22426 MiB, 0 %, P1
2026/06/11 15:46:54.786, 262.49 W, 49, 2850 MHz, 13801 MHz, 22426 MiB, 99 %, P1
2026/06/11 15:46:55.791, 303.76 W, 46, 2850 MHz, 13801 MHz, 22426 MiB, 0 %, P1
2026/06/11 15:46:56.796, 278.47 W, 50, 2850 MHz, 13801 MHz, 22426 MiB, 98 %, P1
2026/06/11 15:46:57.808, 304.15 W, 47, 2850 MHz, 13801 MHz, 22426 MiB, 0 %, P1
2026/06/11 15:46:58.816, 256.15 W, 48, 2857 MHz, 13801 MHz, 22426 MiB, 70 %, P1
2026/06/11 15:46:59.823, 314.03 W, 48, 2842 MHz, 13801 MHz, 22426 MiB, 12 %, P1
2026/06/11 15:47:00.829, 267.14 W, 50, 2850 MHz, 13801 MHz, 22426 MiB, 99 %, P1
2026/06/11 15:47:01.835, 310.96 W, 47, 2850 MHz, 13801 MHz, 22426 MiB, 0 %, P1
2026/06/11 15:47:02.839, 265.58 W, 49, 2850 MHz, 13801 MHz, 22426 MiB, 99 %, P1
2026/06/11 15:47:03.851, 313.56 W, 49, 2842 MHz, 13801 MHz, 22426 MiB, 19 %, P1
2026/06/11 15:47:04.856, 257.47 W, 48, 2857 MHz, 13801 MHz, 22426 MiB, 87 %, P1
2026/06/11 15:47:05.866, 317.79 W, 53, 2842 MHz, 13801 MHz, 22426 MiB, 100 %, P1
2026/06/11 15:47:06.878, 295.87 W, 46, 2850 MHz, 13801 MHz, 22426 MiB, 0 %, P1
2026/06/11 15:47:07.883, 275.97 W, 52, 2850 MHz, 13801 MHz, 22426 MiB, 98 %, P1
2026/06/11 15:47:08.892, 304.96 W, 48, 2850 MHz, 13801 MHz, 22426 MiB, 0 %, P1
2026/06/11 15:47:09.897, 273.07 W, 51, 2850 MHz, 13801 MHz, 22426 MiB, 99 %, P1
2026/06/11 15:47:10.908, 331.62 W, 57, 2842 MHz, 13801 MHz, 22426 MiB, 100 %, P1
2026/06/11 15:47:11.916, 286.27 W, 46, 2850 MHz, 13801 MHz, 22426 MiB, 9 %, P1
2026/06/11 15:47:12.926, 297.05 W, 51, 2842 MHz, 13801 MHz, 22426 MiB, 99 %, P1
2026/06/11 15:47:13.934, 328.57 W, 56, 2842 MHz, 13801 MHz, 22426 MiB, 88 %, P1
2026/06/11 15:47:14.946, 296.65 W, 48, 2850 MHz, 13801 MHz, 22426 MiB, 0 %, P1
2026/06/11 15:47:15.960, 273.21 W, 48, 2850 MHz, 13801 MHz, 22426 MiB, 0 %, P1
2026/06/11 15:47:16.970, 245.99 W, 49, 2857 MHz, 13801 MHz, 22426 MiB, 28 %, P1
2026/06/11 15:47:17.981, 303.07 W, 50, 2850 MHz, 13801 MHz, 22426 MiB, 99 %, P1
2026/06/11 15:47:18.991, 314.07 W, 47, 2850 MHz, 13801 MHz, 22426 MiB, 0 %, P1
2026/06/11 15:47:20.000, 273.30 W, 51, 2850 MHz, 13801 MHz, 22426 MiB, 98 %, P1
2026/06/11 15:47:21.007, 312.84 W, 48, 2850 MHz, 13801 MHz, 22426 MiB, 2 %, P1
2026/06/11 15:47:22.016, 260.53 W, 49, 2850 MHz, 13801 MHz, 22426 MiB, 100 %, P1
2026/06/11 15:47:23.028, 327.95 W, 55, 2842 MHz, 13801 MHz, 22426 MiB, 100 %, P1
2026/06/11 15:47:24.035, 282.39 W, 46, 2850 MHz, 13801 MHz, 22426 MiB, 0 %, P1
2026/06/11 15:47:25.041, 285.34 W, 46, 2857 MHz, 13801 MHz, 22426 MiB, 0 %, P1
2026/06/11 15:47:26.055, 303.33 W, 46, 2857 MHz, 13801 MHz, 22426 MiB, 0 %, P1
2026/06/11 15:47:27.064, 281.01 W, 47, 2850 MHz, 13801 MHz, 22426 MiB, 0 %, P1
2026/06/11 15:47:28.074, 302.33 W, 46, 2857 MHz, 13801 MHz, 22426 MiB, 0 %, P1
2026/06/11 15:47:29.078, 246.15 W, 49, 2857 MHz, 13801 MHz, 22426 MiB, 50 %, P1
2026/06/11 15:47:30.090, 301.76 W, 52, 2842 MHz, 13801 MHz, 22426 MiB, 99 %, P1
2026/06/11 15:47:31.102, 289.46 W, 49, 2850 MHz, 13801 MHz, 22426 MiB, 99 %, P1
2026/06/11 15:47:32.108, 318.68 W, 48, 2850 MHz, 13801 MHz, 22426 MiB, 0 %, P1
2026/06/11 15:47:33.119, 251.05 W, 49, 2850 MHz, 13801 MHz, 22426 MiB, 100 %, P1
2026/06/11 15:47:34.120, 328.11 W, 49, 2842 MHz, 13801 MHz, 22426 MiB, 24 %, P1
2026/06/11 15:47:35.121, 258.19 W, 46, 2857 MHz, 13801 MHz, 22426 MiB, 28 %, P1
2026/06/11 15:47:36.121, 290.57 W, 50, 2850 MHz, 13801 MHz, 22426 MiB, 98 %, P1
2026/06/11 15:47:37.131, 335.06 W, 56, 2842 MHz, 13801 MHz, 22426 MiB, 98 %, P1
2026/06/11 15:47:38.134, 267.54 W, 46, 2857 MHz, 13801 MHz, 22426 MiB, 23 %, P1
2026/06/11 15:47:39.141, 303.63 W, 53, 2842 MHz, 13801 MHz, 22426 MiB, 100 %, P1
2026/06/11 15:47:40.142, 330.62 W, 57, 2842 MHz, 13801 MHz, 22426 MiB, 100 %, P1
2026/06/11 15:47:41.150, 255.05 W, 53, 2850 MHz, 13801 MHz, 22426 MiB, 72 %, P1
2026/06/11 15:47:42.154, 323.70 W, 51, 2850 MHz, 13801 MHz, 22426 MiB, 77 %, P1
2026/06/11 15:47:43.162, 312.49 W, 50, 2850 MHz, 13801 MHz, 22426 MiB, 62 %, P1
2026/06/11 15:47:44.171, 316.45 W, 49, 2842 MHz, 13801 MHz, 22426 MiB, 61 %, P1
2026/06/11 15:47:45.186, 320.31 W, 54, 2850 MHz, 13801 MHz, 22426 MiB, 77 %, P1
2026/06/11 15:47:46.192, 310.68 W, 51, 2850 MHz, 13801 MHz, 22426 MiB, 64 %, P1
2026/06/11 15:47:47.192, 316.89 W, 49, 2850 MHz, 13801 MHz, 22426 MiB, 65 %, P1
2026/06/11 15:47:48.196, 319.36 W, 52, 2850 MHz, 13801 MHz, 22426 MiB, 67 %, P1
2026/06/11 15:47:49.211, 324.13 W, 52, 2850 MHz, 13801 MHz, 22426 MiB, 77 %, P1
2026/06/11 15:47:50.225, 320.39 W, 51, 2842 MHz, 13801 MHz, 22426 MiB, 71 %, P1
2026/06/11 15:47:51.227, 314.66 W, 51, 2850 MHz, 13801 MHz, 22426 MiB, 63 %, P1
2026/06/11 15:47:52.243, 319.04 W, 50, 2850 MHz, 13801 MHz, 22426 MiB, 66 %, P1
2026/06/11 15:47:53.244, 319.42 W, 53, 2850 MHz, 13801 MHz, 22426 MiB, 67 %, P1
2026/06/11 15:47:54.244, 324.48 W, 54, 2850 MHz, 13801 MHz, 22426 MiB, 77 %, P1
2026/06/11 15:47:55.246, 322.84 W, 53, 2850 MHz, 13801 MHz, 22426 MiB, 77 %, P1
2026/06/11 15:47:56.247, 313.98 W, 52, 2850 MHz, 13801 MHz, 22426 MiB, 65 %, P1
2026/06/11 15:47:57.253, 320.12 W, 51, 2850 MHz, 13801 MHz, 22426 MiB, 65 %, P1
2026/06/11 15:47:58.254, 319.29 W, 52, 2842 MHz, 13801 MHz, 22426 MiB, 67 %, P1
2026/06/11 15:47:59.254, 324.68 W, 54, 2850 MHz, 13801 MHz, 22426 MiB, 77 %, P1
2026/06/11 15:48:00.255, 321.25 W, 51, 2850 MHz, 13801 MHz, 22426 MiB, 68 %, P1
2026/06/11 15:48:01.268, 318.61 W, 52, 2850 MHz, 13801 MHz, 22426 MiB, 66 %, P1
2026/06/11 15:48:02.270, 321.59 W, 50, 2842 MHz, 13801 MHz, 22426 MiB, 65 %, P1
2026/06/11 15:48:03.285, 330.62 W, 53, 2850 MHz, 13801 MHz, 22426 MiB, 97 %, P1
2026/06/11 15:48:04.288, 332.93 W, 50, 2842 MHz, 13801 MHz, 22426 MiB, 44 %, P1
2026/06/11 15:48:05.303, 321.59 W, 50, 2842 MHz, 13801 MHz, 22426 MiB, 41 %, P1
2026/06/11 15:48:06.319, 319.56 W, 52, 2850 MHz, 13801 MHz, 22426 MiB, 72 %, P1
2026/06/11 15:48:07.335, 343.37 W, 55, 2842 MHz, 13801 MHz, 22426 MiB, 81 %, P1
2026/06/11 15:48:08.338, 315.85 W, 51, 2850 MHz, 13801 MHz, 22426 MiB, 58 %, P1
2026/06/11 15:48:09.345, 323.45 W, 52, 2850 MHz, 13801 MHz, 22426 MiB, 86 %, P1
2026/06/11 15:48:10.354, 317.61 W, 51, 2850 MHz, 13801 MHz, 22426 MiB, 58 %, P1
2026/06/11 15:48:11.363, 313.44 W, 50, 2850 MHz, 13801 MHz, 22426 MiB, 74 %, P1
2026/06/11 15:48:12.367, 337.42 W, 52, 2842 MHz, 13801 MHz, 22426 MiB, 98 %, P1
2026/06/11 15:48:13.382, 320.39 W, 52, 2842 MHz, 13801 MHz, 22426 MiB, 64 %, P1
2026/06/11 15:48:14.382, 321.35 W, 51, 2842 MHz, 13801 MHz, 22426 MiB, 58 %, P1
2026/06/11 15:48:15.383, 320.54 W, 50, 2842 MHz, 13801 MHz, 22426 MiB, 53 %, P1
2026/06/11 15:48:16.388, 334.18 W, 55, 2842 MHz, 13801 MHz, 22426 MiB, 81 %, P1
2026/06/11 15:48:17.390, 327.69 W, 54, 2842 MHz, 13801 MHz, 22426 MiB, 99 %, P1
2026/06/11 15:48:18.403, 310.52 W, 51, 2842 MHz, 13801 MHz, 22426 MiB, 60 %, P1
2026/06/11 15:48:19.404, 326.29 W, 51, 2850 MHz, 13801 MHz, 22426 MiB, 78 %, P1
2026/06/11 15:48:20.406, 319.80 W, 54, 2842 MHz, 13801 MHz, 22426 MiB, 71 %, P1
2026/06/11 15:48:21.406, 316.10 W, 48, 2842 MHz, 13801 MHz, 22426 MiB, 5 %, P1
2026/06/11 15:48:22.421, 325.46 W, 55, 2842 MHz, 13801 MHz, 22426 MiB, 74 %, P1
2026/06/11 15:48:23.435, 311.05 W, 50, 2842 MHz, 13801 MHz, 22426 MiB, 34 %, P1
2026/06/11 15:48:24.445, 311.10 W, 48, 2842 MHz, 13801 MHz, 22426 MiB, 7 %, P1
2026/06/11 15:48:25.446, 292.36 W, 48, 2850 MHz, 13801 MHz, 22426 MiB, 51 %, P1
2026/06/11 15:48:26.454, 321.05 W, 51, 2842 MHz, 13801 MHz, 22426 MiB, 56 %, P1
2026/06/11 15:48:27.463, 328.63 W, 53, 2842 MHz, 13801 MHz, 22426 MiB, 97 %, P1
2026/06/11 15:48:28.466, 332.38 W, 50, 2842 MHz, 13801 MHz, 22426 MiB, 54 %, P1
2026/06/11 15:48:29.480, 332.75 W, 51, 2842 MHz, 13801 MHz, 22426 MiB, 57 %, P1
2026/06/11 15:48:30.481, 340.37 W, 54, 2842 MHz, 13801 MHz, 22426 MiB, 97 %, P1
2026/06/11 15:48:31.496, 325.20 W, 50, 2842 MHz, 13801 MHz, 22426 MiB, 55 %, P1
2026/06/11 15:48:32.496, 332.98 W, 51, 2842 MHz, 13801 MHz, 22426 MiB, 55 %, P1
2026/06/11 15:48:33.510, 340.59 W, 53, 2850 MHz, 13801 MHz, 22426 MiB, 97 %, P1
2026/06/11 15:48:34.524, 337.22 W, 50, 2842 MHz, 13801 MHz, 22426 MiB, 55 %, P1
2026/06/11 15:48:35.527, 335.99 W, 52, 2842 MHz, 13801 MHz, 22426 MiB, 61 %, P1
2026/06/11 15:48:36.535, 316.73 W, 51, 2850 MHz, 13801 MHz, 22426 MiB, 69 %, P1
2026/06/11 15:48:37.548, 325.90 W, 50, 2842 MHz, 13801 MHz, 22426 MiB, 51 %, P1
2026/06/11 15:48:38.553, 322.29 W, 51, 2850 MHz, 13801 MHz, 22426 MiB, 98 %, P1
2026/06/11 15:48:39.562, 319.90 W, 51, 2842 MHz, 13801 MHz, 22426 MiB, 53 %, P1
2026/06/11 15:48:40.565, 321.75 W, 52, 2842 MHz, 13801 MHz, 22426 MiB, 61 %, P1
2026/06/11 15:48:41.573, 332.55 W, 53, 2842 MHz, 13801 MHz, 22426 MiB, 97 %, P1
2026/06/11 15:48:42.581, 330.79 W, 51, 2842 MHz, 13801 MHz, 22426 MiB, 59 %, P1
2026/06/11 15:48:43.589, 337.49 W, 51, 2842 MHz, 13801 MHz, 22426 MiB, 58 %, P1
2026/06/11 15:48:44.597, 318.41 W, 51, 2842 MHz, 13801 MHz, 22426 MiB, 78 %, P1
2026/06/11 15:48:45.605, 337.49 W, 55, 2842 MHz, 13801 MHz, 22426 MiB, 75 %, P1
2026/06/11 15:48:46.613, 335.13 W, 51, 2842 MHz, 13801 MHz, 22426 MiB, 54 %, P1
2026/06/11 15:48:47.620, 333.77 W, 52, 2850 MHz, 13801 MHz, 22426 MiB, 82 %, P1
2026/06/11 15:48:48.628, 337.22 W, 54, 2842 MHz, 13801 MHz, 22426 MiB, 88 %, P1
2026/06/11 15:48:49.634, 330.36 W, 52, 2842 MHz, 13801 MHz, 22426 MiB, 64 %, P1
2026/06/11 15:48:50.640, 334.35 W, 54, 2842 MHz, 13801 MHz, 22426 MiB, 97 %, P1
2026/06/11 15:48:51.649, 325.38 W, 53, 2850 MHz, 13801 MHz, 22426 MiB, 98 %, P1
2026/06/11 15:48:52.656, 330.85 W, 54, 2842 MHz, 13801 MHz, 22426 MiB, 91 %, P1
2026/06/11 15:48:53.663, 326.18 W, 50, 2842 MHz, 13801 MHz, 22426 MiB, 59 %, P1
2026/06/11 15:48:54.671, 337.70 W, 52, 2842 MHz, 13801 MHz, 22426 MiB, 70 %, P1
2026/06/11 15:48:55.678, 336.91 W, 54, 2842 MHz, 13801 MHz, 22426 MiB, 87 %, P1
2026/06/11 15:48:56.688, 311.96 W, 48, 2842 MHz, 13801 MHz, 22426 MiB, 5 %, P1
2026/06/11 15:48:57.694, 306.60 W, 48, 2842 MHz, 13801 MHz, 22426 MiB, 4 %, P1
2026/06/11 15:48:58.700, 325.23 W, 51, 2842 MHz, 13801 MHz, 22426 MiB, 84 %, P1
2026/06/11 15:48:59.708, 320.78 W, 47, 2842 MHz, 13801 MHz, 22426 MiB, 24 %, P1
2026/06/11 15:49:00.716, 321.25 W, 51, 2842 MHz, 13801 MHz, 22426 MiB, 68 %, P1
2026/06/11 15:49:01.724, 326.85 W, 51, 2842 MHz, 13801 MHz, 22426 MiB, 86 %, P1
2026/06/11 15:49:02.731, 314.48 W, 50, 2842 MHz, 13801 MHz, 22426 MiB, 32 %, P1
2026/06/11 15:49:03.740, 326.50 W, 55, 2842 MHz, 13801 MHz, 22426 MiB, 76 %, P1
2026/06/11 15:49:04.748, 310.98 W, 51, 2842 MHz, 13801 MHz, 22426 MiB, 57 %, P1
2026/06/11 15:49:05.756, 319.39 W, 51, 2842 MHz, 13801 MHz, 22426 MiB, 76 %, P1
2026/06/11 15:49:06.764, 334.15 W, 53, 2842 MHz, 13801 MHz, 22426 MiB, 97 %, P1
2026/06/11 15:49:07.772, 335.78 W, 50, 2842 MHz, 13801 MHz, 22426 MiB, 53 %, P1
2026/06/11 15:49:08.780, 316.80 W, 49, 2842 MHz, 13801 MHz, 22426 MiB, 57 %, P1
2026/06/11 15:49:09.789, 331.80 W, 49, 2842 MHz, 13801 MHz, 22426 MiB, 29 %, P1
2026/06/11 15:49:10.795, 304.22 W, 50, 2842 MHz, 13801 MHz, 22426 MiB, 56 %, P1
2026/06/11 15:49:11.802, 315.84 W, 53, 2842 MHz, 13801 MHz, 22426 MiB, 97 %, P1
2026/06/11 15:49:12.810, 308.11 W, 49, 2842 MHz, 13801 MHz, 22426 MiB, 33 %, P1
2026/06/11 15:49:13.816, 298.20 W, 49, 2842 MHz, 13801 MHz, 22426 MiB, 43 %, P1
2026/06/11 15:49:14.823, 309.22 W, 51, 2842 MHz, 13801 MHz, 22426 MiB, 97 %, P1
2026/06/11 15:49:15.830, 308.30 W, 49, 2842 MHz, 13801 MHz, 22426 MiB, 46 %, P1
2026/06/11 15:49:16.837, 302.67 W, 50, 2842 MHz, 13801 MHz, 22426 MiB, 64 %, P1
2026/06/11 15:49:17.846, 310.90 W, 54, 2842 MHz, 13801 MHz, 22426 MiB, 86 %, P1
2026/06/11 15:49:18.853, 287.44 W, 48, 2850 MHz, 13801 MHz, 22426 MiB, 13 %, P1
2026/06/11 15:49:19.861, 305.81 W, 51, 2842 MHz, 13801 MHz, 22426 MiB, 82 %, P1
2026/06/11 15:49:20.868, 313.43 W, 54, 2842 MHz, 13801 MHz, 22426 MiB, 74 %, P1
2026/06/11 15:49:21.875, 293.15 W, 47, 2842 MHz, 13801 MHz, 22426 MiB, 24 %, P1
2026/06/11 15:49:22.881, 315.13 W, 52, 2842 MHz, 13801 MHz, 22426 MiB, 98 %, P1
2026/06/11 15:49:23.888, 302.96 W, 48, 2850 MHz, 13801 MHz, 22426 MiB, 28 %, P1
2026/06/11 15:49:24.896, 299.63 W, 50, 2842 MHz, 13801 MHz, 22426 MiB, 63 %, P1
2026/06/11 15:49:25.904, 308.12 W, 53, 2842 MHz, 13801 MHz, 22426 MiB, 97 %, P1
2026/06/11 15:49:26.912, 301.53 W, 50, 2842 MHz, 13801 MHz, 22426 MiB, 52 %, P1
2026/06/11 15:49:27.921, 299.14 W, 50, 2842 MHz, 13801 MHz, 22426 MiB, 36 %, P1
2026/06/11 15:49:28.929, 305.23 W, 50, 2842 MHz, 13801 MHz, 22426 MiB, 97 %, P1
2026/06/11 15:49:29.935, 306.90 W, 51, 2842 MHz, 13801 MHz, 22426 MiB, 59 %, P1
2026/06/11 15:49:30.944, 298.25 W, 49, 2850 MHz, 13801 MHz, 22426 MiB, 30 %, P1
2026/06/11 15:49:31.953, 301.95 W, 50, 2842 MHz, 13801 MHz, 22426 MiB, 97 %, P1
2026/06/11 15:49:32.961, 302.99 W, 52, 2842 MHz, 13801 MHz, 22426 MiB, 67 %, P1
2026/06/11 15:49:33.969, 290.22 W, 47, 2850 MHz, 13801 MHz, 22426 MiB, 23 %, P1
2026/06/11 15:49:34.980, 285.46 W, 51, 2842 MHz, 13801 MHz, 22426 MiB, 83 %, P1
2026/06/11 15:49:35.987, 305.43 W, 53, 2842 MHz, 13801 MHz, 22426 MiB, 98 %, P1
2026/06/11 15:49:36.997, 286.71 W, 48, 2842 MHz, 13801 MHz, 22426 MiB, 24 %, P1
2026/06/11 15:49:38.004, 302.75 W, 50, 2842 MHz, 13801 MHz, 22426 MiB, 98 %, P1
2026/06/11 15:49:39.011, 306.70 W, 50, 2842 MHz, 13801 MHz, 22426 MiB, 46 %, P1
2026/06/11 15:49:40.018, 295.73 W, 49, 2842 MHz, 13801 MHz, 22426 MiB, 49 %, P1
2026/06/11 15:49:41.027, 308.18 W, 53, 2842 MHz, 13801 MHz, 22426 MiB, 97 %, P1
2026/06/11 15:49:42.037, 293.89 W, 49, 2842 MHz, 13801 MHz, 22426 MiB, 33 %, P1
2026/06/11 15:49:43.045, 301.23 W, 51, 2842 MHz, 13801 MHz, 22426 MiB, 68 %, P1
2026/06/11 15:49:44.054, 309.73 W, 54, 2842 MHz, 13801 MHz, 22426 MiB, 82 %, P1
2026/06/11 15:49:45.062, 303.23 W, 50, 2842 MHz, 13801 MHz, 22426 MiB, 29 %, P1
2026/06/11 15:49:46.070, 301.61 W, 51, 2842 MHz, 13801 MHz, 22426 MiB, 98 %, P1
2026/06/11 15:49:47.077, 307.45 W, 54, 2842 MHz, 13801 MHz, 22426 MiB, 83 %, P1
2026/06/11 15:49:48.085, 283.68 W, 48, 2842 MHz, 13801 MHz, 22426 MiB, 16 %, P1
2026/06/11 15:49:49.093, 291.02 W, 51, 2842 MHz, 13801 MHz, 22426 MiB, 68 %, P1
2026/06/11 15:49:50.101, 310.51 W, 54, 2842 MHz, 13801 MHz, 22426 MiB, 96 %, P1
2026/06/11 15:49:51.110, 300.08 W, 49, 2842 MHz, 13801 MHz, 22426 MiB, 27 %, P1
2026/06/11 15:49:52.121, 300.70 W, 51, 2842 MHz, 13801 MHz, 22426 MiB, 67 %, P1
2026/06/11 15:49:53.135, 309.14 W, 54, 2842 MHz, 13801 MHz, 22426 MiB, 92 %, P1
2026/06/11 15:49:54.138, 284.74 W, 49, 2850 MHz, 13801 MHz, 22426 MiB, 19 %, P1
2026/06/11 15:49:55.153, 302.86 W, 51, 2842 MHz, 13801 MHz, 22426 MiB, 82 %, P1
2026/06/11 15:49:56.161, 308.26 W, 52, 2842 MHz, 13801 MHz, 22426 MiB, 67 %, P1
2026/06/11 15:49:57.167, 301.30 W, 50, 2842 MHz, 13801 MHz, 22426 MiB, 39 %, P1
2026/06/11 15:49:58.168, 308.43 W, 53, 2842 MHz, 13801 MHz, 22426 MiB, 97 %, P1
2026/06/11 15:49:59.168, 296.00 W, 50, 2842 MHz, 13801 MHz, 22426 MiB, 49 %, P1
2026/06/11 15:50:00.172, 296.64 W, 50, 2850 MHz, 13801 MHz, 22426 MiB, 32 %, P1
2026/06/11 15:50:01.174, 287.44 W, 51, 2842 MHz, 13801 MHz, 22426 MiB, 95 %, P1
2026/06/11 15:50:02.178, 306.33 W, 52, 2842 MHz, 13801 MHz, 22426 MiB, 67 %, P1
2026/06/11 15:50:03.181, 290.01 W, 48, 2842 MHz, 13801 MHz, 22426 MiB, 22 %, P1
2026/06/11 15:50:04.184, 291.97 W, 51, 2842 MHz, 13801 MHz, 22426 MiB, 97 %, P1
2026/06/11 15:50:05.193, 303.71 W, 52, 2842 MHz, 13801 MHz, 22426 MiB, 65 %, P1
2026/06/11 15:50:06.198, 285.24 W, 48, 2842 MHz, 13801 MHz, 22426 MiB, 9 %, P1
2026/06/11 15:50:07.203, 289.68 W, 51, 2842 MHz, 13801 MHz, 22426 MiB, 74 %, P1
2026/06/11 15:50:08.215, 310.72 W, 54, 2842 MHz, 13801 MHz, 22426 MiB, 95 %, P1
2026/06/11 15:50:09.220, 299.04 W, 49, 2850 MHz, 13801 MHz, 22426 MiB, 28 %, P1
2026/06/11 15:50:10.235, 301.25 W, 52, 2842 MHz, 13801 MHz, 22426 MiB, 75 %, P1
2026/06/11 15:50:11.238, 308.67 W, 55, 2842 MHz, 13801 MHz, 22426 MiB, 82 %, P1
2026/06/11 15:50:12.242, 301.03 W, 48, 2842 MHz, 13801 MHz, 22426 MiB, 19 %, P1
2026/06/11 15:50:13.249, 306.72 W, 51, 2842 MHz, 13801 MHz, 22426 MiB, 97 %, P1
2026/06/11 15:50:14.258, 302.37 W, 52, 2842 MHz, 13801 MHz, 22426 MiB, 61 %, P1
2026/06/11 15:50:15.264, 298.38 W, 48, 2850 MHz, 13801 MHz, 22426 MiB, 22 %, P1
2026/06/11 15:50:16.271, 288.38 W, 51, 2842 MHz, 13801 MHz, 22426 MiB, 94 %, P1
2026/06/11 15:50:17.279, 307.79 W, 52, 2842 MHz, 13801 MHz, 22426 MiB, 63 %, P1
2026/06/11 15:50:18.288, 301.05 W, 52, 2842 MHz, 13801 MHz, 22426 MiB, 72 %, P1
2026/06/11 15:50:19.297, 311.63 W, 55, 2842 MHz, 13801 MHz, 22426 MiB, 85 %, P1
2026/06/11 15:50:20.304, 286.24 W, 49, 2850 MHz, 13801 MHz, 22426 MiB, 15 %, P1
2026/06/11 15:50:21.312, 293.26 W, 51, 2842 MHz, 13801 MHz, 22426 MiB, 94 %, P1
2026/06/11 15:50:22.320, 307.55 W, 51, 2842 MHz, 13801 MHz, 22426 MiB, 55 %, P1
2026/06/11 15:50:23.326, 291.36 W, 50, 2842 MHz, 13801 MHz, 22426 MiB, 28 %, P1
2026/06/11 15:50:24.334, 289.48 W, 51, 2842 MHz, 13801 MHz, 22426 MiB, 97 %, P1
2026/06/11 15:50:25.341, 308.91 W, 53, 2842 MHz, 13801 MHz, 22426 MiB, 68 %, P1
2026/06/11 15:50:26.348, 289.98 W, 48, 2842 MHz, 13801 MHz, 22426 MiB, 18 %, P1
2026/06/11 15:50:27.356, 286.93 W, 52, 2842 MHz, 13801 MHz, 22426 MiB, 84 %, P1
2026/06/11 15:50:28.362, 311.27 W, 55, 2842 MHz, 13801 MHz, 22426 MiB, 85 %, P1
2026/06/11 15:50:29.370, 298.91 W, 49, 2842 MHz, 13801 MHz, 22426 MiB, 11 %, P1
2026/06/11 15:50:30.379, 298.83 W, 50, 2842 MHz, 13801 MHz, 22426 MiB, 56 %, P1
2026/06/11 15:50:31.386, 304.99 W, 53, 2842 MHz, 13801 MHz, 22426 MiB, 97 %, P1
2026/06/11 15:50:32.388, 294.86 W, 51, 2842 MHz, 13801 MHz, 22426 MiB, 47 %, P1
2026/06/11 15:50:33.404, 297.75 W, 51, 2850 MHz, 13801 MHz, 22426 MiB, 43 %, P1
2026/06/11 15:50:34.410, 298.15 W, 51, 2842 MHz, 13801 MHz, 22426 MiB, 97 %, P1
2026/06/11 15:50:35.415, 305.77 W, 55, 2842 MHz, 13801 MHz, 22426 MiB, 74 %, P1
2026/06/11 15:50:36.419, 295.77 W, 49, 2850 MHz, 13801 MHz, 22426 MiB, 12 %, P1
2026/06/11 15:50:37.420, 301.80 W, 52, 2842 MHz, 13801 MHz, 22426 MiB, 76 %, P1
2026/06/11 15:50:38.434, 308.03 W, 55, 2842 MHz, 13801 MHz, 22426 MiB, 95 %, P1
2026/06/11 15:50:39.445, 285.55 W, 49, 2842 MHz, 13801 MHz, 22426 MiB, 11 %, P1
2026/06/11 15:50:40.454, 303.94 W, 52, 2842 MHz, 13801 MHz, 22426 MiB, 90 %, P1
2026/06/11 15:50:41.469, 309.02 W, 53, 2842 MHz, 13801 MHz, 22426 MiB, 67 %, P1
2026/06/11 15:50:42.471, 298.94 W, 49, 2850 MHz, 13801 MHz, 22426 MiB, 19 %, P1
2026/06/11 15:50:43.472, 305.31 W, 52, 2842 MHz, 13801 MHz, 22426 MiB, 97 %, P1
2026/06/11 15:50:44.487, 304.58 W, 54, 2842 MHz, 13801 MHz, 22426 MiB, 71 %, P1
2026/06/11 15:50:45.495, 299.03 W, 49, 2850 MHz, 13801 MHz, 22426 MiB, 18 %, P1
2026/06/11 15:50:46.502, 286.14 W, 52, 2842 MHz, 13801 MHz, 22426 MiB, 86 %, P1
2026/06/11 15:50:47.510, 310.24 W, 54, 2842 MHz, 13801 MHz, 22426 MiB, 70 %, P1
2026/06/11 15:50:48.518, 294.60 W, 49, 2850 MHz, 13801 MHz, 22426 MiB, 11 %, P1
2026/06/11 15:50:49.519, 301.86 W, 52, 2842 MHz, 13801 MHz, 22426 MiB, 70 %, P1
2026/06/11 15:50:50.530, 301.28 W, 54, 2842 MHz, 13801 MHz, 22426 MiB, 97 %, P1
2026/06/11 15:50:51.534, 296.18 W, 51, 2842 MHz, 13801 MHz, 22426 MiB, 43 %, P1
2026/06/11 15:50:52.545, 296.67 W, 50, 2850 MHz, 13801 MHz, 22426 MiB, 28 %, P1
2026/06/11 15:50:53.553, 311.21 W, 53, 2842 MHz, 13801 MHz, 22426 MiB, 97 %, P1
2026/06/11 15:50:54.556, 305.58 W, 50, 2850 MHz, 13801 MHz, 22426 MiB, 25 %, P1
2026/06/11 15:50:55.568, 297.57 W, 53, 2842 MHz, 13801 MHz, 22426 MiB, 73 %, P1
2026/06/11 15:50:56.571, 309.99 W, 56, 2842 MHz, 13801 MHz, 22426 MiB, 78 %, P1
2026/06/11 15:50:57.575, 293.92 W, 52, 2850 MHz, 13801 MHz, 22426 MiB, 32 %, P1
2026/06/11 15:50:58.585, 313.74 W, 54, 2842 MHz, 13801 MHz, 22426 MiB, 97 %, P1
2026/06/11 15:50:59.597, 305.02 W, 50, 2850 MHz, 13801 MHz, 22426 MiB, 29 %, P1
2026/06/11 15:51:00.609, 297.20 W, 51, 2842 MHz, 13801 MHz, 22426 MiB, 47 %, P1
2026/06/11 15:51:01.620, 297.75 W, 53, 2842 MHz, 13801 MHz, 22426 MiB, 97 %, P1
2026/06/11 15:51:02.626, 299.75 W, 51, 2842 MHz, 13801 MHz, 22426 MiB, 41 %, P1
2026/06/11 15:51:03.640, 294.77 W, 51, 2850 MHz, 13801 MHz, 22426 MiB, 29 %, P1
2026/06/11 15:51:04.646, 294.02 W, 52, 2842 MHz, 13801 MHz, 22426 MiB, 97 %, P1
2026/06/11 15:51:05.654, 303.61 W, 52, 2842 MHz, 13801 MHz, 22426 MiB, 54 %, P1
2026/06/11 15:51:06.660, 308.28 W, 52, 2850 MHz, 13801 MHz, 22426 MiB, 97 %, P1
2026/06/11 15:51:07.671, 308.75 W, 50, 2850 MHz, 13801 MHz, 22426 MiB, 32 %, P1
2026/06/11 15:51:08.687, 311.17 W, 57, 2842 MHz, 13801 MHz, 22426 MiB, 76 %, P1
2026/06/11 15:51:09.688, 301.14 W, 53, 2850 MHz, 13801 MHz, 22426 MiB, 98 %, P1
2026/06/11 15:51:10.702, 313.47 W, 53, 2835 MHz, 13801 MHz, 22426 MiB, 53 %, P1
2026/06/11 15:51:11.703, 311.90 W, 51, 2850 MHz, 13801 MHz, 22426 MiB, 56 %, P1
2026/06/11 15:51:12.719, 313.39 W, 53, 2850 MHz, 13801 MHz, 22426 MiB, 92 %, P1
2026/06/11 15:51:13.721, 325.88 W, 51, 2842 MHz, 13801 MHz, 22426 MiB, 35 %, P1
2026/06/11 15:51:14.727, 301.17 W, 54, 2850 MHz, 13801 MHz, 22426 MiB, 97 %, P1
2026/06/11 15:51:15.734, 332.19 W, 51, 2842 MHz, 13801 MHz, 22426 MiB, 41 %, P1
2026/06/11 15:51:16.738, 307.22 W, 55, 2850 MHz, 13801 MHz, 22426 MiB, 79 %, P1
2026/06/11 15:51:17.741, 321.22 W, 52, 2842 MHz, 13801 MHz, 22426 MiB, 58 %, P1
2026/06/11 15:51:18.741, 324.54 W, 50, 2850 MHz, 13801 MHz, 22426 MiB, 52 %, P1
2026/06/11 15:51:19.753, 320.58 W, 52, 2850 MHz, 13801 MHz, 22426 MiB, 94 %, P1
2026/06/11 15:51:20.757, 330.85 W, 50, 2842 MHz, 13801 MHz, 22426 MiB, 23 %, P1
2026/06/11 15:51:21.769, 311.56 W, 55, 2850 MHz, 13801 MHz, 22426 MiB, 99 %, P1
2026/06/11 15:51:22.770, 324.78 W, 55, 2850 MHz, 13801 MHz, 22426 MiB, 99 %, P1
2026/06/11 15:51:23.771, 325.70 W, 52, 2842 MHz, 13801 MHz, 22426 MiB, 55 %, P1
2026/06/11 15:51:24.785, 332.05 W, 53, 2850 MHz, 13801 MHz, 22426 MiB, 76 %, P1
2026/06/11 15:51:25.786, 321.18 W, 52, 2850 MHz, 13801 MHz, 22426 MiB, 83 %, P1
2026/06/11 15:51:26.787, 324.62 W, 56, 2842 MHz, 13801 MHz, 22426 MiB, 78 %, P1
2026/06/11 15:51:27.790, 327.33 W, 49, 2842 MHz, 13801 MHz, 22426 MiB, 0 %, P1
2026/06/11 15:51:28.804, 305.86 W, 52, 2842 MHz, 13801 MHz, 22426 MiB, 97 %, P1
2026/06/11 15:51:29.804, 316.48 W, 50, 2842 MHz, 13801 MHz, 22426 MiB, 44 %, P1
2026/06/11 15:51:30.813, 332.32 W, 55, 2850 MHz, 13801 MHz, 22426 MiB, 96 %, P1
2026/06/11 15:51:31.821, 326.53 W, 55, 2842 MHz, 13801 MHz, 22426 MiB, 98 %, P1
2026/06/11 15:51:32.835, 315.63 W, 54, 2842 MHz, 13801 MHz, 22426 MiB, 97 %, P1
2026/06/11 15:51:33.838, 328.28 W, 56, 2842 MHz, 13801 MHz, 22426 MiB, 91 %, P1
2026/06/11 15:51:34.852, 300.82 W, 49, 2842 MHz, 13801 MHz, 22426 MiB, 16 %, P1
2026/06/11 15:51:35.864, 318.33 W, 52, 2850 MHz, 13801 MHz, 22426 MiB, 51 %, P1
2026/06/11 15:51:36.879, 333.05 W, 54, 2842 MHz, 13801 MHz, 22426 MiB, 50 %, P1
2026/06/11 15:51:37.887, 268.99 W, 51, 2842 MHz, 13801 MHz, 22426 MiB, 54 %, P1
2026/06/11 15:51:38.888, 282.05 W, 52, 2850 MHz, 13801 MHz, 22426 MiB, 51 %, P1
2026/06/11 15:51:39.903, 263.24 W, 51, 2850 MHz, 13801 MHz, 22426 MiB, 48 %, P1
2026/06/11 15:51:40.916, 239.30 W, 48, 2850 MHz, 13801 MHz, 22426 MiB, 34 %, P1
2026/06/11 15:51:41.920, 261.33 W, 49, 2850 MHz, 13801 MHz, 22426 MiB, 48 %, P1
2026/06/11 15:51:42.936, 258.36 W, 48, 2850 MHz, 13801 MHz, 22426 MiB, 25 %, P1
2026/06/11 15:51:43.938, 249.31 W, 48, 2850 MHz, 13801 MHz, 22426 MiB, 19 %, P1
2026/06/11 15:51:44.952, 259.06 W, 51, 2850 MHz, 13801 MHz, 22426 MiB, 53 %, P1
2026/06/11 15:51:45.955, 248.82 W, 47, 2850 MHz, 13801 MHz, 22426 MiB, 22 %, P1
2026/06/11 15:51:46.968, 252.00 W, 47, 2850 MHz, 13801 MHz, 22426 MiB, 14 %, P1
2026/06/11 15:51:47.971, 258.67 W, 51, 2850 MHz, 13801 MHz, 22426 MiB, 51 %, P1
2026/06/11 15:51:48.971, 240.51 W, 51, 2850 MHz, 13801 MHz, 22426 MiB, 49 %, P1
2026/06/11 15:51:49.986, 250.43 W, 50, 2850 MHz, 13801 MHz, 22426 MiB, 50 %, P1
2026/06/11 15:51:50.988, 251.18 W, 47, 2850 MHz, 13801 MHz, 22426 MiB, 27 %, P1
2026/06/11 15:51:52.005, 258.63 W, 49, 2850 MHz, 13801 MHz, 22426 MiB, 49 %, P1
2026/06/11 15:51:53.021, 250.72 W, 48, 2850 MHz, 13801 MHz, 22426 MiB, 25 %, P1
2026/06/11 15:51:54.037, 241.06 W, 47, 2850 MHz, 13801 MHz, 22426 MiB, 19 %, P1
2026/06/11 15:51:55.038, 263.61 W, 48, 2850 MHz, 13801 MHz, 22426 MiB, 25 %, P1
2026/06/11 15:51:56.055, 239.22 W, 48, 2850 MHz, 13801 MHz, 22426 MiB, 16 %, P1
2026/06/11 15:51:57.069, 246.61 W, 48, 2850 MHz, 13801 MHz, 22426 MiB, 38 %, P1
2026/06/11 15:51:58.069, 249.60 W, 50, 2850 MHz, 13801 MHz, 22426 MiB, 42 %, P1
2026/06/11 15:51:59.071, 254.38 W, 49, 2850 MHz, 13801 MHz, 22426 MiB, 31 %, P1
2026/06/11 15:52:00.085, 267.34 W, 51, 2850 MHz, 13801 MHz, 22426 MiB, 56 %, P1
2026/06/11 15:52:01.087, 255.49 W, 49, 2850 MHz, 13801 MHz, 22426 MiB, 38 %, P1
2026/06/11 15:52:02.101, 242.00 W, 48, 2850 MHz, 13801 MHz, 22426 MiB, 25 %, P1
2026/06/11 15:52:03.104, 271.13 W, 51, 2850 MHz, 13801 MHz, 22426 MiB, 57 %, P1
2026/06/11 15:52:04.105, 264.37 W, 53, 2850 MHz, 13801 MHz, 22426 MiB, 58 %, P1
2026/06/11 15:52:05.120, 256.36 W, 49, 2850 MHz, 13801 MHz, 22426 MiB, 22 %, P1
2026/06/11 15:52:06.135, 240.57 W, 48, 2820 MHz, 13801 MHz, 22426 MiB, 20 %, P1
2026/06/11 15:52:07.149, 235.86 W, 49, 2805 MHz, 13801 MHz, 22426 MiB, 18 %, P1
2026/06/11 15:52:08.153, 260.13 W, 52, 2850 MHz, 13801 MHz, 22426 MiB, 50 %, P1
2026/06/11 15:52:09.168, 250.90 W, 50, 2850 MHz, 13801 MHz, 22426 MiB, 34 %, P1
2026/06/11 15:52:10.171, 267.56 W, 51, 2850 MHz, 13801 MHz, 22426 MiB, 49 %, P1
2026/06/11 15:52:11.182, 252.59 W, 49, 2850 MHz, 13801 MHz, 22426 MiB, 21 %, P1
2026/06/11 15:52:12.190, 258.97 W, 50, 2850 MHz, 13801 MHz, 22426 MiB, 26 %, P1
2026/06/11 15:52:13.193, 268.66 W, 50, 2850 MHz, 13801 MHz, 22426 MiB, 27 %, P1
2026/06/11 15:52:14.197, 272.46 W, 51, 2850 MHz, 13801 MHz, 22426 MiB, 31 %, P1
2026/06/11 15:52:15.200, 267.05 W, 52, 2850 MHz, 13801 MHz, 22426 MiB, 54 %, P1
2026/06/11 15:52:16.202, 268.30 W, 53, 2850 MHz, 13801 MHz, 22426 MiB, 41 %, P1
2026/06/11 15:52:17.220, 264.78 W, 50, 2850 MHz, 13801 MHz, 22426 MiB, 28 %, P1
2026/06/11 15:52:18.224, 265.05 W, 52, 2850 MHz, 13801 MHz, 22426 MiB, 52 %, P1
2026/06/11 15:52:19.228, 277.44 W, 54, 2850 MHz, 13801 MHz, 22426 MiB, 48 %, P1
2026/06/11 15:52:20.231, 262.88 W, 51, 2850 MHz, 13801 MHz, 22426 MiB, 27 %, P1
2026/06/11 15:52:21.231, 276.14 W, 53, 2850 MHz, 13801 MHz, 22426 MiB, 36 %, P1
2026/06/11 15:52:22.242, 271.06 W, 54, 2850 MHz, 13801 MHz, 22426 MiB, 52 %, P1
2026/06/11 15:52:23.245, 271.16 W, 51, 2850 MHz, 13801 MHz, 22426 MiB, 27 %, P1
2026/06/11 15:52:24.246, 271.09 W, 52, 2850 MHz, 13801 MHz, 22426 MiB, 30 %, P1
2026/06/11 15:52:25.250, 276.27 W, 53, 2850 MHz, 13801 MHz, 22426 MiB, 51 %, P1
2026/06/11 15:52:26.253, 275.54 W, 55, 2850 MHz, 13801 MHz, 22426 MiB, 51 %, P1
2026/06/11 15:52:27.255, 272.17 W, 52, 2850 MHz, 13801 MHz, 22426 MiB, 25 %, P1
2026/06/11 15:52:28.265, 273.95 W, 52, 2850 MHz, 13801 MHz, 22426 MiB, 31 %, P1
2026/06/11 15:52:29.269, 271.29 W, 53, 2850 MHz, 13801 MHz, 22426 MiB, 52 %, P1
2026/06/11 15:52:30.272, 277.76 W, 56, 2850 MHz, 13801 MHz, 22426 MiB, 51 %, P1
2026/06/11 15:52:31.273, 266.21 W, 52, 2850 MHz, 13801 MHz, 22426 MiB, 28 %, P1
2026/06/11 15:52:32.276, 277.43 W, 52, 2850 MHz, 13801 MHz, 22426 MiB, 30 %, P1
2026/06/11 15:52:33.277, 271.74 W, 53, 2850 MHz, 13801 MHz, 22426 MiB, 53 %, P1
2026/06/11 15:52:34.283, 281.66 W, 55, 2850 MHz, 13801 MHz, 22426 MiB, 48 %, P1
2026/06/11 15:52:35.285, 256.35 W, 53, 2850 MHz, 13801 MHz, 22426 MiB, 50 %, P1
2026/06/11 15:52:36.287, 280.66 W, 56, 2850 MHz, 13801 MHz, 22426 MiB, 50 %, P1
2026/06/11 15:52:37.298, 275.71 W, 55, 2842 MHz, 13801 MHz, 22426 MiB, 52 %, P1
2026/06/11 15:52:38.301, 274.70 W, 52, 2850 MHz, 13801 MHz, 22426 MiB, 25 %, P1
2026/06/11 15:52:39.303, 270.88 W, 52, 2850 MHz, 13801 MHz, 22426 MiB, 31 %, P1
2026/06/11 15:52:40.305, 271.32 W, 53, 2850 MHz, 13801 MHz, 22426 MiB, 51 %, P1
2026/06/11 15:52:41.307, 276.86 W, 55, 2850 MHz, 13801 MHz, 22426 MiB, 49 %, P1
2026/06/11 15:52:42.311, 272.17 W, 52, 2850 MHz, 13801 MHz, 22426 MiB, 26 %, P1
2026/06/11 15:52:43.313, 273.52 W, 53, 2850 MHz, 13801 MHz, 22426 MiB, 32 %, P1
2026/06/11 15:52:44.316, 277.87 W, 53, 2850 MHz, 13801 MHz, 22426 MiB, 54 %, P1
2026/06/11 15:52:45.320, 277.11 W, 54, 2850 MHz, 13801 MHz, 22426 MiB, 47 %, P1
2026/06/11 15:52:46.321, 273.18 W, 52, 2850 MHz, 13801 MHz, 22426 MiB, 27 %, P1
2026/06/11 15:52:47.332, 280.24 W, 53, 2850 MHz, 13801 MHz, 22426 MiB, 40 %, P1
2026/06/11 15:52:48.335, 276.23 W, 54, 2842 MHz, 13801 MHz, 22426 MiB, 53 %, P1
2026/06/11 15:52:49.339, 276.76 W, 53, 2850 MHz, 13801 MHz, 22426 MiB, 34 %, P1
2026/06/11 15:52:50.340, 272.65 W, 51, 2850 MHz, 13801 MHz, 22426 MiB, 30 %, P1
2026/06/11 15:52:51.342, 277.68 W, 52, 2850 MHz, 13801 MHz, 22426 MiB, 49 %, P1
2026/06/11 15:52:52.346, 278.85 W, 55, 2850 MHz, 13801 MHz, 22426 MiB, 50 %, P1
2026/06/11 15:52:53.349, 273.40 W, 51, 2850 MHz, 13801 MHz, 22426 MiB, 27 %, P1
2026/06/11 15:52:54.352, 273.09 W, 52, 2850 MHz, 13801 MHz, 22426 MiB, 31 %, P1
2026/06/11 15:52:55.355, 276.65 W, 53, 2850 MHz, 13801 MHz, 22426 MiB, 54 %, P1
2026/06/11 15:52:56.366, 280.01 W, 53, 2850 MHz, 13801 MHz, 22426 MiB, 46 %, P1
2026/06/11 15:52:57.368, 268.64 W, 52, 2850 MHz, 13801 MHz, 22426 MiB, 28 %, P1
2026/06/11 15:52:58.369, 273.52 W, 53, 2850 MHz, 13801 MHz, 22426 MiB, 39 %, P1
2026/06/11 15:52:59.372, 276.14 W, 54, 2842 MHz, 13801 MHz, 22426 MiB, 53 %, P1
2026/06/11 15:53:00.377, 269.72 W, 52, 2850 MHz, 13801 MHz, 22426 MiB, 31 %, P1
2026/06/11 15:53:01.379, 271.51 W, 52, 2850 MHz, 13801 MHz, 22426 MiB, 29 %, P1
2026/06/11 15:53:02.381, 278.43 W, 52, 2850 MHz, 13801 MHz, 22426 MiB, 47 %, P1
2026/06/11 15:53:03.386, 277.24 W, 54, 2850 MHz, 13801 MHz, 22426 MiB, 52 %, P1
2026/06/11 15:53:04.387, 267.60 W, 51, 2850 MHz, 13801 MHz, 22426 MiB, 27 %, P1
2026/06/11 15:53:05.398, 270.17 W, 51, 2850 MHz, 13801 MHz, 22426 MiB, 30 %, P1
2026/06/11 15:53:06.413, 276.37 W, 52, 2850 MHz, 13801 MHz, 22426 MiB, 51 %, P1
2026/06/11 15:53:07.419, 280.69 W, 54, 2850 MHz, 13801 MHz, 22426 MiB, 49 %, P1
2026/06/11 15:53:08.422, 266.33 W, 51, 2850 MHz, 13801 MHz, 22426 MiB, 27 %, P1
2026/06/11 15:53:09.424, 279.41 W, 53, 2850 MHz, 13801 MHz, 22426 MiB, 39 %, P1
2026/06/11 15:53:10.427, 274.28 W, 54, 2850 MHz, 13801 MHz, 22426 MiB, 52 %, P1
2026/06/11 15:53:11.430, 266.73 W, 51, 2850 MHz, 13801 MHz, 22426 MiB, 25 %, P1
2026/06/11 15:53:12.432, 270.12 W, 51, 2850 MHz, 13801 MHz, 22426 MiB, 30 %, P1
2026/06/11 15:53:13.436, 270.94 W, 52, 2850 MHz, 13801 MHz, 22426 MiB, 52 %, P1
2026/06/11 15:53:14.436, 265.64 W, 51, 2850 MHz, 13801 MHz, 22426 MiB, 28 %, P1
2026/06/11 15:53:15.446, 267.92 W, 52, 2850 MHz, 13801 MHz, 22426 MiB, 30 %, P1
2026/06/11 15:53:16.451, 276.10 W, 53, 2842 MHz, 13801 MHz, 22426 MiB, 54 %, P1
2026/06/11 15:53:17.453, 278.36 W, 54, 2850 MHz, 13801 MHz, 22426 MiB, 38 %, P1
2026/06/11 15:53:18.457, 270.49 W, 51, 2850 MHz, 13801 MHz, 22426 MiB, 29 %, P1
2026/06/11 15:53:19.459, 272.82 W, 52, 2850 MHz, 13801 MHz, 22426 MiB, 44 %, P1
2026/06/11 15:53:20.462, 274.67 W, 54, 2850 MHz, 13801 MHz, 22426 MiB, 53 %, P1
2026/06/11 15:53:21.465, 277.98 W, 53, 2850 MHz, 13801 MHz, 22426 MiB, 38 %, P1
2026/06/11 15:53:22.467, 271.28 W, 52, 2850 MHz, 13801 MHz, 22426 MiB, 29 %, P1
2026/06/11 15:53:23.471, 274.11 W, 52, 2850 MHz, 13801 MHz, 22426 MiB, 43 %, P1
2026/06/11 15:53:24.478, 273.79 W, 55, 2850 MHz, 13801 MHz, 22426 MiB, 51 %, P1
2026/06/11 15:53:25.480, 265.87 W, 51, 2850 MHz, 13801 MHz, 22426 MiB, 28 %, P1
2026/06/11 15:53:26.487, 271.49 W, 52, 2850 MHz, 13801 MHz, 22426 MiB, 31 %, P1
2026/06/11 15:53:27.488, 276.44 W, 53, 2850 MHz, 13801 MHz, 22426 MiB, 52 %, P1
2026/06/11 15:53:28.493, 276.45 W, 54, 2850 MHz, 13801 MHz, 22426 MiB, 49 %, P1
2026/06/11 15:53:29.495, 271.45 W, 51, 2850 MHz, 13801 MHz, 22426 MiB, 27 %, P1
2026/06/11 15:53:30.495, 279.75 W, 53, 2850 MHz, 13801 MHz, 22426 MiB, 36 %, P1
2026/06/11 15:53:31.499, 276.64 W, 54, 2842 MHz, 13801 MHz, 22426 MiB, 53 %, P1
2026/06/11 15:53:32.502, 269.95 W, 51, 2850 MHz, 13801 MHz, 22426 MiB, 31 %, P1
2026/06/11 15:53:33.503, 269.81 W, 51, 2850 MHz, 13801 MHz, 22426 MiB, 30 %, P1
2026/06/11 15:53:34.516, 276.27 W, 52, 2850 MHz, 13801 MHz, 22426 MiB, 51 %, P1
2026/06/11 15:53:35.519, 278.98 W, 55, 2850 MHz, 13801 MHz, 22426 MiB, 50 %, P1
2026/06/11 15:53:36.535, 271.37 W, 51, 2850 MHz, 13801 MHz, 22426 MiB, 25 %, P1
2026/06/11 15:53:37.536, 272.21 W, 52, 2850 MHz, 13801 MHz, 22426 MiB, 32 %, P1
2026/06/11 15:53:38.540, 276.35 W, 53, 2842 MHz, 13801 MHz, 22426 MiB, 54 %, P1
2026/06/11 15:53:39.544, 273.75 W, 52, 2850 MHz, 13801 MHz, 22426 MiB, 43 %, P1
2026/06/11 15:53:40.547, 269.69 W, 52, 2850 MHz, 13801 MHz, 22426 MiB, 28 %, P1
2026/06/11 15:53:41.555, 273.23 W, 52, 2850 MHz, 13801 MHz, 22426 MiB, 43 %, P1
2026/06/11 15:53:42.560, 274.39 W, 54, 2850 MHz, 13801 MHz, 22426 MiB, 52 %, P1
2026/06/11 15:53:43.570, 270.98 W, 51, 2850 MHz, 13801 MHz, 22426 MiB, 27 %, P1
2026/06/11 15:53:44.571, 276.04 W, 52, 2850 MHz, 13801 MHz, 22426 MiB, 31 %, P1
2026/06/11 15:53:45.576, 270.87 W, 53, 2850 MHz, 13801 MHz, 22426 MiB, 54 %, P1
2026/06/11 15:53:46.578, 272.62 W, 53, 2850 MHz, 13801 MHz, 22426 MiB, 42 %, P1
2026/06/11 15:53:47.581, 270.31 W, 51, 2850 MHz, 13801 MHz, 22426 MiB, 29 %, P1
2026/06/11 15:53:48.588, 270.48 W, 52, 2850 MHz, 13801 MHz, 22426 MiB, 47 %, P1
2026/06/11 15:53:49.599, 273.21 W, 54, 2850 MHz, 13801 MHz, 22426 MiB, 49 %, P1
2026/06/11 15:53:50.601, 269.67 W, 52, 2850 MHz, 13801 MHz, 22426 MiB, 28 %, P1
2026/06/11 15:53:51.605, 271.80 W, 52, 2850 MHz, 13801 MHz, 22426 MiB, 45 %, P1
2026/06/11 15:53:52.617, 275.61 W, 54, 2850 MHz, 13801 MHz, 22426 MiB, 52 %, P1
2026/06/11 15:53:53.621, 274.97 W, 51, 2850 MHz, 13801 MHz, 22426 MiB, 25 %, P1
2026/06/11 15:53:54.622, 275.02 W, 52, 2850 MHz, 13801 MHz, 22426 MiB, 30 %, P1
2026/06/11 15:53:55.629, 270.90 W, 53, 2850 MHz, 13801 MHz, 22426 MiB, 53 %, P1
2026/06/11 15:53:56.637, 265.95 W, 51, 2850 MHz, 13801 MHz, 22426 MiB, 28 %, P1
2026/06/11 15:53:57.640, 267.06 W, 52, 2850 MHz, 13801 MHz, 22426 MiB, 31 %, P1
2026/06/11 15:53:58.654, 268.90 W, 54, 2842 MHz, 13801 MHz, 22426 MiB, 52 %, P1
2026/06/11 15:53:59.657, 262.26 W, 51, 2850 MHz, 13801 MHz, 22426 MiB, 25 %, P1
2026/06/11 15:54:00.669, 270.80 W, 52, 2850 MHz, 13801 MHz, 22426 MiB, 43 %, P1
2026/06/11 15:54:01.670, 252.17 W, 50, 2850 MHz, 13801 MHz, 22426 MiB, 29 %, P1
2026/06/11 15:54:02.686, 271.54 W, 52, 2850 MHz, 13801 MHz, 22426 MiB, 49 %, P1
2026/06/11 15:54:03.686, 276.72 W, 55, 2850 MHz, 13801 MHz, 22426 MiB, 51 %, P1
2026/06/11 15:54:04.696, 272.96 W, 51, 2850 MHz, 13801 MHz, 22426 MiB, 29 %, P1
2026/06/11 15:54:05.700, 274.20 W, 52, 2850 MHz, 13801 MHz, 22426 MiB, 31 %, P1
2026/06/11 15:54:06.707, 270.17 W, 53, 2850 MHz, 13801 MHz, 22426 MiB, 53 %, P1
2026/06/11 15:54:07.721, 276.98 W, 55, 2850 MHz, 13801 MHz, 22426 MiB, 49 %, P1
2026/06/11 15:54:08.727, 264.95 W, 52, 2850 MHz, 13801 MHz, 22426 MiB, 28 %, P1
2026/06/11 15:54:09.729, 273.40 W, 53, 2850 MHz, 13801 MHz, 22426 MiB, 43 %, P1
2026/06/11 15:54:10.730, 274.18 W, 54, 2850 MHz, 13801 MHz, 22426 MiB, 53 %, P1
2026/06/11 15:54:11.734, 269.26 W, 53, 2850 MHz, 13801 MHz, 22426 MiB, 33 %, P1
2026/06/11 15:54:12.737, 270.17 W, 51, 2850 MHz, 13801 MHz, 22426 MiB, 29 %, P1
2026/06/11 15:54:13.747, 277.88 W, 52, 2850 MHz, 13801 MHz, 22426 MiB, 49 %, P1
2026/06/11 15:54:14.750, 279.73 W, 55, 2850 MHz, 13801 MHz, 22426 MiB, 51 %, P1
2026/06/11 15:54:15.751, 266.68 W, 51, 2850 MHz, 13801 MHz, 22426 MiB, 26 %, P1
2026/06/11 15:54:16.756, 273.86 W, 53, 2850 MHz, 13801 MHz, 22426 MiB, 32 %, P1
2026/06/11 15:54:17.757, 273.97 W, 53, 2850 MHz, 13801 MHz, 22426 MiB, 54 %, P1
2026/06/11 15:54:18.759, 283.01 W, 54, 2850 MHz, 13801 MHz, 22426 MiB, 48 %, P1
2026/06/11 15:54:19.763, 271.77 W, 52, 2850 MHz, 13801 MHz, 22426 MiB, 28 %, P1
2026/06/11 15:54:20.765, 279.48 W, 54, 2850 MHz, 13801 MHz, 22426 MiB, 34 %, P1
2026/06/11 15:54:21.770, 273.63 W, 53, 2850 MHz, 13801 MHz, 22426 MiB, 54 %, P1
2026/06/11 15:54:22.771, 272.75 W, 54, 2850 MHz, 13801 MHz, 22426 MiB, 40 %, P1
2026/06/11 15:54:23.782, 271.79 W, 52, 2850 MHz, 13801 MHz, 22426 MiB, 28 %, P1
2026/06/11 15:54:24.783, 275.29 W, 53, 2850 MHz, 13801 MHz, 22426 MiB, 40 %, P1
2026/06/11 15:54:25.785, 277.19 W, 54, 2842 MHz, 13801 MHz, 22426 MiB, 53 %, P1
2026/06/11 15:54:26.789, 278.87 W, 54, 2850 MHz, 13801 MHz, 22426 MiB, 37 %, P1
2026/06/11 15:54:27.792, 271.90 W, 52, 2850 MHz, 13801 MHz, 22426 MiB, 29 %, P1
2026/06/11 15:54:28.795, 279.80 W, 53, 2850 MHz, 13801 MHz, 22426 MiB, 42 %, P1
2026/06/11 15:54:29.799, 276.53 W, 54, 2842 MHz, 13801 MHz, 22426 MiB, 53 %, P1
2026/06/11 15:54:30.801, 268.58 W, 51, 2850 MHz, 13801 MHz, 22426 MiB, 29 %, P1
2026/06/11 15:54:31.804, 271.29 W, 51, 2850 MHz, 13801 MHz, 22426 MiB, 30 %, P1
2026/06/11 15:54:32.812, 272.55 W, 51, 2850 MHz, 13801 MHz, 22426 MiB, 27 %, P1
2026/06/11 15:54:33.815, 275.17 W, 52, 2850 MHz, 13801 MHz, 22426 MiB, 47 %, P1
2026/06/11 15:54:34.819, 277.43 W, 55, 2850 MHz, 13801 MHz, 22426 MiB, 50 %, P1
2026/06/11 15:54:35.823, 269.20 W, 52, 2850 MHz, 13801 MHz, 22426 MiB, 28 %, P1
2026/06/11 15:54:36.825, 280.28 W, 53, 2850 MHz, 13801 MHz, 22426 MiB, 40 %, P1
2026/06/11 15:54:37.828, 277.12 W, 54, 2842 MHz, 13801 MHz, 22426 MiB, 53 %, P1
2026/06/11 15:54:38.830, 269.67 W, 52, 2850 MHz, 13801 MHz, 22426 MiB, 27 %, P1
2026/06/11 15:54:39.834, 274.08 W, 55, 2850 MHz, 13801 MHz, 22426 MiB, 29 %, P1
2026/06/11 15:54:40.836, 275.09 W, 51, 2850 MHz, 13801 MHz, 22426 MiB, 49 %, P1
2026/06/11 15:54:41.837, 278.54 W, 51, 2850 MHz, 13801 MHz, 22426 MiB, 52 %, P1
2026/06/11 15:54:42.849, 275.70 W, 52, 2850 MHz, 13801 MHz, 22426 MiB, 27 %, P1
2026/06/11 15:54:43.850, 274.71 W, 54, 2850 MHz, 13801 MHz, 22426 MiB, 30 %, P1
2026/06/11 15:54:44.853, 273.01 W, 51, 2850 MHz, 13801 MHz, 22426 MiB, 54 %, P1
2026/06/11 15:54:45.857, 278.62 W, 54, 2850 MHz, 13801 MHz, 22426 MiB, 49 %, P1
2026/06/11 15:54:46.859, 273.86 W, 53, 2850 MHz, 13801 MHz, 22426 MiB, 27 %, P1
2026/06/11 15:54:47.863, 280.49 W, 53, 2850 MHz, 13801 MHz, 22426 MiB, 33 %, P1
2026/06/11 15:54:48.866, 278.35 W, 52, 2850 MHz, 13801 MHz, 22426 MiB, 54 %, P1
2026/06/11 15:54:49.869, 283.59 W, 53, 2850 MHz, 13801 MHz, 22426 MiB, 49 %, P1
2026/06/11 15:54:50.870, 272.50 W, 53, 2850 MHz, 13801 MHz, 22426 MiB, 27 %, P1
2026/06/11 15:54:51.880, 273.58 W, 53, 2850 MHz, 13801 MHz, 22426 MiB, 32 %, P1
2026/06/11 15:54:52.884, 276.50 W, 51, 2842 MHz, 13801 MHz, 22426 MiB, 53 %, P1
2026/06/11 15:54:53.886, 272.24 W, 52, 2850 MHz, 13801 MHz, 22426 MiB, 36 %, P1
2026/06/11 15:54:54.888, 279.09 W, 53, 2850 MHz, 13801 MHz, 22426 MiB, 33 %, P1
2026/06/11 15:54:55.892, 297.49 W, 52, 2850 MHz, 13801 MHz, 22426 MiB, 54 %, P1
2026/06/11 15:54:56.895, 291.65 W, 52, 2842 MHz, 13801 MHz, 22426 MiB, 55 %, P1
2026/06/11 15:54:57.903, 291.08 W, 56, 2850 MHz, 13801 MHz, 22426 MiB, 34 %, P1
2026/06/11 15:54:58.904, 285.60 W, 54, 2850 MHz, 13801 MHz, 22426 MiB, 30 %, P1
2026/06/11 15:54:59.904, 279.42 W, 53, 2850 MHz, 13801 MHz, 22426 MiB, 29 %, P1
2026/06/11 15:55:00.908, 294.11 W, 52, 2850 MHz, 13801 MHz, 22426 MiB, 50 %, P1
2026/06/11 15:55:01.919, 293.26 W, 52, 2842 MHz, 13801 MHz, 22426 MiB, 54 %, P1
2026/06/11 15:55:02.927, 275.33 W, 53, 2850 MHz, 13801 MHz, 22426 MiB, 38 %, P1
2026/06/11 15:55:03.934, 289.73 W, 53, 2850 MHz, 13801 MHz, 22426 MiB, 50 %, P1
2026/06/11 15:55:04.937, 290.78 W, 52, 2842 MHz, 13801 MHz, 22426 MiB, 54 %, P1
2026/06/11 15:55:05.938, 282.17 W, 51, 2850 MHz, 13801 MHz, 22426 MiB, 52 %, P1
2026/06/11 15:55:06.939, 290.56 W, 52, 2842 MHz, 13801 MHz, 22426 MiB, 57 %, P1
2026/06/11 15:55:07.951, 284.49 W, 52, 2842 MHz, 13801 MHz, 22426 MiB, 55 %, P1
2026/06/11 15:55:08.966, 286.58 W, 52, 2850 MHz, 13801 MHz, 22426 MiB, 52 %, P1
2026/06/11 15:55:09.969, 290.11 W, 53, 2850 MHz, 13801 MHz, 22426 MiB, 48 %, P1
2026/06/11 15:55:10.974, 283.94 W, 52, 2850 MHz, 13801 MHz, 22426 MiB, 52 %, P1
2026/06/11 15:55:11.983, 286.65 W, 52, 2850 MHz, 13801 MHz, 22426 MiB, 49 %, P1
2026/06/11 15:55:12.998, 281.93 W, 51, 2850 MHz, 13801 MHz, 22426 MiB, 51 %, P1
2026/06/11 15:55:14.003, 286.56 W, 51, 2850 MHz, 13801 MHz, 22426 MiB, 54 %, P1
2026/06/11 15:55:15.014, 293.91 W, 54, 2850 MHz, 13801 MHz, 22426 MiB, 45 %, P1
2026/06/11 15:55:16.018, 286.16 W, 55, 2850 MHz, 13801 MHz, 22426 MiB, 34 %, P1
2026/06/11 15:55:17.020, 286.46 W, 53, 2850 MHz, 13801 MHz, 22426 MiB, 29 %, P1
2026/06/11 15:55:18.021, 288.92 W, 53, 2850 MHz, 13801 MHz, 22426 MiB, 41 %, P1
2026/06/11 15:55:19.032, 269.71 W, 54, 2850 MHz, 13801 MHz, 22426 MiB, 29 %, P1
2026/06/11 15:55:20.036, 279.85 W, 53, 2850 MHz, 13801 MHz, 22426 MiB, 29 %, P1
2026/06/11 15:55:21.036, 292.69 W, 53, 2850 MHz, 13801 MHz, 22426 MiB, 39 %, P1
2026/06/11 15:55:22.052, 292.32 W, 52, 2842 MHz, 13801 MHz, 22426 MiB, 55 %, P1
2026/06/11 15:55:23.054, 295.10 W, 53, 2842 MHz, 13801 MHz, 22426 MiB, 56 %, P1
2026/06/11 15:55:24.066, 289.62 W, 54, 2850 MHz, 13801 MHz, 22426 MiB, 31 %, P1
2026/06/11 15:55:25.082, 303.41 W, 52, 2850 MHz, 13801 MHz, 22426 MiB, 53 %, P1
2026/06/11 15:55:26.083, 298.53 W, 52, 2842 MHz, 13801 MHz, 22426 MiB, 57 %, P1
2026/06/11 15:55:27.084, 293.70 W, 54, 2850 MHz, 13801 MHz, 22426 MiB, 31 %, P1
2026/06/11 15:55:28.092, 299.75 W, 53, 2850 MHz, 13801 MHz, 22426 MiB, 48 %, P1
2026/06/11 15:55:29.095, 293.97 W, 52, 2842 MHz, 13801 MHz, 22426 MiB, 58 %, P1
2026/06/11 15:55:30.104, 288.99 W, 55, 2850 MHz, 13801 MHz, 22426 MiB, 38 %, P1
2026/06/11 15:55:31.106, 286.83 W, 54, 2850 MHz, 13801 MHz, 22426 MiB, 31 %, P1
2026/06/11 15:55:32.121, 285.19 W, 52, 2850 MHz, 13801 MHz, 22426 MiB, 34 %, P1
2026/06/11 15:55:33.122, 291.73 W, 53, 2850 MHz, 13801 MHz, 22426 MiB, 44 %, P1
2026/06/11 15:55:34.137, 292.25 W, 52, 2842 MHz, 13801 MHz, 22426 MiB, 55 %, P1
2026/06/11 15:55:35.138, 295.32 W, 55, 2850 MHz, 13801 MHz, 22426 MiB, 51 %, P1
2026/06/11 15:55:36.153, 289.88 W, 53, 2850 MHz, 13801 MHz, 22426 MiB, 31 %, P1
2026/06/11 15:55:37.169, 283.67 W, 53, 2850 MHz, 13801 MHz, 22426 MiB, 30 %, P1
2026/06/11 15:55:38.172, 288.71 W, 53, 2850 MHz, 13801 MHz, 22426 MiB, 31 %, P1
2026/06/11 15:55:39.187, 292.71 W, 51, 2850 MHz, 13801 MHz, 22426 MiB, 53 %, P1
2026/06/11 15:55:40.189, 287.98 W, 52, 2842 MHz, 13801 MHz, 22426 MiB, 58 %, P1
2026/06/11 15:55:41.203, 288.76 W, 54, 2850 MHz, 13801 MHz, 22426 MiB, 41 %, P1
2026/06/11 15:55:42.205, 284.84 W, 54, 2850 MHz, 13801 MHz, 22426 MiB, 31 %, P1
2026/06/11 15:55:43.218, 290.35 W, 53, 2850 MHz, 13801 MHz, 22426 MiB, 32 %, P1
2026/06/11 15:55:44.233, 297.61 W, 51, 2842 MHz, 13801 MHz, 22426 MiB, 54 %, P1
2026/06/11 15:55:45.234, 291.95 W, 52, 2842 MHz, 13801 MHz, 22426 MiB, 55 %, P1
2026/06/11 15:55:46.244, 285.79 W, 51, 2842 MHz, 13801 MHz, 22426 MiB, 57 %, P1
2026/06/11 15:55:47.254, 293.33 W, 52, 2850 MHz, 13801 MHz, 22426 MiB, 53 %, P1
2026/06/11 15:55:48.267, 286.92 W, 54, 2850 MHz, 13801 MHz, 22426 MiB, 49 %, P1
2026/06/11 15:55:49.270, 287.09 W, 54, 2850 MHz, 13801 MHz, 22426 MiB, 32 %, P1
2026/06/11 15:55:50.271, 285.81 W, 53, 2850 MHz, 13801 MHz, 22426 MiB, 40 %, P1
2026/06/11 15:55:51.285, 293.56 W, 51, 2850 MHz, 13801 MHz, 22426 MiB, 52 %, P1
2026/06/11 15:55:52.301, 285.13 W, 52, 2842 MHz, 13801 MHz, 22426 MiB, 54 %, P1
2026/06/11 15:55:53.303, 291.46 W, 51, 2842 MHz, 13801 MHz, 22426 MiB, 56 %, P1
2026/06/11 15:55:54.305, 288.90 W, 54, 2850 MHz, 13801 MHz, 22426 MiB, 41 %, P1
2026/06/11 15:55:55.320, 293.12 W, 52, 2842 MHz, 13801 MHz, 22426 MiB, 54 %, P1
2026/06/11 15:55:56.332, 291.12 W, 54, 2850 MHz, 13801 MHz, 22426 MiB, 50 %, P1
2026/06/11 15:55:57.347, 287.55 W, 54, 2850 MHz, 13801 MHz, 22426 MiB, 32 %, P1
2026/06/11 15:55:58.354, 284.05 W, 52, 2850 MHz, 13801 MHz, 22426 MiB, 31 %, P1
2026/06/11 15:55:59.364, 297.38 W, 51, 2850 MHz, 13801 MHz, 22426 MiB, 54 %, P1
2026/06/11 15:56:00.371, 292.88 W, 55, 2850 MHz, 13801 MHz, 22426 MiB, 50 %, P1
2026/06/11 15:56:01.380, 290.93 W, 54, 2850 MHz, 13801 MHz, 22426 MiB, 31 %, P1
2026/06/11 15:56:02.384, 296.71 W, 54, 2850 MHz, 13801 MHz, 22426 MiB, 43 %, P1
2026/06/11 15:56:03.385, 293.22 W, 52, 2842 MHz, 13801 MHz, 22426 MiB, 56 %, P1
2026/06/11 15:56:04.396, 294.78 W, 53, 2850 MHz, 13801 MHz, 22426 MiB, 51 %, P1
2026/06/11 15:56:05.399, 287.38 W, 54, 2850 MHz, 13801 MHz, 22426 MiB, 32 %, P1
2026/06/11 15:56:06.411, 281.55 W, 53, 2850 MHz, 13801 MHz, 22426 MiB, 31 %, P1
2026/06/11 15:56:07.413, 282.36 W, 54, 2850 MHz, 13801 MHz, 22426 MiB, 29 %, P1
2026/06/11 15:56:08.426, 274.94 W, 51, 2850 MHz, 13801 MHz, 22426 MiB, 48 %, P1
2026/06/11 15:56:09.456, 278.01 W, 51, 2850 MHz, 13801 MHz, 22426 MiB, 51 %, P1
2026/06/11 15:56:10.457, 272.08 W, 52, 2850 MHz, 13801 MHz, 22426 MiB, 27 %, P1
2026/06/11 15:56:11.458, 274.29 W, 55, 2850 MHz, 13801 MHz, 22426 MiB, 30 %, P1
2026/06/11 15:56:12.470, 274.04 W, 51, 2850 MHz, 13801 MHz, 22426 MiB, 51 %, P1
2026/06/11 15:56:13.474, 279.16 W, 51, 2850 MHz, 13801 MHz, 22426 MiB, 51 %, P1
2026/06/11 15:56:14.487, 272.32 W, 52, 2850 MHz, 13801 MHz, 22426 MiB, 24 %, P1
2026/06/11 15:56:15.488, 273.09 W, 54, 2850 MHz, 13801 MHz, 22426 MiB, 31 %, P1
2026/06/11 15:56:16.488, 278.32 W, 51, 2850 MHz, 13801 MHz, 22426 MiB, 54 %, P1
2026/06/11 15:56:17.504, 282.94 W, 53, 2850 MHz, 13801 MHz, 22426 MiB, 49 %, P1
2026/06/11 15:56:18.519, 268.04 W, 53, 2850 MHz, 13801 MHz, 22426 MiB, 28 %, P1
2026/06/11 15:56:19.535, 280.77 W, 52, 2850 MHz, 13801 MHz, 22426 MiB, 39 %, P1
2026/06/11 15:56:20.537, 277.08 W, 51, 2842 MHz, 13801 MHz, 22426 MiB, 53 %, P1
2026/06/11 15:56:21.551, 274.38 W, 52, 2850 MHz, 13801 MHz, 22426 MiB, 37 %, P1
2026/06/11 15:56:22.566, 278.47 W, 53, 2850 MHz, 13801 MHz, 22426 MiB, 29 %, P1
2026/06/11 15:56:23.567, 268.95 W, 51, 2850 MHz, 13801 MHz, 22426 MiB, 46 %, P1
2026/06/11 15:56:24.582, 276.15 W, 50, 2842 MHz, 13801 MHz, 22426 MiB, 52 %, P1
2026/06/11 15:56:25.584, 279.11 W, 52, 2850 MHz, 13801 MHz, 22426 MiB, 28 %, P1
2026/06/11 15:56:26.598, 282.19 W, 54, 2850 MHz, 13801 MHz, 22426 MiB, 30 %, P1
2026/06/11 15:56:27.614, 267.71 W, 50, 2850 MHz, 13801 MHz, 22426 MiB, 49 %, P1
2026/06/11 15:56:28.629, 271.23 W, 50, 2850 MHz, 13801 MHz, 22426 MiB, 52 %, P1
2026/06/11 15:56:29.630, 271.39 W, 52, 2850 MHz, 13801 MHz, 22426 MiB, 25 %, P1
2026/06/11 15:56:30.644, 278.50 W, 54, 2850 MHz, 13801 MHz, 22426 MiB, 29 %, P1
2026/06/11 15:56:31.659, 257.67 W, 52, 2850 MHz, 13801 MHz, 22426 MiB, 48 %, P1
2026/06/11 15:56:32.669, 273.57 W, 52, 2850 MHz, 13801 MHz, 22426 MiB, 26 %, P1
2026/06/11 15:56:33.670, 278.66 W, 54, 2850 MHz, 13801 MHz, 22426 MiB, 31 %, P1
2026/06/11 15:56:34.676, 273.47 W, 50, 2850 MHz, 13801 MHz, 22426 MiB, 52 %, P1
2026/06/11 15:56:35.676, 280.95 W, 51, 2842 MHz, 13801 MHz, 22426 MiB, 53 %, P1
2026/06/11 15:56:36.692, 278.01 W, 52, 2850 MHz, 13801 MHz, 22426 MiB, 36 %, P1
2026/06/11 15:56:37.692, 277.65 W, 53, 2850 MHz, 13801 MHz, 22426 MiB, 29 %, P1
2026/06/11 15:56:38.707, 275.34 W, 52, 2850 MHz, 13801 MHz, 22426 MiB, 43 %, P1
2026/06/11 15:56:39.723, 269.01 W, 50, 2850 MHz, 13801 MHz, 22426 MiB, 51 %, P1
2026/06/11 15:56:40.723, 276.92 W, 52, 2850 MHz, 13801 MHz, 22426 MiB, 27 %, P1
2026/06/11 15:56:41.738, 280.15 W, 54, 2850 MHz, 13801 MHz, 22426 MiB, 30 %, P1
2026/06/11 15:56:42.751, 272.39 W, 50, 2850 MHz, 13801 MHz, 22426 MiB, 50 %, P1
2026/06/11 15:56:43.754, 275.60 W, 51, 2850 MHz, 13801 MHz, 22426 MiB, 51 %, P1
2026/06/11 15:56:44.754, 275.48 W, 52, 2850 MHz, 13801 MHz, 22426 MiB, 27 %, P1
2026/06/11 15:56:45.769, 280.32 W, 55, 2850 MHz, 13801 MHz, 22426 MiB, 31 %, P1
2026/06/11 15:56:46.785, 271.55 W, 51, 2850 MHz, 13801 MHz, 22426 MiB, 50 %, P1
2026/06/11 15:56:47.801, 276.31 W, 51, 2850 MHz, 13801 MHz, 22426 MiB, 51 %, P1
2026/06/11 15:56:48.802, 276.82 W, 52, 2850 MHz, 13801 MHz, 22426 MiB, 28 %, P1
2026/06/11 15:56:49.816, 276.61 W, 55, 2850 MHz, 13801 MHz, 22426 MiB, 31 %, P1
2026/06/11 15:56:50.816, 270.55 W, 51, 2850 MHz, 13801 MHz, 22426 MiB, 52 %, P1
2026/06/11 15:56:51.831, 274.67 W, 52, 2850 MHz, 13801 MHz, 22426 MiB, 42 %, P1
2026/06/11 15:56:52.835, 272.24 W, 50, 2842 MHz, 13801 MHz, 22426 MiB, 53 %, P1
2026/06/11 15:56:53.836, 272.00 W, 52, 2850 MHz, 13801 MHz, 22426 MiB, 35 %, P1
2026/06/11 15:56:54.847, 277.92 W, 53, 2850 MHz, 13801 MHz, 22426 MiB, 29 %, P1
2026/06/11 15:56:55.847, 279.01 W, 55, 2850 MHz, 13801 MHz, 22426 MiB, 30 %, P1
2026/06/11 15:56:56.848, 272.99 W, 51, 2850 MHz, 13801 MHz, 22426 MiB, 49 %, P1
2026/06/11 15:56:57.848, 275.89 W, 51, 2850 MHz, 13801 MHz, 22426 MiB, 51 %, P1
2026/06/11 15:56:58.862, 277.03 W, 52, 2850 MHz, 13801 MHz, 22426 MiB, 26 %, P1
2026/06/11 15:56:59.878, 277.94 W, 55, 2850 MHz, 13801 MHz, 22426 MiB, 30 %, P1
2026/06/11 15:57:00.879, 270.80 W, 51, 2850 MHz, 13801 MHz, 22426 MiB, 52 %, P1
2026/06/11 15:57:01.880, 276.60 W, 52, 2850 MHz, 13801 MHz, 22426 MiB, 49 %, P1
2026/06/11 15:57:02.886, 270.48 W, 53, 2850 MHz, 13801 MHz, 22426 MiB, 29 %, P1
2026/06/11 15:57:03.910, 279.69 W, 55, 2850 MHz, 13801 MHz, 22426 MiB, 39 %, P1
2026/06/11 15:57:04.920, 276.74 W, 53, 2850 MHz, 13801 MHz, 22426 MiB, 44 %, P1
2026/06/11 15:57:05.926, 268.89 W, 51, 2850 MHz, 13801 MHz, 22426 MiB, 28 %, P1
2026/06/11 15:57:06.927, 273.02 W, 53, 2850 MHz, 13801 MHz, 22426 MiB, 35 %, P1
2026/06/11 15:57:07.957, 275.48 W, 53, 2850 MHz, 13801 MHz, 22426 MiB, 54 %, P1
2026/06/11 15:57:08.958, 268.80 W, 53, 2850 MHz, 13801 MHz, 22426 MiB, 35 %, P1
2026/06/11 15:57:09.973, 273.88 W, 51, 2850 MHz, 13801 MHz, 22426 MiB, 27 %, P1
2026/06/11 15:57:10.973, 271.18 W, 51, 2850 MHz, 13801 MHz, 22426 MiB, 31 %, P1
2026/06/11 15:57:11.988, 270.97 W, 52, 2850 MHz, 13801 MHz, 22426 MiB, 52 %, P1
2026/06/11 15:57:12.998, 277.06 W, 55, 2850 MHz, 13801 MHz, 22426 MiB, 53 %, P1
2026/06/11 15:57:14.002, 285.87 W, 55, 2850 MHz, 13801 MHz, 22426 MiB, 51 %, P1
2026/06/11 15:57:15.003, 279.29 W, 54, 2850 MHz, 13801 MHz, 22426 MiB, 48 %, P1
2026/06/11 15:57:16.020, 266.54 W, 51, 2850 MHz, 13801 MHz, 22426 MiB, 27 %, P1
2026/06/11 15:57:17.035, 279.01 W, 53, 2850 MHz, 13801 MHz, 22426 MiB, 33 %, P1
2026/06/11 15:57:18.051, 278.05 W, 53, 2850 MHz, 13801 MHz, 22426 MiB, 35 %, P1
2026/06/11 15:57:19.066, 278.72 W, 53, 2850 MHz, 13801 MHz, 22426 MiB, 54 %, P1
2026/06/11 15:57:20.082, 284.09 W, 55, 2850 MHz, 13801 MHz, 22426 MiB, 50 %, P1
2026/06/11 15:57:21.083, 266.38 W, 51, 2850 MHz, 13801 MHz, 22426 MiB, 26 %, P1
2026/06/11 15:57:22.097, 271.89 W, 52, 2850 MHz, 13801 MHz, 22426 MiB, 31 %, P1
2026/06/11 15:57:23.112, 277.30 W, 52, 2850 MHz, 13801 MHz, 22426 MiB, 52 %, P1
2026/06/11 15:57:24.113, 279.52 W, 55, 2850 MHz, 13801 MHz, 22426 MiB, 49 %, P1
2026/06/11 15:57:25.120, 266.43 W, 51, 2850 MHz, 13801 MHz, 22426 MiB, 26 %, P1
2026/06/11 15:57:26.137, 273.17 W, 52, 2850 MHz, 13801 MHz, 22426 MiB, 31 %, P1
2026/06/11 15:57:27.146, 278.34 W, 53, 2850 MHz, 13801 MHz, 22426 MiB, 52 %, P1
2026/06/11 15:57:28.161, 285.19 W, 54, 2850 MHz, 13801 MHz, 22426 MiB, 53 %, P1
2026/06/11 15:57:29.177, 277.90 W, 54, 2850 MHz, 13801 MHz, 22426 MiB, 36 %, P1
2026/06/11 15:57:30.192, 271.97 W, 52, 2842 MHz, 13801 MHz, 22426 MiB, 29 %, P1
2026/06/11 15:57:31.208, 274.12 W, 53, 2850 MHz, 13801 MHz, 22426 MiB, 44 %, P1
2026/06/11 15:57:32.223, 276.17 W, 54, 2850 MHz, 13801 MHz, 22426 MiB, 53 %, P1
2026/06/11 15:57:33.224, 285.97 W, 56, 2850 MHz, 13801 MHz, 22426 MiB, 53 %, P1
2026/06/11 15:57:34.254, 282.41 W, 53, 2850 MHz, 13801 MHz, 22426 MiB, 40 %, P1
2026/06/11 15:57:35.266, 271.60 W, 52, 2842 MHz, 13801 MHz, 22426 MiB, 29 %, P1
2026/06/11 15:57:36.269, 274.72 W, 53, 2850 MHz, 13801 MHz, 22426 MiB, 41 %, P1
2026/06/11 15:57:37.287, 275.82 W, 54, 2850 MHz, 13801 MHz, 22426 MiB, 52 %, P1
2026/06/11 15:57:38.301, 271.30 W, 53, 2850 MHz, 13801 MHz, 22426 MiB, 34 %, P1
2026/06/11 15:57:39.304, 273.03 W, 51, 2842 MHz, 13801 MHz, 22426 MiB, 28 %, P1
2026/06/11 15:57:40.305, 269.14 W, 53, 2850 MHz, 13801 MHz, 22426 MiB, 53 %, P1
2026/06/11 15:57:41.317, 269.58 W, 52, 2850 MHz, 13801 MHz, 22426 MiB, 30 %, P1
2026/06/11 15:57:42.333, 287.78 W, 53, 2850 MHz, 13801 MHz, 22426 MiB, 54 %, P1
2026/06/11 15:57:43.335, 282.64 W, 53, 2850 MHz, 13801 MHz, 22426 MiB, 54 %, P1
2026/06/11 15:57:44.338, 285.53 W, 54, 2850 MHz, 13801 MHz, 22426 MiB, 59 %, P1
2026/06/11 15:57:45.353, 249.75 W, 51, 2850 MHz, 13801 MHz, 22426 MiB, 21 %, P1
2026/06/11 15:57:46.355, 254.00 W, 50, 2850 MHz, 13801 MHz, 22426 MiB, 20 %, P1
2026/06/11 15:57:47.371, 252.61 W, 51, 2850 MHz, 13801 MHz, 22426 MiB, 21 %, P1
2026/06/11 15:57:48.386, 252.05 W, 53, 2850 MHz, 13801 MHz, 22426 MiB, 45 %, P1
2026/06/11 15:57:49.389, 264.49 W, 54, 2850 MHz, 13801 MHz, 22426 MiB, 55 %, P1
2026/06/11 15:57:50.403, 248.06 W, 52, 2850 MHz, 13801 MHz, 22426 MiB, 31 %, P1
2026/06/11 15:57:51.403, 247.19 W, 50, 2850 MHz, 13801 MHz, 22426 MiB, 11 %, P1
2026/06/11 15:57:52.404, 240.30 W, 50, 2812 MHz, 13801 MHz, 22426 MiB, 30 %, P1
2026/06/11 15:57:53.420, 239.48 W, 50, 2835 MHz, 13801 MHz, 22426 MiB, 29 %, P1
2026/06/11 15:57:54.421, 243.16 W, 50, 2842 MHz, 13801 MHz, 22426 MiB, 22 %, P1
2026/06/11 15:57:55.436, 242.85 W, 51, 2850 MHz, 13801 MHz, 22426 MiB, 25 %, P1
2026/06/11 15:57:56.437, 235.43 W, 51, 2857 MHz, 13801 MHz, 22426 MiB, 42 %, P1
2026/06/11 15:57:57.438, 246.99 W, 53, 2835 MHz, 13801 MHz, 22426 MiB, 51 %, P1
2026/06/11 15:57:58.442, 261.15 W, 51, 2850 MHz, 13801 MHz, 22426 MiB, 26 %, P1
2026/06/11 15:57:59.449, 261.68 W, 52, 2850 MHz, 13801 MHz, 22426 MiB, 46 %, P1
2026/06/11 15:58:00.452, 267.91 W, 53, 2850 MHz, 13801 MHz, 22426 MiB, 35 %, P1
2026/06/11 15:58:01.455, 284.38 W, 55, 2850 MHz, 13801 MHz, 22426 MiB, 50 %, P1
2026/06/11 15:58:02.456, 267.39 W, 51, 2850 MHz, 13801 MHz, 22426 MiB, 27 %, P1
2026/06/11 15:58:03.472, 274.83 W, 52, 2842 MHz, 13801 MHz, 22426 MiB, 30 %, P1
2026/06/11 15:58:04.473, 275.85 W, 51, 2850 MHz, 13801 MHz, 22426 MiB, 30 %, P1
2026/06/11 15:58:05.488, 277.04 W, 52, 2850 MHz, 13801 MHz, 22426 MiB, 50 %, P1
2026/06/11 15:58:06.489, 275.64 W, 54, 2850 MHz, 13801 MHz, 22426 MiB, 47 %, P1
2026/06/11 15:58:07.504, 276.43 W, 52, 2850 MHz, 13801 MHz, 22426 MiB, 36 %, P1
2026/06/11 15:58:08.513, 275.09 W, 52, 2850 MHz, 13801 MHz, 22426 MiB, 27 %, P1
2026/06/11 15:58:09.518, 278.31 W, 53, 2850 MHz, 13801 MHz, 22426 MiB, 32 %, P1
2026/06/11 15:58:10.520, 276.79 W, 53, 2850 MHz, 13801 MHz, 22426 MiB, 54 %, P1
2026/06/11 15:58:11.536, 285.44 W, 56, 2850 MHz, 13801 MHz, 22426 MiB, 51 %, P1
2026/06/11 15:58:12.538, 272.74 W, 53, 2850 MHz, 13801 MHz, 22426 MiB, 34 %, P1
2026/06/11 15:58:13.551, 276.46 W, 52, 2850 MHz, 13801 MHz, 22426 MiB, 26 %, P1
2026/06/11 15:58:14.567, 279.63 W, 53, 2850 MHz, 13801 MHz, 22426 MiB, 32 %, P1
2026/06/11 15:58:15.567, 273.19 W, 53, 2850 MHz, 13801 MHz, 22426 MiB, 54 %, P1
2026/06/11 15:58:16.582, 282.71 W, 55, 2850 MHz, 13801 MHz, 22426 MiB, 48 %, P1
2026/06/11 15:58:17.582, 277.26 W, 54, 2850 MHz, 13801 MHz, 22426 MiB, 36 %, P1
2026/06/11 15:58:18.598, 273.43 W, 52, 2842 MHz, 13801 MHz, 22426 MiB, 29 %, P1
2026/06/11 15:58:19.599, 275.84 W, 53, 2850 MHz, 13801 MHz, 22426 MiB, 39 %, P1
2026/06/11 15:58:20.603, 277.57 W, 54, 2850 MHz, 13801 MHz, 22426 MiB, 53 %, P1
2026/06/11 15:58:21.603, 287.04 W, 55, 2850 MHz, 13801 MHz, 22426 MiB, 55 %, P1
2026/06/11 15:58:22.614, 277.95 W, 52, 2850 MHz, 13801 MHz, 22426 MiB, 29 %, P1
2026/06/11 15:58:23.630, 280.99 W, 52, 2842 MHz, 13801 MHz, 22426 MiB, 32 %, P1
2026/06/11 15:58:24.660, 282.37 W, 52, 2850 MHz, 13801 MHz, 22426 MiB, 25 %, P1
2026/06/11 15:58:25.661, 279.47 W, 52, 2850 MHz, 13801 MHz, 22426 MiB, 30 %, P1
2026/06/11 15:58:26.662, 282.10 W, 53, 2850 MHz, 13801 MHz, 22426 MiB, 49 %, P1
2026/06/11 15:58:27.691, 281.76 W, 55, 2850 MHz, 13801 MHz, 22426 MiB, 52 %, P1
2026/06/11 15:58:28.692, 278.04 W, 52, 2850 MHz, 13801 MHz, 22426 MiB, 27 %, P1
2026/06/11 15:58:29.708, 277.24 W, 51, 2850 MHz, 13801 MHz, 22426 MiB, 30 %, P1
2026/06/11 15:58:30.716, 273.96 W, 53, 2850 MHz, 13801 MHz, 22426 MiB, 50 %, P1
2026/06/11 15:58:31.720, 279.27 W, 55, 2850 MHz, 13801 MHz, 22426 MiB, 52 %, P1
2026/06/11 15:58:32.721, 276.74 W, 51, 2850 MHz, 13801 MHz, 22426 MiB, 28 %, P1
2026/06/11 15:58:33.723, 277.35 W, 51, 2842 MHz, 13801 MHz, 22426 MiB, 30 %, P1
2026/06/11 15:58:34.723, 282.89 W, 53, 2850 MHz, 13801 MHz, 22426 MiB, 37 %, P1
2026/06/11 15:58:35.738, 282.45 W, 53, 2850 MHz, 13801 MHz, 22426 MiB, 31 %, P1
2026/06/11 15:58:36.754, 284.97 W, 53, 2850 MHz, 13801 MHz, 22426 MiB, 31 %, P1
2026/06/11 15:58:37.770, 292.57 W, 55, 2850 MHz, 13801 MHz, 22426 MiB, 77 %, P1
2026/06/11 15:58:38.785, 314.21 W, 53, 2850 MHz, 13801 MHz, 22426 MiB, 62 %, P1
2026/06/11 15:58:39.801, 318.75 W, 54, 2850 MHz, 13801 MHz, 22426 MiB, 67 %, P1
2026/06/11 15:58:40.815, 314.40 W, 56, 2850 MHz, 13801 MHz, 22426 MiB, 76 %, P1
2026/06/11 15:58:41.818, 318.34 W, 53, 2850 MHz, 13801 MHz, 22426 MiB, 60 %, P1
2026/06/11 15:58:42.821, 313.93 W, 54, 2850 MHz, 13801 MHz, 22426 MiB, 55 %, P1
2026/06/11 15:58:43.831, 320.55 W, 56, 2850 MHz, 13801 MHz, 22426 MiB, 76 %, P1
2026/06/11 15:58:44.847, 310.27 W, 53, 2850 MHz, 13801 MHz, 22426 MiB, 60 %, P1
2026/06/11 15:58:45.848, 299.85 W, 54, 2857 MHz, 13801 MHz, 22426 MiB, 99 %, P1
2026/06/11 15:58:46.849, 325.95 W, 58, 2850 MHz, 13801 MHz, 22426 MiB, 100 %, P1
2026/06/11 15:58:47.863, 283.76 W, 50, 2857 MHz, 13801 MHz, 22426 MiB, 24 %, P1
2026/06/11 15:58:48.863, 304.10 W, 53, 2857 MHz, 13801 MHz, 22426 MiB, 100 %, P1
2026/06/11 15:58:49.879, 297.95 W, 53, 2857 MHz, 13801 MHz, 22426 MiB, 98 %, P1
2026/06/11 15:58:50.883, 301.87 W, 50, 2850 MHz, 13801 MHz, 22426 MiB, 19 %, P1
2026/06/11 15:58:51.895, 284.48 W, 51, 2857 MHz, 13801 MHz, 22426 MiB, 100 %, P1
2026/06/11 15:58:52.904, 322.18 W, 57, 2850 MHz, 13801 MHz, 22426 MiB, 100 %, P1
2026/06/11 15:58:53.910, 266.71 W, 48, 2850 MHz, 13801 MHz, 22426 MiB, 22 %, P1
2026/06/11 15:58:54.926, 283.15 W, 51, 2857 MHz, 13801 MHz, 22426 MiB, 100 %, P1
2026/06/11 15:58:55.941, 300.48 W, 51, 2857 MHz, 13801 MHz, 22426 MiB, 100 %, P1
2026/06/11 15:58:56.957, 316.98 W, 52, 2850 MHz, 13801 MHz, 22426 MiB, 100 %, P1
2026/06/11 15:58:58.148, 316.98 W, 52, 2850 MHz, 13801 MHz, 22426 MiB, 100 %, P1
2026/06/11 15:58:59.160, 316.98 W, 52, 2850 MHz, 13801 MHz, 22426 MiB, 100 %, P1
2026/06/11 15:59:00.175, 316.98 W, 52, 2850 MHz, 13801 MHz, 22426 MiB, 100 %, P1
2026/06/11 15:59:01.176, 316.98 W, 52, 2850 MHz, 13801 MHz, 22426 MiB, 100 %, P1
2026/06/11 15:59:02.177, 316.98 W, 52, 2850 MHz, 13801 MHz, 22426 MiB, 100 %, P1
2026/06/11 15:59:03.207, 316.98 W, 52, 2850 MHz, 13801 MHz, 22426 MiB, 100 %, P1
2026/06/11 15:59:04.208, 316.98 W, 52, 2850 MHz, 13801 MHz, 22426 MiB, 100 %, P1
2026/06/11 15:59:05.215, 316.98 W, 52, 2850 MHz, 13801 MHz, 22426 MiB, 100 %, P1
2026/06/11 15:59:06.222, 316.98 W, 52, 2850 MHz, 13801 MHz, 22426 MiB, 100 %, P1
2026/06/11 15:59:07.236, 316.98 W, 52, 2850 MHz, 13801 MHz, 22426 MiB, 100 %, P1
2026/06/11 15:59:08.239, 316.98 W, 52, 2850 MHz, 13801 MHz, 22426 MiB, 100 %, P1
2026/06/11 15:59:09.254, 316.98 W, 52, 2850 MHz, 13801 MHz, 22426 MiB, 100 %, P1
2026/06/11 15:59:10.269, 316.98 W, 52, 2850 MHz, 13801 MHz, 22426 MiB, 100 %, P1
2026/06/11 15:59:11.285, 316.98 W, 52, 2850 MHz, 13801 MHz, 22426 MiB, 100 %, P1
2026/06/11 15:59:12.286, 316.98 W, 52, 2850 MHz, 13801 MHz, 22426 MiB, 100 %, P1
2026/06/11 15:59:13.300, 316.98 W, 52, 2850 MHz, 13801 MHz, 22426 MiB, 100 %, P1
2026/06/11 15:59:14.301, 316.98 W, 52, 2850 MHz, 13801 MHz, 22426 MiB, 100 %, P1
2026/06/11 15:59:15.316, 316.98 W, 52, 2850 MHz, 13801 MHz, 22426 MiB, 100 %, P1
2026/06/11 15:59:16.332, 316.98 W, 52, 2850 MHz, 13801 MHz, 22426 MiB, 100 %, P1
2026/06/11 15:59:17.347, 316.98 W, 52, 2850 MHz, 13801 MHz, 22426 MiB, 100 %, P1
2026/06/11 15:59:18.355, 316.98 W, 52, 2850 MHz, 13801 MHz, 22426 MiB, 100 %, P1
2026/06/11 15:59:19.362, 316.98 W, 52, 2850 MHz, 13801 MHz, 22426 MiB, 100 %, P1
2026/06/11 15:59:20.363, 316.98 W, 52, 2850 MHz, 13801 MHz, 22426 MiB, 100 %, P1
2026/06/11 15:59:21.379, 316.98 W, 52, 2850 MHz, 13801 MHz, 22426 MiB, 100 %, P1
2026/06/11 15:59:22.394, 316.98 W, 52, 2850 MHz, 13801 MHz, 22426 MiB, 100 %, P1
2026/06/11 15:59:23.406, 316.98 W, 52, 2850 MHz, 13801 MHz, 22426 MiB, 100 %, P1
2026/06/11 15:59:24.409, 316.98 W, 52, 2850 MHz, 13801 MHz, 22426 MiB, 100 %, P1
2026/06/11 15:59:25.410, 316.98 W, 52, 2850 MHz, 13801 MHz, 22426 MiB, 100 %, P1
2026/06/11 15:59:26.410, 316.98 W, 52, 2850 MHz, 13801 MHz, 22426 MiB, 100 %, P1
2026/06/11 15:59:27.411, 316.98 W, 52, 2850 MHz, 13801 MHz, 22426 MiB, 100 %, P1
2026/06/11 15:59:28.420, 316.98 W, 52, 2850 MHz, 13801 MHz, 22426 MiB, 100 %, P1
2026/06/11 15:59:29.426, 316.98 W, 52, 2850 MHz, 13801 MHz, 22426 MiB, 100 %, P1
2026/06/11 15:59:30.457, 316.98 W, 52, 2850 MHz, 13801 MHz, 22426 MiB, 100 %, P1
2026/06/11 15:59:31.472, 316.98 W, 52, 2850 MHz, 13801 MHz, 22426 MiB, 100 %, P1
2026/06/11 15:59:32.488, 316.98 W, 52, 2850 MHz, 13801 MHz, 22426 MiB, 100 %, P1
2026/06/11 15:59:33.489, 316.98 W, 52, 2850 MHz, 13801 MHz, 22426 MiB, 100 %, P1
2026/06/11 15:59:34.504, 316.98 W, 52, 2850 MHz, 13801 MHz, 22426 MiB, 100 %, P1
2026/06/11 15:59:35.534, 316.98 W, 52, 2850 MHz, 13801 MHz, 22426 MiB, 100 %, P1
2026/06/11 15:59:36.550, 316.98 W, 52, 2850 MHz, 13801 MHz, 22426 MiB, 100 %, P1
2026/06/11 15:59:37.562, 316.98 W, 52, 2850 MHz, 13801 MHz, 22426 MiB, 100 %, P1
2026/06/11 15:59:38.565, 316.98 W, 52, 2850 MHz, 13801 MHz, 22426 MiB, 100 %, P1
2026/06/11 15:59:39.568, 316.98 W, 52, 2850 MHz, 13801 MHz, 22426 MiB, 100 %, P1
2026/06/11 15:59:40.583, 316.98 W, 52, 2850 MHz, 13801 MHz, 22426 MiB, 100 %, P1
2026/06/11 15:59:41.583, 316.98 W, 52, 2850 MHz, 13801 MHz, 22426 MiB, 100 %, P1
2026/06/11 15:59:42.599, 316.98 W, 52, 2850 MHz, 13801 MHz, 22426 MiB, 100 %, P1
2026/06/11 15:59:43.629, 316.98 W, 52, 2850 MHz, 13801 MHz, 22426 MiB, 100 %, P1
2026/06/11 15:59:44.631, 316.98 W, 52, 2850 MHz, 13801 MHz, 22426 MiB, 100 %, P1
2026/06/11 15:59:45.645, 316.98 W, 52, 2850 MHz, 13801 MHz, 22426 MiB, 100 %, P1
2026/06/11 15:59:46.645, 316.98 W, 52, 2850 MHz, 13801 MHz, 22426 MiB, 100 %, P1
2026/06/11 15:59:47.661, 316.98 W, 52, 2850 MHz, 13801 MHz, 22426 MiB, 100 %, P1
2026/06/11 15:59:48.677, 316.98 W, 52, 2850 MHz, 13801 MHz, 22426 MiB, 100 %, P1
2026/06/11 15:59:49.684, 316.98 W, 52, 2850 MHz, 13801 MHz, 22426 MiB, 100 %, P1
2026/06/11 15:59:50.692, 316.98 W, 52, 2850 MHz, 13801 MHz, 22426 MiB, 100 %, P1
2026/06/11 15:59:51.704, 316.98 W, 52, 2850 MHz, 13801 MHz, 22426 MiB, 100 %, P1
2026/06/11 15:59:52.708, 316.98 W, 52, 2850 MHz, 13801 MHz, 22426 MiB, 100 %, P1
2026/06/11 15:59:53.724, 316.98 W, 52, 2850 MHz, 13801 MHz, 22426 MiB, 100 %, P1
2026/06/11 15:59:54.739, 316.98 W, 52, 2850 MHz, 13801 MHz, 22426 MiB, 100 %, P1
2026/06/11 15:59:55.755, 316.98 W, 52, 2850 MHz, 13801 MHz, 22426 MiB, 100 %, P1
2026/06/11 15:59:56.756, 316.98 W, 52, 2850 MHz, 13801 MHz, 22426 MiB, 100 %, P1
2026/06/11 15:59:57.770, 316.98 W, 52, 2850 MHz, 13801 MHz, 22426 MiB, 100 %, P1
2026/06/11 15:59:58.785, 316.98 W, 52, 2850 MHz, 13801 MHz, 22426 MiB, 100 %, P1
2026/06/11 15:59:59.797, 316.98 W, 52, 2850 MHz, 13801 MHz, 22426 MiB, 100 %, P1
2026/06/11 16:00:00.801, 316.98 W, 52, 2850 MHz, 13801 MHz, 22426 MiB, 100 %, P1
2026/06/11 16:00:01.802, 316.98 W, 52, 2850 MHz, 13801 MHz, 22426 MiB, 100 %, P1
2026/06/11 16:00:02.803, 316.98 W, 52, 2850 MHz, 13801 MHz, 22426 MiB, 100 %, P1
2026/06/11 16:00:03.817, 316.98 W, 52, 2850 MHz, 13801 MHz, 22426 MiB, 100 %, P1
2026/06/11 16:00:04.817, 316.98 W, 52, 2850 MHz, 13801 MHz, 22426 MiB, 100 %, P1
2026/06/11 16:00:05.833, 316.98 W, 52, 2850 MHz, 13801 MHz, 22426 MiB, 100 %, P1
2026/06/11 16:00:06.848, 316.98 W, 52, 2850 MHz, 13801 MHz, 22426 MiB, 100 %, P1
2026/06/11 16:00:07.864, 316.98 W, 52, 2850 MHz, 13801 MHz, 22426 MiB, 100 %, P1
2026/06/11 16:00:08.879, 316.98 W, 52, 2850 MHz, 13801 MHz, 22426 MiB, 100 %, P1
2026/06/11 16:00:09.894, 316.98 W, 52, 2850 MHz, 13801 MHz, 22426 MiB, 100 %, P1
2026/06/11 16:00:10.910, 316.98 W, 52, 2850 MHz, 13801 MHz, 22426 MiB, 100 %, P1
2026/06/11 16:00:11.919, 316.98 W, 52, 2850 MHz, 13801 MHz, 22426 MiB, 100 %, P1
2026/06/11 16:00:12.920, 316.98 W, 52, 2850 MHz, 13801 MHz, 22426 MiB, 100 %, P1
2026/06/11 16:00:13.926, 316.98 W, 52, 2850 MHz, 13801 MHz, 22426 MiB, 100 %, P1
2026/06/11 16:00:14.941, 316.98 W, 52, 2850 MHz, 13801 MHz, 22426 MiB, 100 %, P1
2026/06/11 16:00:15.957, 316.98 W, 52, 2850 MHz, 13801 MHz, 22426 MiB, 100 %, P1
2026/06/11 16:00:16.972, 316.98 W, 52, 2850 MHz, 13801 MHz, 22426 MiB, 100 %, P1
2026/06/11 16:00:17.974, 316.98 W, 52, 2850 MHz, 13801 MHz, 22426 MiB, 100 %, P1
2026/06/11 16:00:18.989, 316.98 W, 52, 2850 MHz, 13801 MHz, 22426 MiB, 100 %, P1
2026/06/11 16:00:20.004, 316.98 W, 52, 2850 MHz, 13801 MHz, 22426 MiB, 100 %, P1
2026/06/11 16:00:21.014, 316.98 W, 52, 2850 MHz, 13801 MHz, 22426 MiB, 100 %, P1
2026/06/11 16:00:22.016, 316.98 W, 52, 2850 MHz, 13801 MHz, 22426 MiB, 100 %, P1
2026/06/11 16:00:23.020, 316.98 W, 52, 2850 MHz, 13801 MHz, 22426 MiB, 100 %, P1
2026/06/11 16:00:24.021, 316.98 W, 52, 2850 MHz, 13801 MHz, 22426 MiB, 100 %, P1
2026/06/11 16:00:25.035, 316.98 W, 52, 2850 MHz, 13801 MHz, 22426 MiB, 100 %, P1
2026/06/11 16:00:26.036, 316.98 W, 52, 2850 MHz, 13801 MHz, 22426 MiB, 100 %, P1
2026/06/11 16:00:27.052, 316.98 W, 52, 2850 MHz, 13801 MHz, 22426 MiB, 100 %, P1
2026/06/11 16:00:28.068, 316.98 W, 52, 2850 MHz, 13801 MHz, 22426 MiB, 100 %, P1
2026/06/11 16:00:29.082, 316.98 W, 52, 2850 MHz, 13801 MHz, 22426 MiB, 100 %, P1
2026/06/11 16:00:30.097, 316.98 W, 52, 2850 MHz, 13801 MHz, 22426 MiB, 100 %, P1
2026/06/11 16:00:31.114, 316.98 W, 52, 2850 MHz, 13801 MHz, 22426 MiB, 100 %, P1
2026/06/11 16:00:32.115, 316.98 W, 52, 2850 MHz, 13801 MHz, 22426 MiB, 100 %, P1
2026/06/11 16:00:33.119, 316.98 W, 52, 2850 MHz, 13801 MHz, 22426 MiB, 100 %, P1
2026/06/11 16:00:34.121, 316.98 W, 52, 2850 MHz, 13801 MHz, 22426 MiB, 100 %, P1
2026/06/11 16:00:35.130, 316.98 W, 52, 2850 MHz, 13801 MHz, 22426 MiB, 100 %, P1
2026/06/11 16:00:36.146, 316.98 W, 52, 2850 MHz, 13801 MHz, 22426 MiB, 100 %, P1
2026/06/11 16:00:37.160, 316.98 W, 52, 2850 MHz, 13801 MHz, 22426 MiB, 100 %, P1
2026/06/11 16:00:38.161, 316.98 W, 52, 2850 MHz, 13801 MHz, 22426 MiB, 100 %, P1
2026/06/11 16:00:39.176, 316.98 W, 52, 2850 MHz, 13801 MHz, 22426 MiB, 100 %, P1
2026/06/11 16:00:40.177, 316.98 W, 52, 2850 MHz, 13801 MHz, 22426 MiB, 100 %, P1
2026/06/11 16:00:41.191, 316.98 W, 52, 2850 MHz, 13801 MHz, 22426 MiB, 100 %, P1
2026/06/11 16:00:42.207, 316.98 W, 52, 2850 MHz, 13801 MHz, 22426 MiB, 100 %, P1
2026/06/11 16:00:43.216, 316.98 W, 52, 2850 MHz, 13801 MHz, 22426 MiB, 100 %, P1
2026/06/11 16:00:44.219, 316.98 W, 52, 2850 MHz, 13801 MHz, 22426 MiB, 100 %, P1
2026/06/11 16:00:45.224, 316.98 W, 52, 2850 MHz, 13801 MHz, 22426 MiB, 100 %, P1
2026/06/11 16:00:46.238, 316.98 W, 52, 2850 MHz, 13801 MHz, 22426 MiB, 100 %, P1
2026/06/11 16:00:47.238, 316.98 W, 52, 2850 MHz, 13801 MHz, 22426 MiB, 100 %, P1
2026/06/11 16:00:48.255, 316.98 W, 52, 2850 MHz, 13801 MHz, 22426 MiB, 100 %, P1
2026/06/11 16:00:49.269, 316.98 W, 52, 2850 MHz, 13801 MHz, 22426 MiB, 100 %, P1
2026/06/11 16:00:50.285, 316.98 W, 52, 2850 MHz, 13801 MHz, 22426 MiB, 100 %, P1
2026/06/11 16:00:51.287, 316.98 W, 52, 2850 MHz, 13801 MHz, 22426 MiB, 100 %, P1
2026/06/11 16:00:52.300, 316.98 W, 52, 2850 MHz, 13801 MHz, 22426 MiB, 100 %, P1
2026/06/11 16:00:53.314, 316.98 W, 52, 2850 MHz, 13801 MHz, 22426 MiB, 100 %, P1
2026/06/11 16:00:54.319, 316.98 W, 52, 2850 MHz, 13801 MHz, 22426 MiB, 100 %, P1
2026/06/11 16:00:55.320, 316.98 W, 52, 2850 MHz, 13801 MHz, 22426 MiB, 100 %, P1
2026/06/11 16:00:56.332, 316.98 W, 52, 2850 MHz, 13801 MHz, 22426 MiB, 100 %, P1
2026/06/11 16:00:57.348, 316.98 W, 52, 2850 MHz, 13801 MHz, 22426 MiB, 100 %, P1
2026/06/11 16:00:58.363, 316.98 W, 52, 2850 MHz, 13801 MHz, 22426 MiB, 100 %, P1
2026/06/11 16:00:59.379, 316.98 W, 52, 2850 MHz, 13801 MHz, 22426 MiB, 100 %, P1
2026/06/11 16:01:00.379, 316.98 W, 52, 2850 MHz, 13801 MHz, 22426 MiB, 100 %, P1
2026/06/11 16:01:01.395, 316.98 W, 52, 2850 MHz, 13801 MHz, 22426 MiB, 100 %, P1
2026/06/11 16:01:02.409, 316.98 W, 52, 2850 MHz, 13801 MHz, 22426 MiB, 100 %, P1
2026/06/11 16:01:03.418, 316.98 W, 52, 2850 MHz, 13801 MHz, 22426 MiB, 100 %, P1
2026/06/11 16:01:04.434, 316.98 W, 52, 2850 MHz, 13801 MHz, 22426 MiB, 100 %, P1
2026/06/11 16:01:05.435, 316.98 W, 52, 2850 MHz, 13801 MHz, 22426 MiB, 100 %, P1
2026/06/11 16:01:06.455, 316.98 W, 52, 2850 MHz, 13801 MHz, 22426 MiB, 100 %, P1
2026/06/11 16:01:07.457, 316.98 W, 52, 2850 MHz, 13801 MHz, 22426 MiB, 100 %, P1
2026/06/11 16:01:08.473, 316.98 W, 52, 2850 MHz, 13801 MHz, 22426 MiB, 100 %, P1
2026/06/11 16:01:09.488, 316.98 W, 52, 2850 MHz, 13801 MHz, 22426 MiB, 100 %, P1
2026/06/11 16:01:10.489, 316.98 W, 52, 2850 MHz, 13801 MHz, 22426 MiB, 100 %, P1
2026/06/11 16:01:11.505, 316.98 W, 52, 2850 MHz, 13801 MHz, 22426 MiB, 100 %, P1
2026/06/11 16:01:12.534, 316.98 W, 52, 2850 MHz, 13801 MHz, 22426 MiB, 100 %, P1
2026/06/11 16:01:13.535, 316.98 W, 52, 2850 MHz, 13801 MHz, 22426 MiB, 100 %, P1
2026/06/11 16:01:14.546, 316.98 W, 52, 2850 MHz, 13801 MHz, 22426 MiB, 100 %, P1
2026/06/11 16:01:15.551, 316.98 W, 52, 2850 MHz, 13801 MHz, 22426 MiB, 100 %, P1
2026/06/11 16:01:16.566, 316.98 W, 52, 2850 MHz, 13801 MHz, 22426 MiB, 100 %, P1
2026/06/11 16:01:17.581, 316.98 W, 52, 2850 MHz, 13801 MHz, 22426 MiB, 100 %, P1
2026/06/11 16:01:18.582, 316.98 W, 52, 2850 MHz, 13801 MHz, 22426 MiB, 100 %, P1
2026/06/11 16:01:19.596, 316.98 W, 52, 2850 MHz, 13801 MHz, 22426 MiB, 100 %, P1
2026/06/11 16:01:20.597, 316.98 W, 52, 2850 MHz, 13801 MHz, 22426 MiB, 100 %, P1
2026/06/11 16:01:21.612, 316.98 W, 52, 2850 MHz, 13801 MHz, 22426 MiB, 100 %, P1
2026/06/11 16:01:22.613, 316.98 W, 52, 2850 MHz, 13801 MHz, 22426 MiB, 100 %, P1
2026/06/11 16:01:23.628, 316.98 W, 52, 2850 MHz, 13801 MHz, 22426 MiB, 100 %, P1
2026/06/11 16:01:24.629, 316.98 W, 52, 2850 MHz, 13801 MHz, 22426 MiB, 100 %, P1
2026/06/11 16:01:25.645, 316.98 W, 52, 2850 MHz, 13801 MHz, 22426 MiB, 100 %, P1
2026/06/11 16:01:26.651, 316.98 W, 52, 2850 MHz, 13801 MHz, 22426 MiB, 100 %, P1
2026/06/11 16:01:27.655, 316.98 W, 52, 2850 MHz, 13801 MHz, 22426 MiB, 100 %, P1
2026/06/11 16:01:28.661, 316.98 W, 52, 2850 MHz, 13801 MHz, 22426 MiB, 100 %, P1
2026/06/11 16:01:29.691, 316.98 W, 52, 2850 MHz, 13801 MHz, 22426 MiB, 100 %, P1
2026/06/11 16:01:30.692, 316.98 W, 52, 2850 MHz, 13801 MHz, 22426 MiB, 100 %, P1
2026/06/11 16:01:31.707, 316.98 W, 52, 2850 MHz, 13801 MHz, 22426 MiB, 100 %, P1
2026/06/11 16:01:32.723, 316.98 W, 52, 2850 MHz, 13801 MHz, 22426 MiB, 100 %, P1
2026/06/11 16:01:33.738, 316.98 W, 52, 2850 MHz, 13801 MHz, 22426 MiB, 100 %, P1
2026/06/11 16:01:34.754, 316.98 W, 52, 2850 MHz, 13801 MHz, 22426 MiB, 100 %, P1
2026/06/11 16:01:35.769, 316.98 W, 52, 2850 MHz, 13801 MHz, 22426 MiB, 100 %, P1
2026/06/11 16:01:36.784, 316.98 W, 52, 2850 MHz, 13801 MHz, 22426 MiB, 100 %, P1
2026/06/11 16:01:37.785, 316.98 W, 52, 2850 MHz, 13801 MHz, 22426 MiB, 100 %, P1
2026/06/11 16:01:38.788, 316.98 W, 52, 2850 MHz, 13801 MHz, 22426 MiB, 100 %, P1
2026/06/11 16:01:39.801, 316.98 W, 52, 2850 MHz, 13801 MHz, 22426 MiB, 100 %, P1
2026/06/11 16:01:40.816, 316.98 W, 52, 2850 MHz, 13801 MHz, 22426 MiB, 100 %, P1
2026/06/11 16:01:41.832, 316.98 W, 52, 2850 MHz, 13801 MHz, 22426 MiB, 100 %, P1
2026/06/11 16:01:42.847, 316.98 W, 52, 2850 MHz, 13801 MHz, 22426 MiB, 100 %, P1
2026/06/11 16:01:43.862, 316.98 W, 52, 2850 MHz, 13801 MHz, 22426 MiB, 100 %, P1
2026/06/11 16:01:44.864, 316.98 W, 52, 2850 MHz, 13801 MHz, 22426 MiB, 100 %, P1
2026/06/11 16:01:45.879, 316.98 W, 52, 2850 MHz, 13801 MHz, 22426 MiB, 100 %, P1
2026/06/11 16:01:46.880, 316.98 W, 52, 2850 MHz, 13801 MHz, 22426 MiB, 100 %, P1
2026/06/11 16:01:47.883, 316.98 W, 52, 2850 MHz, 13801 MHz, 22426 MiB, 100 %, P1
2026/06/11 16:01:48.885, 316.98 W, 52, 2850 MHz, 13801 MHz, 22426 MiB, 100 %, P1
2026/06/11 16:01:49.888, 316.98 W, 52, 2850 MHz, 13801 MHz, 22426 MiB, 100 %, P1
2026/06/11 16:01:50.895, 316.98 W, 52, 2850 MHz, 13801 MHz, 22426 MiB, 100 %, P1
2026/06/11 16:01:51.896, 316.98 W, 52, 2850 MHz, 13801 MHz, 22426 MiB, 100 %, P1
2026/06/11 16:01:52.910, 316.98 W, 52, 2850 MHz, 13801 MHz, 22426 MiB, 100 %, P1
2026/06/11 16:01:53.911, 316.98 W, 52, 2850 MHz, 13801 MHz, 22426 MiB, 100 %, P1
2026/06/11 16:01:54.923, 316.98 W, 52, 2850 MHz, 13801 MHz, 22426 MiB, 100 %, P1
2026/06/11 16:01:55.927, 316.98 W, 52, 2850 MHz, 13801 MHz, 22426 MiB, 100 %, P1
2026/06/11 16:01:56.927, 316.98 W, 52, 2850 MHz, 13801 MHz, 22426 MiB, 100 %, P1
2026/06/11 16:01:57.941, 316.98 W, 52, 2850 MHz, 13801 MHz, 22426 MiB, 100 %, P1
2026/06/11 16:01:58.953, 316.98 W, 52, 2850 MHz, 13801 MHz, 22426 MiB, 100 %, P1
2026/06/11 16:01:59.969, 316.98 W, 52, 2850 MHz, 13801 MHz, 22426 MiB, 100 %, P1
2026/06/11 16:02:00.988, 316.98 W, 52, 2850 MHz, 13801 MHz, 22426 MiB, 100 %, P1
2026/06/11 16:02:02.004, 316.98 W, 52, 2850 MHz, 13801 MHz, 22426 MiB, 100 %, P1
2026/06/11 16:02:03.020, 316.98 W, 52, 2850 MHz, 13801 MHz, 22426 MiB, 100 %, P1
2026/06/11 16:02:04.035, 316.98 W, 52, 2850 MHz, 13801 MHz, 22426 MiB, 100 %, P1
2026/06/11 16:02:05.035, 316.98 W, 52, 2850 MHz, 13801 MHz, 22426 MiB, 100 %, P1
2026/06/11 16:02:06.051, 316.98 W, 52, 2850 MHz, 13801 MHz, 22426 MiB, 100 %, P1
2026/06/11 16:02:07.067, 316.98 W, 52, 2850 MHz, 13801 MHz, 22426 MiB, 100 %, P1
2026/06/11 16:02:08.082, 316.98 W, 52, 2850 MHz, 13801 MHz, 22426 MiB, 100 %, P1
2026/06/11 16:02:09.097, 316.98 W, 52, 2850 MHz, 13801 MHz, 22426 MiB, 100 %, P1
2026/06/11 16:02:10.113, 316.98 W, 52, 2850 MHz, 13801 MHz, 22426 MiB, 100 %, P1
2026/06/11 16:02:11.121, 316.98 W, 52, 2850 MHz, 13801 MHz, 22426 MiB, 100 %, P1
2026/06/11 16:02:12.136, 316.98 W, 52, 2850 MHz, 13801 MHz, 22426 MiB, 100 %, P1
2026/06/11 16:02:13.145, 316.98 W, 52, 2850 MHz, 13801 MHz, 22426 MiB, 100 %, P1
2026/06/11 16:02:14.160, 316.98 W, 52, 2850 MHz, 13801 MHz, 22426 MiB, 100 %, P1
2026/06/11 16:02:15.160, 316.98 W, 52, 2850 MHz, 13801 MHz, 22426 MiB, 100 %, P1
2026/06/11 16:02:16.175, 316.98 W, 52, 2850 MHz, 13801 MHz, 22426 MiB, 100 %, P1
2026/06/11 16:02:17.176, 316.98 W, 52, 2850 MHz, 13801 MHz, 22426 MiB, 100 %, P1
2026/06/11 16:02:18.191, 316.98 W, 52, 2850 MHz, 13801 MHz, 22426 MiB, 100 %, P1
2026/06/11 16:02:19.206, 316.98 W, 52, 2850 MHz, 13801 MHz, 22426 MiB, 100 %, P1
2026/06/11 16:02:20.215, 316.98 W, 52, 2850 MHz, 13801 MHz, 22426 MiB, 100 %, P1
2026/06/11 16:02:21.219, 316.98 W, 52, 2850 MHz, 13801 MHz, 22426 MiB, 100 %, P1
2026/06/11 16:02:22.220, 316.98 W, 52, 2850 MHz, 13801 MHz, 22426 MiB, 100 %, P1
2026/06/11 16:02:23.223, 316.98 W, 52, 2850 MHz, 13801 MHz, 22426 MiB, 100 %, P1
2026/06/11 16:02:24.239, 316.98 W, 52, 2850 MHz, 13801 MHz, 22426 MiB, 100 %, P1
2026/06/11 16:02:25.254, 316.98 W, 52, 2850 MHz, 13801 MHz, 22426 MiB, 100 %, P1
2026/06/11 16:02:26.254, 316.98 W, 52, 2850 MHz, 13801 MHz, 22426 MiB, 100 %, P1
2026/06/11 16:02:27.269, 316.98 W, 52, 2850 MHz, 13801 MHz, 22426 MiB, 100 %, P1
2026/06/11 16:02:28.285, 316.98 W, 52, 2850 MHz, 13801 MHz, 22426 MiB, 100 %, P1
2026/06/11 16:02:29.300, 316.98 W, 52, 2850 MHz, 13801 MHz, 22426 MiB, 100 %, P1
2026/06/11 16:02:30.315, 316.98 W, 52, 2850 MHz, 13801 MHz, 22426 MiB, 100 %, P1
2026/06/11 16:02:31.316, 316.98 W, 52, 2850 MHz, 13801 MHz, 22426 MiB, 100 %, P1
2026/06/11 16:02:32.321, 316.98 W, 52, 2850 MHz, 13801 MHz, 22426 MiB, 100 %, P1
2026/06/11 16:02:33.337, 316.98 W, 52, 2850 MHz, 13801 MHz, 22426 MiB, 100 %, P1
2026/06/11 16:02:34.348, 316.98 W, 52, 2850 MHz, 13801 MHz, 22426 MiB, 100 %, P1
2026/06/11 16:02:35.348, 316.98 W, 52, 2850 MHz, 13801 MHz, 22426 MiB, 100 %, P1
2026/06/11 16:02:36.363, 316.98 W, 52, 2850 MHz, 13801 MHz, 22426 MiB, 100 %, P1
2026/06/11 16:02:37.365, 316.98 W, 52, 2850 MHz, 13801 MHz, 22426 MiB, 100 %, P1
2026/06/11 16:02:38.379, 316.98 W, 52, 2850 MHz, 13801 MHz, 22426 MiB, 100 %, P1
2026/06/11 16:02:39.379, 316.98 W, 52, 2850 MHz, 13801 MHz, 22426 MiB, 100 %, P1
2026/06/11 16:02:40.395, 316.98 W, 52, 2850 MHz, 13801 MHz, 22426 MiB, 100 %, P1
2026/06/11 16:02:41.401, 316.98 W, 52, 2850 MHz, 13801 MHz, 22426 MiB, 100 %, P1
2026/06/11 16:02:42.403, 316.98 W, 52, 2850 MHz, 13801 MHz, 22426 MiB, 100 %, P1
2026/06/11 16:02:43.412, 316.98 W, 52, 2850 MHz, 13801 MHz, 22426 MiB, 100 %, P1
2026/06/11 16:02:44.426, 316.98 W, 52, 2850 MHz, 13801 MHz, 22426 MiB, 100 %, P1
2026/06/11 16:02:45.442, 316.98 W, 52, 2850 MHz, 13801 MHz, 22426 MiB, 100 %, P1
2026/06/11 16:02:46.457, 316.98 W, 52, 2850 MHz, 13801 MHz, 22426 MiB, 100 %, P1
2026/06/11 16:02:47.472, 316.98 W, 52, 2850 MHz, 13801 MHz, 22426 MiB, 100 %, P1
2026/06/11 16:02:48.474, 316.98 W, 52, 2850 MHz, 13801 MHz, 22426 MiB, 100 %, P1
2026/06/11 16:02:49.488, 316.98 W, 52, 2850 MHz, 13801 MHz, 22426 MiB, 100 %, P1
2026/06/11 16:02:50.504, 316.98 W, 52, 2850 MHz, 13801 MHz, 22426 MiB, 100 %, P1
2026/06/11 16:02:51.520, 316.98 W, 52, 2850 MHz, 13801 MHz, 22426 MiB, 100 %, P1
2026/06/11 16:02:52.534, 316.98 W, 52, 2850 MHz, 13801 MHz, 22426 MiB, 100 %, P1
2026/06/11 16:02:53.550, 316.98 W, 52, 2850 MHz, 13801 MHz, 22426 MiB, 100 %, P1
2026/06/11 16:02:54.565, 316.98 W, 52, 2850 MHz, 13801 MHz, 22426 MiB, 100 %, P1
2026/06/11 16:02:55.566, 316.98 W, 52, 2850 MHz, 13801 MHz, 22426 MiB, 100 %, P1
2026/06/11 16:02:56.567, 316.98 W, 52, 2850 MHz, 13801 MHz, 22426 MiB, 100 %, P1
2026/06/11 16:02:57.582, 316.98 W, 52, 2850 MHz, 13801 MHz, 22426 MiB, 100 %, P1
2026/06/11 16:02:58.590, 316.98 W, 52, 2850 MHz, 13801 MHz, 22426 MiB, 100 %, P1
2026/06/11 16:02:59.599, 316.98 W, 52, 2850 MHz, 13801 MHz, 22426 MiB, 100 %, P1
2026/06/11 16:03:00.613, 316.98 W, 52, 2850 MHz, 13801 MHz, 22426 MiB, 100 %, P1
2026/06/11 16:03:01.629, 316.98 W, 52, 2850 MHz, 13801 MHz, 22426 MiB, 100 %, P1
2026/06/11 16:03:02.645, 316.98 W, 52, 2850 MHz, 13801 MHz, 22426 MiB, 100 %, P1
2026/06/11 16:03:03.675, 316.98 W, 52, 2850 MHz, 13801 MHz, 22426 MiB, 100 %, P1
2026/06/11 16:03:04.691, 316.98 W, 52, 2850 MHz, 13801 MHz, 22426 MiB, 100 %, P1
2026/06/11 16:03:05.692, 316.98 W, 52, 2850 MHz, 13801 MHz, 22426 MiB, 100 %, P1
2026/06/11 16:03:06.707, 316.98 W, 52, 2850 MHz, 13801 MHz, 22426 MiB, 100 %, P1
2026/06/11 16:03:07.722, 316.98 W, 52, 2850 MHz, 13801 MHz, 22426 MiB, 100 %, P1
2026/06/11 16:03:08.738, 316.98 W, 52, 2850 MHz, 13801 MHz, 22426 MiB, 100 %, P1
2026/06/11 16:03:09.754, 316.98 W, 52, 2850 MHz, 13801 MHz, 22426 MiB, 100 %, P1
2026/06/11 16:03:10.755, 316.98 W, 52, 2850 MHz, 13801 MHz, 22426 MiB, 100 %, P1
2026/06/11 16:03:11.769, 316.98 W, 52, 2850 MHz, 13801 MHz, 22426 MiB, 100 %, P1
2026/06/11 16:03:12.770, 316.98 W, 52, 2850 MHz, 13801 MHz, 22426 MiB, 100 %, P1
2026/06/11 16:03:13.785, 316.98 W, 52, 2850 MHz, 13801 MHz, 22426 MiB, 100 %, P1
2026/06/11 16:03:14.801, 316.98 W, 52, 2850 MHz, 13801 MHz, 22426 MiB, 100 %, P1
2026/06/11 16:03:15.816, 316.98 W, 52, 2850 MHz, 13801 MHz, 22426 MiB, 100 %, P1
2026/06/11 16:03:16.831, 316.98 W, 52, 2850 MHz, 13801 MHz, 22426 MiB, 100 %, P1
2026/06/11 16:03:17.832, 316.98 W, 52, 2850 MHz, 13801 MHz, 22426 MiB, 100 %, P1
2026/06/11 16:03:18.833, 316.98 W, 52, 2850 MHz, 13801 MHz, 22426 MiB, 100 %, P1
2026/06/11 16:03:19.847, 316.98 W, 52, 2850 MHz, 13801 MHz, 22426 MiB, 100 %, P1
2026/06/11 16:03:20.863, 316.98 W, 52, 2850 MHz, 13801 MHz, 22426 MiB, 100 %, P1
2026/06/11 16:03:21.863, 316.98 W, 52, 2850 MHz, 13801 MHz, 22426 MiB, 100 %, P1
2026/06/11 16:03:22.879, 316.98 W, 52, 2850 MHz, 13801 MHz, 22426 MiB, 100 %, P1
2026/06/11 16:03:23.880, 316.98 W, 52, 2850 MHz, 13801 MHz, 22426 MiB, 100 %, P1
2026/06/11 16:03:24.894, 316.98 W, 52, 2850 MHz, 13801 MHz, 22426 MiB, 100 %, P1
2026/06/11 16:03:25.910, 316.98 W, 52, 2850 MHz, 13801 MHz, 22426 MiB, 100 %, P1
2026/06/11 16:03:26.911, 316.98 W, 52, 2850 MHz, 13801 MHz, 22426 MiB, 100 %, P1
2026/06/11 16:03:27.926, 316.98 W, 52, 2850 MHz, 13801 MHz, 22426 MiB, 100 %, P1
2026/06/11 16:03:28.941, 316.98 W, 52, 2850 MHz, 13801 MHz, 22426 MiB, 100 %, P1
2026/06/11 16:03:29.957, 316.98 W, 52, 2850 MHz, 13801 MHz, 22426 MiB, 100 %, P1
2026/06/11 16:03:30.972, 316.98 W, 52, 2850 MHz, 13801 MHz, 22426 MiB, 100 %, P1
2026/06/11 16:03:32.003, 316.98 W, 52, 2850 MHz, 13801 MHz, 22426 MiB, 100 %, P1
2026/06/11 16:03:33.019, 316.98 W, 52, 2850 MHz, 13801 MHz, 22426 MiB, 100 %, P1
2026/06/11 16:03:34.020, 316.98 W, 52, 2850 MHz, 13801 MHz, 22426 MiB, 100 %, P1
2026/06/11 16:03:35.020, 316.98 W, 52, 2850 MHz, 13801 MHz, 22426 MiB, 100 %, P1
2026/06/11 16:03:36.035, 316.98 W, 52, 2850 MHz, 13801 MHz, 22426 MiB, 100 %, P1
2026/06/11 16:03:37.051, 316.98 W, 52, 2850 MHz, 13801 MHz, 22426 MiB, 100 %, P1
2026/06/11 16:03:38.066, 316.98 W, 52, 2850 MHz, 13801 MHz, 22426 MiB, 100 %, P1
2026/06/11 16:03:39.082, 316.98 W, 52, 2850 MHz, 13801 MHz, 22426 MiB, 100 %, P1
2026/06/11 16:03:40.097, 316.98 W, 52, 2850 MHz, 13801 MHz, 22426 MiB, 100 %, P1
2026/06/11 16:03:41.113, 316.98 W, 52, 2850 MHz, 13801 MHz, 22426 MiB, 100 %, P1
2026/06/11 16:03:42.114, 316.98 W, 52, 2850 MHz, 13801 MHz, 22426 MiB, 100 %, P1
2026/06/11 16:03:43.129, 316.98 W, 52, 2850 MHz, 13801 MHz, 22426 MiB, 100 %, P1
2026/06/11 16:03:44.130, 316.98 W, 52, 2850 MHz, 13801 MHz, 22426 MiB, 100 %, P1
2026/06/11 16:03:45.144, 316.98 W, 52, 2850 MHz, 13801 MHz, 22426 MiB, 100 %, P1
2026/06/11 16:03:46.160, 316.98 W, 52, 2850 MHz, 13801 MHz, 22426 MiB, 100 %, P1
2026/06/11 16:03:47.176, 316.98 W, 52, 2850 MHz, 13801 MHz, 22426 MiB, 100 %, P1
2026/06/11 16:03:48.178, 316.98 W, 52, 2850 MHz, 13801 MHz, 22426 MiB, 100 %, P1
2026/06/11 16:03:49.191, 316.98 W, 52, 2850 MHz, 13801 MHz, 22426 MiB, 100 %, P1
2026/06/11 16:03:50.192, 316.98 W, 52, 2850 MHz, 13801 MHz, 22426 MiB, 100 %, P1
2026/06/11 16:03:51.208, 316.98 W, 52, 2850 MHz, 13801 MHz, 22426 MiB, 100 %, P1
2026/06/11 16:03:52.209, 316.98 W, 52, 2850 MHz, 13801 MHz, 22426 MiB, 100 %, P1
2026/06/11 16:03:53.239, 316.98 W, 52, 2850 MHz, 13801 MHz, 22426 MiB, 100 %, P1
2026/06/11 16:03:54.251, 316.98 W, 52, 2850 MHz, 13801 MHz, 22426 MiB, 100 %, P1
2026/06/11 16:03:55.255, 316.98 W, 52, 2850 MHz, 13801 MHz, 22426 MiB, 100 %, P1
2026/06/11 16:03:56.256, 316.98 W, 52, 2850 MHz, 13801 MHz, 22426 MiB, 100 %, P1
2026/06/11 16:03:57.285, 316.98 W, 52, 2850 MHz, 13801 MHz, 22426 MiB, 100 %, P1
2026/06/11 16:03:58.302, 316.98 W, 52, 2850 MHz, 13801 MHz, 22426 MiB, 100 %, P1
2026/06/11 16:03:59.318, 316.98 W, 52, 2850 MHz, 13801 MHz, 22426 MiB, 100 %, P1
2026/06/11 16:04:00.319, 316.98 W, 52, 2850 MHz, 13801 MHz, 22426 MiB, 100 %, P1
2026/06/11 16:04:01.332, 316.98 W, 52, 2850 MHz, 13801 MHz, 22426 MiB, 100 %, P1
2026/06/11 16:04:02.332, 316.98 W, 52, 2850 MHz, 13801 MHz, 22426 MiB, 100 %, P1
2026/06/11 16:04:03.333, 316.98 W, 52, 2850 MHz, 13801 MHz, 22426 MiB, 100 %, P1
2026/06/11 16:04:04.333, 316.98 W, 52, 2850 MHz, 13801 MHz, 22426 MiB, 100 %, P1
2026/06/11 16:04:05.349, 316.98 W, 52, 2850 MHz, 13801 MHz, 22426 MiB, 100 %, P1
2026/06/11 16:04:06.363, 316.98 W, 52, 2850 MHz, 13801 MHz, 22426 MiB, 100 %, P1
2026/06/11 16:04:07.364, 316.98 W, 52, 2850 MHz, 13801 MHz, 22426 MiB, 100 %, P1
2026/06/11 16:04:08.380, 316.98 W, 52, 2850 MHz, 13801 MHz, 22426 MiB, 100 %, P1
2026/06/11 16:04:09.396, 316.98 W, 52, 2850 MHz, 13801 MHz, 22426 MiB, 100 %, P1
2026/06/11 16:04:10.410, 316.98 W, 52, 2850 MHz, 13801 MHz, 22426 MiB, 100 %, P1
2026/06/11 16:04:11.425, 316.98 W, 52, 2850 MHz, 13801 MHz, 22426 MiB, 100 %, P1
2026/06/11 16:04:12.427, 316.98 W, 52, 2850 MHz, 13801 MHz, 22426 MiB, 100 %, P1
2026/06/11 16:04:13.428, 316.98 W, 52, 2850 MHz, 13801 MHz, 22426 MiB, 100 %, P1
2026/06/11 16:04:14.457, 316.98 W, 52, 2850 MHz, 13801 MHz, 22426 MiB, 100 %, P1
2026/06/11 16:04:15.458, 316.98 W, 52, 2850 MHz, 13801 MHz, 22426 MiB, 100 %, P1
2026/06/11 16:04:16.474, 316.98 W, 52, 2850 MHz, 13801 MHz, 22426 MiB, 100 %, P1
2026/06/11 16:04:17.491, 316.98 W, 52, 2850 MHz, 13801 MHz, 22426 MiB, 100 %, P1
2026/06/11 16:04:18.504, 316.98 W, 52, 2850 MHz, 13801 MHz, 22426 MiB, 100 %, P1
2026/06/11 16:04:19.520, 316.98 W, 52, 2850 MHz, 13801 MHz, 22426 MiB, 100 %, P1
2026/06/11 16:04:20.536, 316.98 W, 52, 2850 MHz, 13801 MHz, 22426 MiB, 100 %, P1
2026/06/11 16:04:21.536, 316.98 W, 52, 2850 MHz, 13801 MHz, 22426 MiB, 100 %, P1
2026/06/11 16:04:22.550, 316.98 W, 52, 2850 MHz, 13801 MHz, 22426 MiB, 100 %, P1
2026/06/11 16:04:23.551, 316.98 W, 52, 2850 MHz, 13801 MHz, 22426 MiB, 100 %, P1
2026/06/11 16:04:24.566, 316.98 W, 52, 2850 MHz, 13801 MHz, 22426 MiB, 100 %, P1
2026/06/11 16:04:25.573, 316.98 W, 52, 2850 MHz, 13801 MHz, 22426 MiB, 100 %, P1
2026/06/11 16:04:26.582, 316.98 W, 52, 2850 MHz, 13801 MHz, 22426 MiB, 100 %, P1
2026/06/11 16:04:27.582, 316.98 W, 52, 2850 MHz, 13801 MHz, 22426 MiB, 100 %, P1
2026/06/11 16:04:28.594, 316.98 W, 52, 2850 MHz, 13801 MHz, 22426 MiB, 100 %, P1
2026/06/11 16:04:29.598, 316.98 W, 52, 2850 MHz, 13801 MHz, 22426 MiB, 100 %, P1
2026/06/11 16:04:30.611, 316.98 W, 52, 2850 MHz, 13801 MHz, 22426 MiB, 100 %, P1
2026/06/11 16:04:31.611, 316.98 W, 52, 2850 MHz, 13801 MHz, 22426 MiB, 100 %, P1
2026/06/11 16:04:32.612, 316.98 W, 52, 2850 MHz, 13801 MHz, 22426 MiB, 100 %, P1
2026/06/11 16:04:33.627, 316.98 W, 52, 2850 MHz, 13801 MHz, 22426 MiB, 100 %, P1
2026/06/11 16:04:34.629, 316.98 W, 52, 2850 MHz, 13801 MHz, 22426 MiB, 100 %, P1
2026/06/11 16:04:35.642, 316.98 W, 52, 2850 MHz, 13801 MHz, 22426 MiB, 100 %, P1
2026/06/11 16:04:36.643, 316.98 W, 52, 2850 MHz, 13801 MHz, 22426 MiB, 100 %, P1
2026/06/11 16:04:37.644, 316.98 W, 52, 2850 MHz, 13801 MHz, 22426 MiB, 100 %, P1
2026/06/11 16:04:38.659, 316.98 W, 52, 2850 MHz, 13801 MHz, 22426 MiB, 100 %, P1
2026/06/11 16:04:39.677, 316.98 W, 52, 2850 MHz, 13801 MHz, 22426 MiB, 100 %, P1
2026/06/11 16:04:40.677, 316.98 W, 52, 2850 MHz, 13801 MHz, 22426 MiB, 100 %, P1
2026/06/11 16:04:41.679, 316.98 W, 52, 2850 MHz, 13801 MHz, 22426 MiB, 100 %, P1
2026/06/11 16:04:42.694, 316.98 W, 52, 2850 MHz, 13801 MHz, 22426 MiB, 100 %, P1
2026/06/11 16:04:43.694, 316.98 W, 52, 2850 MHz, 13801 MHz, 22426 MiB, 100 %, P1
2026/06/11 16:04:44.709, 316.98 W, 52, 2850 MHz, 13801 MHz, 22426 MiB, 100 %, P1
2026/06/11 16:04:45.712, 316.98 W, 52, 2850 MHz, 13801 MHz, 22426 MiB, 100 %, P1
2026/06/11 16:04:46.728, 316.98 W, 52, 2850 MHz, 13801 MHz, 22426 MiB, 100 %, P1
2026/06/11 16:04:47.728, 316.98 W, 52, 2850 MHz, 13801 MHz, 22426 MiB, 100 %, P1
2026/06/11 16:04:48.743, 316.98 W, 52, 2850 MHz, 13801 MHz, 22426 MiB, 100 %, P1
2026/06/11 16:04:49.744, 316.98 W, 52, 2850 MHz, 13801 MHz, 22426 MiB, 100 %, P1
2026/06/11 16:04:50.758, 316.98 W, 52, 2850 MHz, 13801 MHz, 22426 MiB, 100 %, P1
2026/06/11 16:04:51.759, 316.98 W, 52, 2850 MHz, 13801 MHz, 22426 MiB, 100 %, P1
2026/06/11 16:04:52.777, 316.98 W, 52, 2850 MHz, 13801 MHz, 22426 MiB, 100 %, P1
2026/06/11 16:04:53.801, 316.98 W, 52, 2850 MHz, 13801 MHz, 22426 MiB, 100 %, P1
2026/06/11 16:04:54.817, 316.98 W, 52, 2850 MHz, 13801 MHz, 22426 MiB, 100 %, P1
2026/06/11 16:04:55.832, 316.98 W, 52, 2850 MHz, 13801 MHz, 22426 MiB, 100 %, P1
2026/06/11 16:04:56.832, 316.98 W, 52, 2850 MHz, 13801 MHz, 22426 MiB, 100 %, P1
2026/06/11 16:04:57.847, 316.98 W, 52, 2850 MHz, 13801 MHz, 22426 MiB, 100 %, P1
2026/06/11 16:04:58.848, 316.98 W, 52, 2850 MHz, 13801 MHz, 22426 MiB, 100 %, P1
2026/06/11 16:04:59.863, 316.98 W, 52, 2850 MHz, 13801 MHz, 22426 MiB, 100 %, P1
2026/06/11 16:05:00.872, 316.98 W, 52, 2850 MHz, 13801 MHz, 22426 MiB, 100 %, P1
2026/06/11 16:05:01.875, 316.98 W, 52, 2850 MHz, 13801 MHz, 22426 MiB, 100 %, P1
2026/06/11 16:05:02.878, 316.98 W, 52, 2850 MHz, 13801 MHz, 22426 MiB, 100 %, P1
2026/06/11 16:05:03.893, 316.98 W, 52, 2850 MHz, 13801 MHz, 22426 MiB, 100 %, P1
2026/06/11 16:05:04.908, 316.98 W, 52, 2850 MHz, 13801 MHz, 22426 MiB, 100 %, P1
2026/06/11 16:05:05.926, 316.98 W, 52, 2850 MHz, 13801 MHz, 22426 MiB, 100 %, P1
2026/06/11 16:05:06.926, 316.98 W, 52, 2850 MHz, 13801 MHz, 22426 MiB, 100 %, P1
2026/06/11 16:05:07.942, 316.98 W, 52, 2850 MHz, 13801 MHz, 22426 MiB, 100 %, P1
2026/06/11 16:05:08.943, 316.98 W, 52, 2850 MHz, 13801 MHz, 22426 MiB, 100 %, P1
2026/06/11 16:05:09.957, 316.98 W, 52, 2850 MHz, 13801 MHz, 22426 MiB, 100 %, P1
2026/06/11 16:05:10.958, 316.98 W, 52, 2850 MHz, 13801 MHz, 22426 MiB, 100 %, P1
2026/06/11 16:05:11.959, 316.98 W, 52, 2850 MHz, 13801 MHz, 22426 MiB, 100 %, P1
2026/06/11 16:05:12.972, 316.98 W, 52, 2850 MHz, 13801 MHz, 22426 MiB, 100 %, P1
2026/06/11 16:05:13.988, 316.98 W, 52, 2850 MHz, 13801 MHz, 22426 MiB, 100 %, P1
2026/06/11 16:05:15.004, 316.98 W, 52, 2850 MHz, 13801 MHz, 22426 MiB, 100 %, P1
2026/06/11 16:05:16.011, 316.98 W, 52, 2850 MHz, 13801 MHz, 22426 MiB, 100 %, P1
2026/06/11 16:05:17.011, 316.98 W, 52, 2850 MHz, 13801 MHz, 22426 MiB, 100 %, P1
2026/06/11 16:05:18.011, 316.98 W, 52, 2850 MHz, 13801 MHz, 22426 MiB, 100 %, P1
2026/06/11 16:05:19.020, 316.98 W, 52, 2850 MHz, 13801 MHz, 22426 MiB, 100 %, P1
2026/06/11 16:05:20.027, 316.98 W, 52, 2850 MHz, 13801 MHz, 22426 MiB, 100 %, P1
2026/06/11 16:05:21.027, 316.98 W, 52, 2850 MHz, 13801 MHz, 22426 MiB, 100 %, P1
2026/06/11 16:05:22.034, 316.98 W, 52, 2850 MHz, 13801 MHz, 22426 MiB, 100 %, P1
2026/06/11 16:05:23.035, 316.98 W, 52, 2850 MHz, 13801 MHz, 22426 MiB, 100 %, P1
2026/06/11 16:05:24.051, 316.98 W, 52, 2850 MHz, 13801 MHz, 22426 MiB, 100 %, P1
2026/06/11 16:05:25.061, 316.98 W, 52, 2850 MHz, 13801 MHz, 22426 MiB, 100 %, P1
2026/06/11 16:05:26.062, 316.98 W, 52, 2850 MHz, 13801 MHz, 22426 MiB, 100 %, P1
2026/06/11 16:05:27.077, 316.98 W, 52, 2850 MHz, 13801 MHz, 22426 MiB, 100 %, P1
2026/06/11 16:05:28.086, 316.98 W, 52, 2850 MHz, 13801 MHz, 22426 MiB, 100 %, P1
2026/06/11 16:05:29.097, 316.98 W, 52, 2850 MHz, 13801 MHz, 22426 MiB, 100 %, P1
2026/06/11 16:05:30.098, 316.98 W, 52, 2850 MHz, 13801 MHz, 22426 MiB, 100 %, P1
2026/06/11 16:05:31.103, 316.98 W, 52, 2850 MHz, 13801 MHz, 22426 MiB, 100 %, P1
2026/06/11 16:05:32.111, 316.98 W, 52, 2850 MHz, 13801 MHz, 22426 MiB, 100 %, P1
2026/06/11 16:05:33.111, 316.98 W, 52, 2850 MHz, 13801 MHz, 22426 MiB, 100 %, P1
2026/06/11 16:05:34.127, 316.98 W, 52, 2850 MHz, 13801 MHz, 22426 MiB, 100 %, P1
2026/06/11 16:05:35.128, 316.98 W, 52, 2850 MHz, 13801 MHz, 22426 MiB, 100 %, P1
2026/06/11 16:05:36.141, 316.98 W, 52, 2850 MHz, 13801 MHz, 22426 MiB, 100 %, P1
2026/06/11 16:05:37.143, 316.98 W, 52, 2850 MHz, 13801 MHz, 22426 MiB, 100 %, P1
2026/06/11 16:05:38.145, 316.98 W, 52, 2850 MHz, 13801 MHz, 22426 MiB, 100 %, P1
2026/06/11 16:05:39.146, 316.98 W, 52, 2850 MHz, 13801 MHz, 22426 MiB, 100 %, P1
2026/06/11 16:05:40.160, 316.98 W, 52, 2850 MHz, 13801 MHz, 22426 MiB, 100 %, P1
2026/06/11 16:05:41.160, 316.98 W, 52, 2850 MHz, 13801 MHz, 22426 MiB, 100 %, P1
2026/06/11 16:05:42.161, 316.98 W, 52, 2850 MHz, 13801 MHz, 22426 MiB, 100 %, P1
2026/06/11 16:05:43.162, 316.98 W, 52, 2850 MHz, 13801 MHz, 22426 MiB, 100 %, P1
2026/06/11 16:05:44.167, 316.98 W, 52, 2850 MHz, 13801 MHz, 22426 MiB, 100 %, P1
2026/06/11 16:05:45.172, 316.98 W, 52, 2850 MHz, 13801 MHz, 22426 MiB, 100 %, P1
2026/06/11 16:05:46.178, 316.98 W, 52, 2850 MHz, 13801 MHz, 22426 MiB, 100 %, P1
2026/06/11 16:05:47.192, 316.98 W, 52, 2850 MHz, 13801 MHz, 22426 MiB, 100 %, P1
2026/06/11 16:05:48.208, 316.98 W, 52, 2850 MHz, 13801 MHz, 22426 MiB, 100 %, P1
2026/06/11 16:05:49.210, 316.98 W, 52, 2850 MHz, 13801 MHz, 22426 MiB, 100 %, P1
2026/06/11 16:05:50.211, 316.98 W, 52, 2850 MHz, 13801 MHz, 22426 MiB, 100 %, P1
2026/06/11 16:05:51.215, 316.98 W, 52, 2850 MHz, 13801 MHz, 22426 MiB, 100 %, P1
2026/06/11 16:05:52.224, 316.98 W, 52, 2850 MHz, 13801 MHz, 22426 MiB, 100 %, P1
2026/06/11 16:05:53.244, 316.98 W, 52, 2850 MHz, 13801 MHz, 22426 MiB, 100 %, P1
2026/06/11 16:05:54.254, 316.98 W, 52, 2850 MHz, 13801 MHz, 22426 MiB, 100 %, P1
2026/06/11 16:05:55.270, 316.98 W, 52, 2850 MHz, 13801 MHz, 22426 MiB, 100 %, P1
2026/06/11 16:05:56.285, 316.98 W, 52, 2850 MHz, 13801 MHz, 22426 MiB, 100 %, P1
2026/06/11 16:05:57.300, 316.98 W, 52, 2850 MHz, 13801 MHz, 22426 MiB, 100 %, P1
2026/06/11 16:05:58.310, 316.98 W, 52, 2850 MHz, 13801 MHz, 22426 MiB, 100 %, P1
2026/06/11 16:05:59.311, 316.98 W, 52, 2850 MHz, 13801 MHz, 22426 MiB, 100 %, P1
2026/06/11 16:06:00.328, 316.98 W, 52, 2850 MHz, 13801 MHz, 22426 MiB, 100 %, P1
2026/06/11 16:06:01.333, 316.98 W, 52, 2850 MHz, 13801 MHz, 22426 MiB, 100 %, P1
2026/06/11 16:06:02.348, 316.98 W, 52, 2850 MHz, 13801 MHz, 22426 MiB, 100 %, P1
2026/06/11 16:06:03.349, 316.98 W, 52, 2850 MHz, 13801 MHz, 22426 MiB, 100 %, P1
2026/06/11 16:06:04.360, 316.98 W, 52, 2850 MHz, 13801 MHz, 22426 MiB, 100 %, P1
2026/06/11 16:06:05.365, 316.98 W, 52, 2850 MHz, 13801 MHz, 22426 MiB, 100 %, P1
2026/06/11 16:06:06.375, 316.98 W, 52, 2850 MHz, 13801 MHz, 22426 MiB, 100 %, P1
2026/06/11 16:06:07.382, 316.98 W, 52, 2850 MHz, 13801 MHz, 22426 MiB, 100 %, P1
2026/06/11 16:06:08.383, 316.98 W, 52, 2850 MHz, 13801 MHz, 22426 MiB, 100 %, P1
2026/06/11 16:06:09.393, 316.98 W, 52, 2850 MHz, 13801 MHz, 22426 MiB, 100 %, P1
2026/06/11 16:06:10.409, 316.98 W, 52, 2850 MHz, 13801 MHz, 22426 MiB, 100 %, P1
2026/06/11 16:06:11.410, 316.98 W, 52, 2850 MHz, 13801 MHz, 22426 MiB, 100 %, P1
2026/06/11 16:06:12.421, 316.98 W, 52, 2850 MHz, 13801 MHz, 22426 MiB, 100 %, P1
2026/06/11 16:06:13.427, 316.98 W, 52, 2850 MHz, 13801 MHz, 22426 MiB, 100 %, P1
2026/06/11 16:06:14.428, 316.98 W, 52, 2850 MHz, 13801 MHz, 22426 MiB, 100 %, P1
2026/06/11 16:06:15.440, 316.98 W, 52, 2850 MHz, 13801 MHz, 22426 MiB, 100 %, P1
2026/06/11 16:06:16.443, 316.98 W, 52, 2850 MHz, 13801 MHz, 22426 MiB, 100 %, P1
2026/06/11 16:06:17.472, 316.98 W, 52, 2850 MHz, 13801 MHz, 22426 MiB, 100 %, P1
2026/06/11 16:06:18.486, 316.98 W, 52, 2850 MHz, 13801 MHz, 22426 MiB, 100 %, P1
2026/06/11 16:06:19.488, 316.98 W, 52, 2850 MHz, 13801 MHz, 22426 MiB, 100 %, P1
2026/06/11 16:06:20.503, 316.98 W, 52, 2850 MHz, 13801 MHz, 22426 MiB, 100 %, P1
2026/06/11 16:06:21.510, 316.98 W, 52, 2850 MHz, 13801 MHz, 22426 MiB, 100 %, P1
2026/06/11 16:06:22.511, 316.98 W, 52, 2850 MHz, 13801 MHz, 22426 MiB, 100 %, P1
2026/06/11 16:06:23.520, 316.98 W, 52, 2850 MHz, 13801 MHz, 22426 MiB, 100 %, P1
2026/06/11 16:06:24.546, 316.98 W, 52, 2850 MHz, 13801 MHz, 22426 MiB, 100 %, P1
2026/06/11 16:06:25.552, 316.98 W, 52, 2850 MHz, 13801 MHz, 22426 MiB, 100 %, P1
2026/06/11 16:06:26.568, 316.98 W, 52, 2850 MHz, 13801 MHz, 22426 MiB, 100 %, P1
2026/06/11 16:06:27.576, 316.98 W, 52, 2850 MHz, 13801 MHz, 22426 MiB, 100 %, P1
2026/06/11 16:06:28.582, 316.98 W, 52, 2850 MHz, 13801 MHz, 22426 MiB, 100 %, P1
2026/06/11 16:06:29.583, 316.98 W, 52, 2850 MHz, 13801 MHz, 22426 MiB, 100 %, P1
2026/06/11 16:06:30.594, 316.98 W, 52, 2850 MHz, 13801 MHz, 22426 MiB, 100 %, P1
2026/06/11 16:06:31.595, 316.98 W, 52, 2850 MHz, 13801 MHz, 22426 MiB, 100 %, P1
2026/06/11 16:06:32.609, 316.98 W, 52, 2850 MHz, 13801 MHz, 22426 MiB, 100 %, P1
2026/06/11 16:06:33.611, 316.98 W, 52, 2850 MHz, 13801 MHz, 22426 MiB, 100 %, P1
2026/06/11 16:06:34.628, 316.98 W, 52, 2850 MHz, 13801 MHz, 22426 MiB, 100 %, P1
2026/06/11 16:06:35.629, 316.98 W, 52, 2850 MHz, 13801 MHz, 22426 MiB, 100 %, P1
2026/06/11 16:06:36.634, 316.98 W, 52, 2850 MHz, 13801 MHz, 22426 MiB, 100 %, P1
2026/06/11 16:06:37.644, 316.98 W, 52, 2850 MHz, 13801 MHz, 22426 MiB, 100 %, P1
2026/06/11 16:06:38.647, 316.98 W, 52, 2850 MHz, 13801 MHz, 22426 MiB, 100 %, P1
2026/06/11 16:06:39.660, 316.98 W, 52, 2850 MHz, 13801 MHz, 22426 MiB, 100 %, P1
2026/06/11 16:06:40.665, 316.98 W, 52, 2850 MHz, 13801 MHz, 22426 MiB, 100 %, P1
2026/06/11 16:06:41.676, 316.98 W, 52, 2850 MHz, 13801 MHz, 22426 MiB, 100 %, P1
2026/06/11 16:06:42.678, 316.98 W, 52, 2850 MHz, 13801 MHz, 22426 MiB, 100 %, P1
2026/06/11 16:06:43.694, 316.98 W, 52, 2850 MHz, 13801 MHz, 22426 MiB, 100 %, P1
2026/06/11 16:06:44.709, 316.98 W, 52, 2850 MHz, 13801 MHz, 22426 MiB, 100 %, P1
2026/06/11 16:06:45.724, 316.98 W, 52, 2850 MHz, 13801 MHz, 22426 MiB, 100 %, P1
2026/06/11 16:06:46.727, 316.98 W, 52, 2850 MHz, 13801 MHz, 22426 MiB, 100 %, P1
2026/06/11 16:06:47.738, 316.98 W, 52, 2850 MHz, 13801 MHz, 22426 MiB, 100 %, P1
2026/06/11 16:06:48.739, 316.98 W, 52, 2850 MHz, 13801 MHz, 22426 MiB, 100 %, P1
2026/06/11 16:06:49.744, 316.98 W, 52, 2850 MHz, 13801 MHz, 22426 MiB, 100 %, P1
2026/06/11 16:06:50.744, 316.98 W, 52, 2850 MHz, 13801 MHz, 22426 MiB, 100 %, P1
2026/06/11 16:06:51.745, 316.98 W, 52, 2850 MHz, 13801 MHz, 22426 MiB, 100 %, P1
2026/06/11 16:06:52.760, 316.98 W, 52, 2850 MHz, 13801 MHz, 22426 MiB, 100 %, P1
2026/06/11 16:06:53.761, 316.98 W, 52, 2850 MHz, 13801 MHz, 22426 MiB, 100 %, P1
2026/06/11 16:06:54.766, 316.98 W, 52, 2850 MHz, 13801 MHz, 22426 MiB, 100 %, P1
2026/06/11 16:06:55.775, 316.98 W, 52, 2850 MHz, 13801 MHz, 22426 MiB, 100 %, P1
2026/06/11 16:06:56.777, 316.98 W, 52, 2850 MHz, 13801 MHz, 22426 MiB, 100 %, P1
2026/06/11 16:06:57.780, 316.98 W, 52, 2850 MHz, 13801 MHz, 22426 MiB, 100 %, P1
2026/06/11 16:06:58.793, 316.98 W, 52, 2850 MHz, 13801 MHz, 22426 MiB, 100 %, P1
2026/06/11 16:06:59.806, 316.98 W, 52, 2850 MHz, 13801 MHz, 22426 MiB, 100 %, P1
2026/06/11 16:07:00.810, 316.98 W, 52, 2850 MHz, 13801 MHz, 22426 MiB, 100 %, P1
2026/06/11 16:07:01.819, 316.98 W, 52, 2850 MHz, 13801 MHz, 22426 MiB, 100 %, P1
2026/06/11 16:07:02.822, 316.98 W, 52, 2850 MHz, 13801 MHz, 22426 MiB, 100 %, P1
2026/06/11 16:07:03.828, 316.98 W, 52, 2850 MHz, 13801 MHz, 22426 MiB, 100 %, P1
2026/06/11 16:07:04.838, 316.98 W, 52, 2850 MHz, 13801 MHz, 22426 MiB, 100 %, P1
2026/06/11 16:07:05.843, 316.98 W, 52, 2850 MHz, 13801 MHz, 22426 MiB, 100 %, P1
2026/06/11 16:07:06.858, 316.98 W, 52, 2850 MHz, 13801 MHz, 22426 MiB, 100 %, P1
2026/06/11 16:07:07.863, 316.98 W, 52, 2850 MHz, 13801 MHz, 22426 MiB, 100 %, P1
2026/06/11 16:07:08.871, 316.98 W, 52, 2850 MHz, 13801 MHz, 22426 MiB, 100 %, P1
2026/06/11 16:07:09.871, 316.98 W, 52, 2850 MHz, 13801 MHz, 22426 MiB, 100 %, P1
2026/06/11 16:07:10.878, 316.98 W, 52, 2850 MHz, 13801 MHz, 22426 MiB, 100 %, P1
2026/06/11 16:07:11.879, 316.98 W, 52, 2850 MHz, 13801 MHz, 22426 MiB, 100 %, P1
2026/06/11 16:07:12.892, 316.98 W, 52, 2850 MHz, 13801 MHz, 22426 MiB, 100 %, P1
2026/06/11 16:07:13.894, 316.98 W, 52, 2850 MHz, 13801 MHz, 22426 MiB, 100 %, P1
2026/06/11 16:07:14.905, 316.98 W, 52, 2850 MHz, 13801 MHz, 22426 MiB, 100 %, P1
2026/06/11 16:07:15.909, 316.98 W, 52, 2850 MHz, 13801 MHz, 22426 MiB, 100 %, P1
2026/06/11 16:07:16.924, 316.98 W, 52, 2850 MHz, 13801 MHz, 22426 MiB, 100 %, P1
2026/06/11 16:07:17.927, 316.98 W, 52, 2850 MHz, 13801 MHz, 22426 MiB, 100 %, P1
2026/06/11 16:07:18.942, 316.98 W, 52, 2850 MHz, 13801 MHz, 22426 MiB, 100 %, P1
2026/06/11 16:07:19.953, 316.98 W, 52, 2850 MHz, 13801 MHz, 22426 MiB, 100 %, P1
2026/06/11 16:07:20.973, 316.98 W, 52, 2850 MHz, 13801 MHz, 22426 MiB, 100 %, P1
2026/06/11 16:07:21.978, 316.98 W, 52, 2850 MHz, 13801 MHz, 22426 MiB, 100 %, P1
2026/06/11 16:07:22.988, 316.98 W, 52, 2850 MHz, 13801 MHz, 22426 MiB, 100 %, P1
2026/06/11 16:07:24.004, 316.98 W, 52, 2850 MHz, 13801 MHz, 22426 MiB, 100 %, P1
2026/06/11 16:07:25.019, 316.98 W, 52, 2850 MHz, 13801 MHz, 22426 MiB, 100 %, P1
2026/06/11 16:07:26.019, 316.98 W, 52, 2850 MHz, 13801 MHz, 22426 MiB, 100 %, P1
2026/06/11 16:07:27.035, 316.98 W, 52, 2850 MHz, 13801 MHz, 22426 MiB, 100 %, P1
2026/06/11 16:07:28.044, 316.98 W, 52, 2850 MHz, 13801 MHz, 22426 MiB, 100 %, P1
2026/06/11 16:07:29.051, 316.98 W, 52, 2850 MHz, 13801 MHz, 22426 MiB, 100 %, P1
2026/06/11 16:07:30.059, 316.98 W, 52, 2850 MHz, 13801 MHz, 22426 MiB, 100 %, P1
2026/06/11 16:07:31.066, 316.98 W, 52, 2850 MHz, 13801 MHz, 22426 MiB, 100 %, P1
2026/06/11 16:07:32.070, 316.98 W, 52, 2850 MHz, 13801 MHz, 22426 MiB, 100 %, P1
2026/06/11 16:07:33.077, 316.98 W, 52, 2850 MHz, 13801 MHz, 22426 MiB, 100 %, P1
2026/06/11 16:07:34.078, 316.98 W, 52, 2850 MHz, 13801 MHz, 22426 MiB, 100 %, P1
2026/06/11 16:07:35.094, 316.98 W, 52, 2850 MHz, 13801 MHz, 22426 MiB, 100 %, P1
2026/06/11 16:07:36.098, 316.98 W, 52, 2850 MHz, 13801 MHz, 22426 MiB, 100 %, P1
2026/06/11 16:07:37.113, 316.98 W, 52, 2850 MHz, 13801 MHz, 22426 MiB, 100 %, P1
2026/06/11 16:07:38.125, 316.98 W, 52, 2850 MHz, 13801 MHz, 22426 MiB, 100 %, P1
2026/06/11 16:07:39.126, 316.98 W, 52, 2850 MHz, 13801 MHz, 22426 MiB, 100 %, P1
2026/06/11 16:07:40.128, 316.98 W, 52, 2850 MHz, 13801 MHz, 22426 MiB, 100 %, P1
2026/06/11 16:07:41.145, 316.98 W, 52, 2850 MHz, 13801 MHz, 22426 MiB, 100 %, P1
2026/06/11 16:07:42.157, 316.98 W, 52, 2850 MHz, 13801 MHz, 22426 MiB, 100 %, P1
2026/06/11 16:07:43.162, 316.98 W, 52, 2850 MHz, 13801 MHz, 22426 MiB, 100 %, P1
2026/06/11 16:07:44.176, 316.98 W, 52, 2850 MHz, 13801 MHz, 22426 MiB, 100 %, P1
2026/06/11 16:07:45.190, 316.98 W, 52, 2850 MHz, 13801 MHz, 22426 MiB, 100 %, P1
2026/06/11 16:07:46.194, 316.98 W, 52, 2850 MHz, 13801 MHz, 22426 MiB, 100 %, P1
2026/06/11 16:07:47.195, 316.98 W, 52, 2850 MHz, 13801 MHz, 22426 MiB, 100 %, P1
2026/06/11 16:07:48.207, 316.98 W, 52, 2850 MHz, 13801 MHz, 22426 MiB, 100 %, P1
2026/06/11 16:07:49.214, 316.98 W, 52, 2850 MHz, 13801 MHz, 22426 MiB, 100 %, P1
2026/06/11 16:07:50.215, 316.98 W, 52, 2850 MHz, 13801 MHz, 22426 MiB, 100 %, P1
2026/06/11 16:07:51.222, 316.98 W, 52, 2850 MHz, 13801 MHz, 22426 MiB, 100 %, P1
2026/06/11 16:07:52.233, 316.98 W, 52, 2850 MHz, 13801 MHz, 22426 MiB, 100 %, P1
2026/06/11 16:07:53.242, 316.98 W, 52, 2850 MHz, 13801 MHz, 22426 MiB, 100 %, P1
2026/06/11 16:07:54.256, 316.98 W, 52, 2850 MHz, 13801 MHz, 22426 MiB, 100 %, P1
2026/06/11 16:07:55.269, 316.98 W, 52, 2850 MHz, 13801 MHz, 22426 MiB, 100 %, P1
2026/06/11 16:07:56.286, 316.98 W, 52, 2850 MHz, 13801 MHz, 22426 MiB, 100 %, P1
2026/06/11 16:07:57.287, 316.98 W, 52, 2850 MHz, 13801 MHz, 22426 MiB, 100 %, P1
2026/06/11 16:07:58.311, 316.98 W, 52, 2850 MHz, 13801 MHz, 22426 MiB, 100 %, P1
2026/06/11 16:07:59.311, 316.98 W, 52, 2850 MHz, 13801 MHz, 22426 MiB, 100 %, P1
2026/06/11 16:08:00.318, 316.98 W, 52, 2850 MHz, 13801 MHz, 22426 MiB, 100 %, P1
2026/06/11 16:08:01.332, 316.98 W, 52, 2850 MHz, 13801 MHz, 22426 MiB, 100 %, P1
2026/06/11 16:08:02.332, 316.98 W, 52, 2850 MHz, 13801 MHz, 22426 MiB, 100 %, P1
2026/06/11 16:08:03.348, 316.98 W, 52, 2850 MHz, 13801 MHz, 22426 MiB, 100 %, P1
2026/06/11 16:08:04.364, 316.98 W, 52, 2850 MHz, 13801 MHz, 22426 MiB, 100 %, P1
2026/06/11 16:08:05.377, 316.98 W, 52, 2850 MHz, 13801 MHz, 22426 MiB, 100 %, P1
2026/06/11 16:08:06.378, 316.98 W, 52, 2850 MHz, 13801 MHz, 22426 MiB, 100 %, P1
2026/06/11 16:08:07.382, 316.98 W, 52, 2850 MHz, 13801 MHz, 22426 MiB, 100 %, P1
2026/06/11 16:08:08.410, 316.98 W, 52, 2850 MHz, 13801 MHz, 22426 MiB, 100 %, P1
2026/06/11 16:08:09.411, 316.98 W, 52, 2850 MHz, 13801 MHz, 22426 MiB, 100 %, P1
2026/06/11 16:08:10.427, 316.98 W, 52, 2850 MHz, 13801 MHz, 22426 MiB, 100 %, P1
2026/06/11 16:08:11.442, 316.98 W, 52, 2850 MHz, 13801 MHz, 22426 MiB, 100 %, P1
2026/06/11 16:08:12.457, 316.98 W, 52, 2850 MHz, 13801 MHz, 22426 MiB, 100 %, P1
2026/06/11 16:08:13.458, 316.98 W, 52, 2850 MHz, 13801 MHz, 22426 MiB, 100 %, P1
2026/06/11 16:08:14.473, 316.98 W, 52, 2850 MHz, 13801 MHz, 22426 MiB, 100 %, P1
2026/06/11 16:08:15.474, 316.98 W, 52, 2850 MHz, 13801 MHz, 22426 MiB, 100 %, P1
2026/06/11 16:08:16.474, 316.98 W, 52, 2850 MHz, 13801 MHz, 22426 MiB, 100 %, P1
2026/06/11 16:08:17.504, 316.98 W, 52, 2850 MHz, 13801 MHz, 22426 MiB, 100 %, P1
2026/06/11 16:08:18.520, 316.98 W, 52, 2850 MHz, 13801 MHz, 22426 MiB, 100 %, P1
2026/06/11 16:08:19.520, 316.98 W, 52, 2850 MHz, 13801 MHz, 22426 MiB, 100 %, P1
2026/06/11 16:08:20.521, 316.98 W, 52, 2850 MHz, 13801 MHz, 22426 MiB, 100 %, P1
2026/06/11 16:08:21.551, 316.98 W, 52, 2850 MHz, 13801 MHz, 22426 MiB, 100 %, P1
2026/06/11 16:08:22.566, 316.98 W, 52, 2850 MHz, 13801 MHz, 22426 MiB, 100 %, P1
2026/06/11 16:08:23.567, 316.98 W, 52, 2850 MHz, 13801 MHz, 22426 MiB, 100 %, P1
2026/06/11 16:08:24.598, 316.98 W, 52, 2850 MHz, 13801 MHz, 22426 MiB, 100 %, P1
2026/06/11 16:08:25.613, 316.98 W, 52, 2850 MHz, 13801 MHz, 22426 MiB, 100 %, P1
2026/06/11 16:08:26.614, 316.98 W, 52, 2850 MHz, 13801 MHz, 22426 MiB, 100 %, P1
2026/06/11 16:08:27.630, 316.98 W, 52, 2850 MHz, 13801 MHz, 22426 MiB, 100 %, P1
2026/06/11 16:08:28.644, 316.98 W, 52, 2850 MHz, 13801 MHz, 22426 MiB, 100 %, P1
2026/06/11 16:08:29.645, 316.98 W, 52, 2850 MHz, 13801 MHz, 22426 MiB, 100 %, P1
2026/06/11 16:08:30.645, 316.98 W, 52, 2850 MHz, 13801 MHz, 22426 MiB, 100 %, P1
2026/06/11 16:08:31.661, 316.98 W, 52, 2850 MHz, 13801 MHz, 22426 MiB, 100 %, P1
2026/06/11 16:08:32.692, 316.98 W, 52, 2850 MHz, 13801 MHz, 22426 MiB, 100 %, P1
2026/06/11 16:08:33.707, 316.98 W, 52, 2850 MHz, 13801 MHz, 22426 MiB, 100 %, P1
2026/06/11 16:08:34.723, 316.98 W, 52, 2850 MHz, 13801 MHz, 22426 MiB, 100 %, P1
2026/06/11 16:08:35.738, 316.98 W, 52, 2850 MHz, 13801 MHz, 22426 MiB, 100 %, P1
2026/06/11 16:08:36.754, 316.98 W, 52, 2850 MHz, 13801 MHz, 22426 MiB, 100 %, P1
2026/06/11 16:08:37.755, 316.98 W, 52, 2850 MHz, 13801 MHz, 22426 MiB, 100 %, P1
2026/06/11 16:08:38.771, 316.98 W, 52, 2850 MHz, 13801 MHz, 22426 MiB, 100 %, P1
2026/06/11 16:08:39.786, 316.98 W, 52, 2850 MHz, 13801 MHz, 22426 MiB, 100 %, P1
2026/06/11 16:08:40.801, 316.98 W, 52, 2850 MHz, 13801 MHz, 22426 MiB, 100 %, P1
2026/06/11 16:08:41.802, 316.98 W, 52, 2850 MHz, 13801 MHz, 22426 MiB, 100 %, P1
2026/06/11 16:08:42.818, 316.98 W, 52, 2850 MHz, 13801 MHz, 22426 MiB, 100 %, P1
2026/06/11 16:08:43.847, 316.98 W, 52, 2850 MHz, 13801 MHz, 22426 MiB, 100 %, P1
2026/06/11 16:08:44.848, 316.98 W, 52, 2850 MHz, 13801 MHz, 22426 MiB, 100 %, P1
2026/06/11 16:08:45.849, 316.98 W, 52, 2850 MHz, 13801 MHz, 22426 MiB, 100 %, P1
2026/06/11 16:08:46.865, 316.98 W, 52, 2850 MHz, 13801 MHz, 22426 MiB, 100 %, P1
2026/06/11 16:08:47.894, 316.98 W, 52, 2850 MHz, 13801 MHz, 22426 MiB, 100 %, P1
2026/06/11 16:08:48.895, 316.98 W, 52, 2850 MHz, 13801 MHz, 22426 MiB, 100 %, P1
2026/06/11 16:08:49.896, 316.98 W, 52, 2850 MHz, 13801 MHz, 22426 MiB, 100 %, P1
2026/06/11 16:08:50.911, 316.98 W, 52, 2850 MHz, 13801 MHz, 22426 MiB, 100 %, P1
2026/06/11 16:08:51.912, 316.98 W, 52, 2850 MHz, 13801 MHz, 22426 MiB, 100 %, P1
2026/06/11 16:08:52.927, 316.98 W, 52, 2850 MHz, 13801 MHz, 22426 MiB, 100 %, P1
2026/06/11 16:08:53.942, 316.98 W, 52, 2850 MHz, 13801 MHz, 22426 MiB, 100 %, P1
2026/06/11 16:08:54.943, 316.98 W, 52, 2850 MHz, 13801 MHz, 22426 MiB, 100 %, P1
2026/06/11 16:08:55.943, 316.98 W, 52, 2850 MHz, 13801 MHz, 22426 MiB, 100 %, P1
2026/06/11 16:08:56.972, 316.98 W, 52, 2850 MHz, 13801 MHz, 22426 MiB, 100 %, P1
2026/06/11 16:08:57.989, 316.98 W, 52, 2850 MHz, 13801 MHz, 22426 MiB, 100 %, P1
2026/06/11 16:08:59.005, 316.98 W, 52, 2850 MHz, 13801 MHz, 22426 MiB, 100 %, P1
2026/06/11 16:09:00.007, 316.98 W, 52, 2850 MHz, 13801 MHz, 22426 MiB, 100 %, P1
2026/06/11 16:09:01.020, 316.98 W, 52, 2850 MHz, 13801 MHz, 22426 MiB, 100 %, P1
2026/06/11 16:09:02.036, 316.98 W, 52, 2850 MHz, 13801 MHz, 22426 MiB, 100 %, P1
2026/06/11 16:09:03.052, 316.98 W, 52, 2850 MHz, 13801 MHz, 22426 MiB, 100 %, P1
2026/06/11 16:09:04.053, 316.98 W, 52, 2850 MHz, 13801 MHz, 22426 MiB, 100 %, P1
2026/06/11 16:09:05.067, 316.98 W, 52, 2850 MHz, 13801 MHz, 22426 MiB, 100 %, P1
2026/06/11 16:09:06.067, 316.98 W, 52, 2850 MHz, 13801 MHz, 22426 MiB, 100 %, P1
2026/06/11 16:09:07.083, 316.98 W, 52, 2850 MHz, 13801 MHz, 22426 MiB, 100 %, P1
2026/06/11 16:09:08.083, 316.98 W, 52, 2850 MHz, 13801 MHz, 22426 MiB, 100 %, P1
2026/06/11 16:09:09.084, 316.98 W, 52, 2850 MHz, 13801 MHz, 22426 MiB, 100 %, P1
2026/06/11 16:09:10.098, 316.98 W, 52, 2850 MHz, 13801 MHz, 22426 MiB, 100 %, P1
2026/06/11 16:09:11.098, 316.98 W, 52, 2850 MHz, 13801 MHz, 22426 MiB, 100 %, P1
2026/06/11 16:09:12.114, 316.98 W, 52, 2850 MHz, 13801 MHz, 22426 MiB, 100 %, P1
2026/06/11 16:09:13.130, 316.98 W, 52, 2850 MHz, 13801 MHz, 22426 MiB, 100 %, P1
2026/06/11 16:09:14.145, 316.98 W, 52, 2850 MHz, 13801 MHz, 22426 MiB, 100 %, P1
2026/06/11 16:09:15.161, 316.98 W, 52, 2850 MHz, 13801 MHz, 22426 MiB, 100 %, P1
2026/06/11 16:09:16.178, 316.98 W, 52, 2850 MHz, 13801 MHz, 22426 MiB, 100 %, P1
2026/06/11 16:09:17.207, 316.98 W, 52, 2850 MHz, 13801 MHz, 22426 MiB, 100 %, P1
2026/06/11 16:09:18.208, 316.98 W, 52, 2850 MHz, 13801 MHz, 22426 MiB, 100 %, P1
2026/06/11 16:09:19.223, 316.98 W, 52, 2850 MHz, 13801 MHz, 22426 MiB, 100 %, P1
2026/06/11 16:09:20.224, 316.98 W, 52, 2850 MHz, 13801 MHz, 22426 MiB, 100 %, P1
2026/06/11 16:09:21.254, 316.98 W, 52, 2850 MHz, 13801 MHz, 22426 MiB, 100 %, P1
2026/06/11 16:09:22.270, 316.98 W, 52, 2850 MHz, 13801 MHz, 22426 MiB, 100 %, P1
2026/06/11 16:09:23.287, 316.98 W, 52, 2850 MHz, 13801 MHz, 22426 MiB, 100 %, P1
2026/06/11 16:09:24.317, 316.98 W, 52, 2850 MHz, 13801 MHz, 22426 MiB, 100 %, P1
2026/06/11 16:09:25.332, 316.98 W, 52, 2850 MHz, 13801 MHz, 22426 MiB, 100 %, P1
2026/06/11 16:09:26.333, 316.98 W, 52, 2850 MHz, 13801 MHz, 22426 MiB, 100 %, P1
2026/06/11 16:09:27.348, 316.98 W, 52, 2850 MHz, 13801 MHz, 22426 MiB, 100 %, P1
2026/06/11 16:09:28.363, 316.98 W, 52, 2850 MHz, 13801 MHz, 22426 MiB, 100 %, P1
2026/06/11 16:09:29.378, 316.98 W, 52, 2850 MHz, 13801 MHz, 22426 MiB, 100 %, P1
2026/06/11 16:09:30.379, 316.98 W, 52, 2850 MHz, 13801 MHz, 22426 MiB, 100 %, P1
2026/06/11 16:09:31.380, 316.98 W, 52, 2850 MHz, 13801 MHz, 22426 MiB, 100 %, P1
2026/06/11 16:09:32.410, 316.98 W, 52, 2850 MHz, 13801 MHz, 22426 MiB, 100 %, P1
2026/06/11 16:09:33.426, 316.98 W, 52, 2850 MHz, 13801 MHz, 22426 MiB, 100 %, P1
2026/06/11 16:09:34.442, 316.98 W, 52, 2850 MHz, 13801 MHz, 22426 MiB, 100 %, P1
2026/06/11 16:09:35.457, 316.98 W, 52, 2850 MHz, 13801 MHz, 22426 MiB, 100 %, P1
2026/06/11 16:09:36.472, 316.98 W, 52, 2850 MHz, 13801 MHz, 22426 MiB, 100 %, P1
2026/06/11 16:09:37.473, 316.98 W, 52, 2850 MHz, 13801 MHz, 22426 MiB, 100 %, P1
2026/06/11 16:09:38.489, 316.98 W, 52, 2850 MHz, 13801 MHz, 22426 MiB, 100 %, P1
2026/06/11 16:09:39.519, 316.98 W, 52, 2850 MHz, 13801 MHz, 22426 MiB, 100 %, P1
2026/06/11 16:09:40.535, 316.98 W, 52, 2850 MHz, 13801 MHz, 22426 MiB, 100 %, P1
2026/06/11 16:09:41.551, 316.98 W, 52, 2850 MHz, 13801 MHz, 22426 MiB, 100 %, P1
2026/06/11 16:09:42.566, 316.98 W, 52, 2850 MHz, 13801 MHz, 22426 MiB, 100 %, P1
2026/06/11 16:09:43.582, 316.98 W, 52, 2850 MHz, 13801 MHz, 22426 MiB, 100 %, P1
2026/06/11 16:09:44.582, 316.98 W, 52, 2850 MHz, 13801 MHz, 22426 MiB, 100 %, P1
2026/06/11 16:09:45.598, 316.98 W, 52, 2850 MHz, 13801 MHz, 22426 MiB, 100 %, P1
2026/06/11 16:09:46.613, 316.98 W, 52, 2850 MHz, 13801 MHz, 22426 MiB, 100 %, P1
2026/06/11 16:09:47.628, 316.98 W, 52, 2850 MHz, 13801 MHz, 22426 MiB, 100 %, P1
2026/06/11 16:09:48.645, 316.98 W, 52, 2850 MHz, 13801 MHz, 22426 MiB, 100 %, P1
2026/06/11 16:09:49.645, 316.98 W, 52, 2850 MHz, 13801 MHz, 22426 MiB, 100 %, P1
2026/06/11 16:09:50.676, 316.98 W, 52, 2850 MHz, 13801 MHz, 22426 MiB, 100 %, P1
2026/06/11 16:09:51.691, 316.98 W, 52, 2850 MHz, 13801 MHz, 22426 MiB, 100 %, P1
2026/06/11 16:09:52.692, 316.98 W, 52, 2850 MHz, 13801 MHz, 22426 MiB, 100 %, P1
2026/06/11 16:09:53.707, 316.98 W, 52, 2850 MHz, 13801 MHz, 22426 MiB, 100 %, P1
2026/06/11 16:09:54.722, 316.98 W, 52, 2850 MHz, 13801 MHz, 22426 MiB, 100 %, P1
2026/06/11 16:09:55.738, 316.98 W, 52, 2850 MHz, 13801 MHz, 22426 MiB, 100 %, P1
2026/06/11 16:09:56.754, 316.98 W, 52, 2850 MHz, 13801 MHz, 22426 MiB, 100 %, P1
2026/06/11 16:09:57.769, 316.98 W, 52, 2850 MHz, 13801 MHz, 22426 MiB, 100 %, P1
2026/06/11 16:09:58.785, 316.98 W, 52, 2850 MHz, 13801 MHz, 22426 MiB, 100 %, P1
2026/06/11 16:09:59.801, 316.98 W, 52, 2850 MHz, 13801 MHz, 22426 MiB, 100 %, P1
2026/06/11 16:10:00.802, 316.98 W, 52, 2850 MHz, 13801 MHz, 22426 MiB, 100 %, P1
2026/06/11 16:10:01.817, 316.98 W, 52, 2850 MHz, 13801 MHz, 22426 MiB, 100 %, P1
2026/06/11 16:10:02.832, 316.98 W, 52, 2850 MHz, 13801 MHz, 22426 MiB, 100 %, P1
2026/06/11 16:10:03.847, 316.98 W, 52, 2850 MHz, 13801 MHz, 22426 MiB, 100 %, P1
2026/06/11 16:10:04.862, 316.98 W, 52, 2850 MHz, 13801 MHz, 22426 MiB, 100 %, P1
2026/06/11 16:10:05.864, 316.98 W, 52, 2850 MHz, 13801 MHz, 22426 MiB, 100 %, P1
2026/06/11 16:10:06.879, 316.98 W, 52, 2850 MHz, 13801 MHz, 22426 MiB, 100 %, P1
2026/06/11 16:10:07.895, 316.98 W, 52, 2850 MHz, 13801 MHz, 22426 MiB, 100 %, P1
2026/06/11 16:10:08.911, 316.98 W, 52, 2850 MHz, 13801 MHz, 22426 MiB, 100 %, P1
2026/06/11 16:10:09.925, 316.98 W, 52, 2850 MHz, 13801 MHz, 22426 MiB, 100 %, P1
2026/06/11 16:10:10.926, 316.98 W, 52, 2850 MHz, 13801 MHz, 22426 MiB, 100 %, P1
2026/06/11 16:10:11.926, 316.98 W, 52, 2850 MHz, 13801 MHz, 22426 MiB, 100 %, P1
2026/06/11 16:10:12.943, 316.98 W, 52, 2850 MHz, 13801 MHz, 22426 MiB, 100 %, P1
2026/06/11 16:10:13.957, 316.98 W, 52, 2850 MHz, 13801 MHz, 22426 MiB, 100 %, P1
2026/06/11 16:10:14.957, 316.98 W, 52, 2850 MHz, 13801 MHz, 22426 MiB, 100 %, P1
2026/06/11 16:10:15.972, 316.98 W, 52, 2850 MHz, 13801 MHz, 22426 MiB, 100 %, P1
2026/06/11 16:10:16.973, 316.98 W, 52, 2850 MHz, 13801 MHz, 22426 MiB, 100 %, P1
2026/06/11 16:10:17.973, 316.98 W, 52, 2850 MHz, 13801 MHz, 22426 MiB, 100 %, P1
2026/06/11 16:10:18.973, 316.98 W, 52, 2850 MHz, 13801 MHz, 22426 MiB, 100 %, P1
2026/06/11 16:10:19.988, 316.98 W, 52, 2850 MHz, 13801 MHz, 22426 MiB, 100 %, P1
2026/06/11 16:10:21.004, 316.98 W, 52, 2850 MHz, 13801 MHz, 22426 MiB, 100 %, P1
2026/06/11 16:10:22.020, 316.98 W, 52, 2850 MHz, 13801 MHz, 22426 MiB, 100 %, P1
2026/06/11 16:10:23.021, 316.98 W, 52, 2850 MHz, 13801 MHz, 22426 MiB, 100 %, P1
2026/06/11 16:10:24.036, 316.98 W, 52, 2850 MHz, 13801 MHz, 22426 MiB, 100 %, P1
2026/06/11 16:10:25.051, 316.98 W, 52, 2850 MHz, 13801 MHz, 22426 MiB, 100 %, P1
2026/06/11 16:10:26.067, 316.98 W, 52, 2850 MHz, 13801 MHz, 22426 MiB, 100 %, P1
2026/06/11 16:10:27.082, 316.98 W, 52, 2850 MHz, 13801 MHz, 22426 MiB, 100 %, P1
2026/06/11 16:10:28.098, 316.98 W, 52, 2850 MHz, 13801 MHz, 22426 MiB, 100 %, P1
2026/06/11 16:10:29.113, 316.98 W, 52, 2850 MHz, 13801 MHz, 22426 MiB, 100 %, P1
2026/06/11 16:10:30.114, 316.98 W, 52, 2850 MHz, 13801 MHz, 22426 MiB, 100 %, P1
2026/06/11 16:10:31.144, 316.98 W, 52, 2850 MHz, 13801 MHz, 22426 MiB, 100 %, P1
2026/06/11 16:10:32.144, 316.98 W, 52, 2850 MHz, 13801 MHz, 22426 MiB, 100 %, P1
2026/06/11 16:10:33.160, 316.98 W, 52, 2850 MHz, 13801 MHz, 22426 MiB, 100 %, P1
2026/06/11 16:10:34.161, 316.98 W, 52, 2850 MHz, 13801 MHz, 22426 MiB, 100 %, P1
2026/06/11 16:10:35.191, 316.98 W, 52, 2850 MHz, 13801 MHz, 22426 MiB, 100 %, P1
2026/06/11 16:10:36.193, 316.98 W, 52, 2850 MHz, 13801 MHz, 22426 MiB, 100 %, P1
2026/06/11 16:10:37.206, 316.98 W, 52, 2850 MHz, 13801 MHz, 22426 MiB, 100 %, P1
2026/06/11 16:10:38.221, 316.98 W, 52, 2850 MHz, 13801 MHz, 22426 MiB, 100 %, P1
2026/06/11 16:10:39.237, 316.98 W, 52, 2850 MHz, 13801 MHz, 22426 MiB, 100 %, P1
2026/06/11 16:10:40.238, 316.98 W, 52, 2850 MHz, 13801 MHz, 22426 MiB, 100 %, P1
2026/06/11 16:10:41.254, 316.98 W, 52, 2850 MHz, 13801 MHz, 22426 MiB, 100 %, P1
2026/06/11 16:10:42.255, 316.98 W, 52, 2850 MHz, 13801 MHz, 22426 MiB, 100 %, P1
2026/06/11 16:10:43.285, 316.98 W, 52, 2850 MHz, 13801 MHz, 22426 MiB, 100 %, P1
2026/06/11 16:10:44.286, 316.98 W, 52, 2850 MHz, 13801 MHz, 22426 MiB, 100 %, P1
2026/06/11 16:10:45.301, 316.98 W, 52, 2850 MHz, 13801 MHz, 22426 MiB, 100 %, P1
2026/06/11 16:10:46.301, 316.98 W, 52, 2850 MHz, 13801 MHz, 22426 MiB, 100 %, P1
2026/06/11 16:10:47.331, 316.98 W, 52, 2850 MHz, 13801 MHz, 22426 MiB, 100 %, P1
2026/06/11 16:10:48.332, 316.98 W, 52, 2850 MHz, 13801 MHz, 22426 MiB, 100 %, P1
2026/06/11 16:10:49.348, 316.98 W, 52, 2850 MHz, 13801 MHz, 22426 MiB, 100 %, P1
2026/06/11 16:10:50.349, 316.98 W, 52, 2850 MHz, 13801 MHz, 22426 MiB, 100 %, P1
2026/06/11 16:10:51.362, 316.98 W, 52, 2850 MHz, 13801 MHz, 22426 MiB, 100 %, P1
2026/06/11 16:10:52.363, 316.98 W, 52, 2850 MHz, 13801 MHz, 22426 MiB, 100 %, P1
2026/06/11 16:10:53.379, 316.98 W, 52, 2850 MHz, 13801 MHz, 22426 MiB, 100 %, P1
2026/06/11 16:10:54.380, 316.98 W, 52, 2850 MHz, 13801 MHz, 22426 MiB, 100 %, P1
2026/06/11 16:10:55.394, 316.98 W, 52, 2850 MHz, 13801 MHz, 22426 MiB, 100 %, P1
2026/06/11 16:10:56.410, 316.98 W, 52, 2850 MHz, 13801 MHz, 22426 MiB, 100 %, P1
2026/06/11 16:10:57.426, 316.98 W, 52, 2850 MHz, 13801 MHz, 22426 MiB, 100 %, P1
2026/06/11 16:10:58.441, 316.98 W, 52, 2850 MHz, 13801 MHz, 22426 MiB, 100 %, P1
2026/06/11 16:10:59.442, 316.98 W, 52, 2850 MHz, 13801 MHz, 22426 MiB, 100 %, P1
2026/06/11 16:11:00.457, 316.98 W, 52, 2850 MHz, 13801 MHz, 22426 MiB, 100 %, P1
2026/06/11 16:11:01.472, 316.98 W, 52, 2850 MHz, 13801 MHz, 22426 MiB, 100 %, P1
2026/06/11 16:11:02.488, 316.98 W, 52, 2850 MHz, 13801 MHz, 22426 MiB, 100 %, P1
2026/06/11 16:11:03.503, 316.98 W, 52, 2850 MHz, 13801 MHz, 22426 MiB, 100 %, P1
2026/06/11 16:11:04.504, 316.98 W, 52, 2850 MHz, 13801 MHz, 22426 MiB, 100 %, P1
2026/06/11 16:11:05.520, 316.98 W, 52, 2850 MHz, 13801 MHz, 22426 MiB, 100 %, P1
2026/06/11 16:11:06.535, 316.98 W, 52, 2850 MHz, 13801 MHz, 22426 MiB, 100 %, P1
2026/06/11 16:11:07.551, 316.98 W, 52, 2850 MHz, 13801 MHz, 22426 MiB, 100 %, P1
2026/06/11 16:11:08.566, 316.98 W, 52, 2850 MHz, 13801 MHz, 22426 MiB, 100 %, P1
2026/06/11 16:11:09.582, 316.98 W, 52, 2850 MHz, 13801 MHz, 22426 MiB, 100 %, P1
2026/06/11 16:11:10.598, 316.98 W, 52, 2850 MHz, 13801 MHz, 22426 MiB, 100 %, P1
2026/06/11 16:11:11.614, 316.98 W, 52, 2850 MHz, 13801 MHz, 22426 MiB, 100 %, P1
2026/06/11 16:11:12.629, 316.98 W, 52, 2850 MHz, 13801 MHz, 22426 MiB, 100 %, P1
2026/06/11 16:11:13.630, 316.98 W, 52, 2850 MHz, 13801 MHz, 22426 MiB, 100 %, P1
2026/06/11 16:11:14.645, 316.98 W, 52, 2850 MHz, 13801 MHz, 22426 MiB, 100 %, P1
2026/06/11 16:11:15.660, 316.98 W, 52, 2850 MHz, 13801 MHz, 22426 MiB, 100 %, P1
2026/06/11 16:11:16.676, 316.98 W, 52, 2850 MHz, 13801 MHz, 22426 MiB, 100 %, P1
2026/06/11 16:11:17.692, 316.98 W, 52, 2850 MHz, 13801 MHz, 22426 MiB, 100 %, P1
2026/06/11 16:11:18.722, 316.98 W, 52, 2850 MHz, 13801 MHz, 22426 MiB, 100 %, P1
2026/06/11 16:11:19.723, 316.98 W, 52, 2850 MHz, 13801 MHz, 22426 MiB, 100 %, P1
2026/06/11 16:11:20.739, 316.98 W, 52, 2850 MHz, 13801 MHz, 22426 MiB, 100 %, P1
2026/06/11 16:11:21.756, 316.98 W, 52, 2850 MHz, 13801 MHz, 22426 MiB, 100 %, P1
2026/06/11 16:11:22.769, 316.98 W, 52, 2850 MHz, 13801 MHz, 22426 MiB, 100 %, P1
2026/06/11 16:11:23.770, 316.98 W, 52, 2850 MHz, 13801 MHz, 22426 MiB, 100 %, P1
2026/06/11 16:11:24.786, 316.98 W, 52, 2850 MHz, 13801 MHz, 22426 MiB, 100 %, P1
2026/06/11 16:11:25.802, 316.98 W, 52, 2850 MHz, 13801 MHz, 22426 MiB, 100 %, P1
2026/06/11 16:11:26.817, 316.98 W, 52, 2850 MHz, 13801 MHz, 22426 MiB, 100 %, P1
2026/06/11 16:11:27.817, 316.98 W, 52, 2850 MHz, 13801 MHz, 22426 MiB, 100 %, P1
2026/06/11 16:11:28.818, 316.98 W, 52, 2850 MHz, 13801 MHz, 22426 MiB, 100 %, P1
2026/06/11 16:11:29.833, 316.98 W, 52, 2850 MHz, 13801 MHz, 22426 MiB, 100 %, P1
2026/06/11 16:11:30.863, 316.98 W, 52, 2850 MHz, 13801 MHz, 22426 MiB, 100 %, P1
2026/06/11 16:11:31.880, 316.98 W, 52, 2850 MHz, 13801 MHz, 22426 MiB, 100 %, P1
2026/06/11 16:11:32.896, 316.98 W, 52, 2850 MHz, 13801 MHz, 22426 MiB, 100 %, P1
2026/06/11 16:11:33.925, 316.98 W, 52, 2850 MHz, 13801 MHz, 22426 MiB, 100 %, P1
2026/06/11 16:11:34.926, 316.98 W, 52, 2850 MHz, 13801 MHz, 22426 MiB, 100 %, P1
2026/06/11 16:11:35.942, 316.98 W, 52, 2850 MHz, 13801 MHz, 22426 MiB, 100 %, P1
2026/06/11 16:11:36.943, 316.98 W, 52, 2850 MHz, 13801 MHz, 22426 MiB, 100 %, P1
2026/06/11 16:11:37.973, 316.98 W, 52, 2850 MHz, 13801 MHz, 22426 MiB, 100 %, P1
2026/06/11 16:11:38.988, 316.98 W, 52, 2850 MHz, 13801 MHz, 22426 MiB, 100 %, P1
2026/06/11 16:11:39.989, 316.98 W, 52, 2850 MHz, 13801 MHz, 22426 MiB, 100 %, P1
2026/06/11 16:11:41.004, 316.98 W, 52, 2850 MHz, 13801 MHz, 22426 MiB, 100 %, P1
2026/06/11 16:11:42.019, 316.98 W, 52, 2850 MHz, 13801 MHz, 22426 MiB, 100 %, P1
2026/06/11 16:11:43.021, 316.98 W, 52, 2850 MHz, 13801 MHz, 22426 MiB, 100 %, P1
2026/06/11 16:11:44.035, 316.98 W, 52, 2850 MHz, 13801 MHz, 22426 MiB, 100 %, P1
2026/06/11 16:11:45.036, 316.98 W, 52, 2850 MHz, 13801 MHz, 22426 MiB, 100 %, P1
2026/06/11 16:11:46.036, 316.98 W, 52, 2850 MHz, 13801 MHz, 22426 MiB, 100 %, P1
2026/06/11 16:11:47.050, 316.98 W, 52, 2850 MHz, 13801 MHz, 22426 MiB, 100 %, P1
2026/06/11 16:11:48.051, 316.98 W, 52, 2850 MHz, 13801 MHz, 22426 MiB, 100 %, P1
2026/06/11 16:11:49.051, 316.98 W, 52, 2850 MHz, 13801 MHz, 22426 MiB, 100 %, P1
2026/06/11 16:11:50.066, 316.98 W, 52, 2850 MHz, 13801 MHz, 22426 MiB, 100 %, P1
2026/06/11 16:11:51.067, 316.98 W, 52, 2850 MHz, 13801 MHz, 22426 MiB, 100 %, P1
2026/06/11 16:11:52.082, 316.98 W, 52, 2850 MHz, 13801 MHz, 22426 MiB, 100 %, P1
2026/06/11 16:11:53.083, 316.98 W, 52, 2850 MHz, 13801 MHz, 22426 MiB, 100 %, P1
2026/06/11 16:11:54.097, 316.98 W, 52, 2850 MHz, 13801 MHz, 22426 MiB, 100 %, P1
2026/06/11 16:11:55.098, 316.98 W, 52, 2850 MHz, 13801 MHz, 22426 MiB, 100 %, P1
2026/06/11 16:11:56.099, 316.98 W, 52, 2850 MHz, 13801 MHz, 22426 MiB, 100 %, P1
2026/06/11 16:11:57.113, 316.98 W, 52, 2850 MHz, 13801 MHz, 22426 MiB, 100 %, P1
2026/06/11 16:11:58.130, 316.98 W, 52, 2850 MHz, 13801 MHz, 22426 MiB, 100 %, P1
2026/06/11 16:11:59.145, 316.98 W, 52, 2850 MHz, 13801 MHz, 22426 MiB, 100 %, P1
2026/06/11 16:12:00.160, 316.98 W, 52, 2850 MHz, 13801 MHz, 22426 MiB, 100 %, P1
2026/06/11 16:12:01.176, 316.98 W, 52, 2850 MHz, 13801 MHz, 22426 MiB, 100 %, P1
2026/06/11 16:12:02.191, 316.98 W, 52, 2850 MHz, 13801 MHz, 22426 MiB, 100 %, P1
2026/06/11 16:12:03.207, 316.98 W, 52, 2850 MHz, 13801 MHz, 22426 MiB, 100 %, P1
2026/06/11 16:12:04.222, 316.98 W, 52, 2850 MHz, 13801 MHz, 22426 MiB, 100 %, P1
2026/06/11 16:12:05.238, 316.98 W, 52, 2850 MHz, 13801 MHz, 22426 MiB, 100 %, P1
2026/06/11 16:12:06.254, 316.98 W, 52, 2850 MHz, 13801 MHz, 22426 MiB, 100 %, P1
2026/06/11 16:12:07.255, 316.98 W, 52, 2850 MHz, 13801 MHz, 22426 MiB, 100 %, P1
2026/06/11 16:12:08.268, 316.98 W, 52, 2850 MHz, 13801 MHz, 22426 MiB, 100 %, P1
2026/06/11 16:12:09.270, 316.98 W, 52, 2850 MHz, 13801 MHz, 22426 MiB, 100 %, P1
2026/06/11 16:12:10.270, 316.98 W, 52, 2850 MHz, 13801 MHz, 22426 MiB, 100 %, P1
2026/06/11 16:12:11.286, 316.98 W, 52, 2850 MHz, 13801 MHz, 22426 MiB, 100 %, P1
2026/06/11 16:12:12.287, 316.98 W, 52, 2850 MHz, 13801 MHz, 22426 MiB, 100 %, P1
2026/06/11 16:12:13.300, 316.98 W, 52, 2850 MHz, 13801 MHz, 22426 MiB, 100 %, P1
2026/06/11 16:12:14.301, 316.98 W, 52, 2850 MHz, 13801 MHz, 22426 MiB, 100 %, P1
2026/06/11 16:12:15.317, 316.98 W, 52, 2850 MHz, 13801 MHz, 22426 MiB, 100 %, P1
2026/06/11 16:12:16.318, 316.98 W, 52, 2850 MHz, 13801 MHz, 22426 MiB, 100 %, P1
2026/06/11 16:12:17.332, 316.98 W, 52, 2850 MHz, 13801 MHz, 22426 MiB, 100 %, P1
2026/06/11 16:12:18.349, 316.98 W, 52, 2850 MHz, 13801 MHz, 22426 MiB, 100 %, P1
2026/06/11 16:12:19.363, 316.98 W, 52, 2850 MHz, 13801 MHz, 22426 MiB, 100 %, P1
2026/06/11 16:12:20.364, 316.98 W, 52, 2850 MHz, 13801 MHz, 22426 MiB, 100 %, P1
2026/06/11 16:12:21.365, 316.98 W, 52, 2850 MHz, 13801 MHz, 22426 MiB, 100 %, P1
2026/06/11 16:12:22.379, 316.98 W, 52, 2850 MHz, 13801 MHz, 22426 MiB, 100 %, P1
2026/06/11 16:12:23.394, 316.98 W, 52, 2850 MHz, 13801 MHz, 22426 MiB, 100 %, P1
2026/06/11 16:12:24.410, 316.98 W, 52, 2850 MHz, 13801 MHz, 22426 MiB, 100 %, P1
2026/06/11 16:12:25.412, 316.98 W, 52, 2850 MHz, 13801 MHz, 22426 MiB, 100 %, P1
2026/06/11 16:12:26.426, 316.98 W, 52, 2850 MHz, 13801 MHz, 22426 MiB, 100 %, P1
2026/06/11 16:12:27.441, 316.98 W, 52, 2850 MHz, 13801 MHz, 22426 MiB, 100 %, P1
2026/06/11 16:12:28.458, 316.98 W, 52, 2850 MHz, 13801 MHz, 22426 MiB, 100 %, P1
2026/06/11 16:12:29.488, 316.98 W, 52, 2850 MHz, 13801 MHz, 22426 MiB, 100 %, P1
2026/06/11 16:12:30.504, 316.98 W, 52, 2850 MHz, 13801 MHz, 22426 MiB, 100 %, P1
2026/06/11 16:12:31.505, 316.98 W, 52, 2850 MHz, 13801 MHz, 22426 MiB, 100 %, P1
2026/06/11 16:12:32.521, 316.98 W, 52, 2850 MHz, 13801 MHz, 22426 MiB, 100 %, P1
2026/06/11 16:12:33.535, 316.98 W, 52, 2850 MHz, 13801 MHz, 22426 MiB, 100 %, P1
2026/06/11 16:12:34.536, 316.98 W, 52, 2850 MHz, 13801 MHz, 22426 MiB, 100 %, P1
2026/06/11 16:12:35.552, 316.98 W, 52, 2850 MHz, 13801 MHz, 22426 MiB, 100 %, P1
2026/06/11 16:12:36.569, 316.98 W, 52, 2850 MHz, 13801 MHz, 22426 MiB, 100 %, P1
2026/06/11 16:12:37.582, 316.98 W, 52, 2850 MHz, 13801 MHz, 22426 MiB, 100 %, P1
2026/06/11 16:12:38.598, 316.98 W, 52, 2850 MHz, 13801 MHz, 22426 MiB, 100 %, P1
2026/06/11 16:12:39.598, 316.98 W, 52, 2850 MHz, 13801 MHz, 22426 MiB, 100 %, P1
2026/06/11 16:12:40.599, 316.98 W, 52, 2850 MHz, 13801 MHz, 22426 MiB, 100 %, P1
2026/06/11 16:12:41.600, 316.98 W, 52, 2850 MHz, 13801 MHz, 22426 MiB, 100 %, P1
2026/06/11 16:12:42.613, 316.98 W, 52, 2850 MHz, 13801 MHz, 22426 MiB, 100 %, P1
2026/06/11 16:12:43.629, 316.98 W, 52, 2850 MHz, 13801 MHz, 22426 MiB, 100 %, P1
2026/06/11 16:12:44.645, 316.98 W, 52, 2850 MHz, 13801 MHz, 22426 MiB, 100 %, P1
2026/06/11 16:12:45.661, 316.98 W, 52, 2850 MHz, 13801 MHz, 22426 MiB, 100 %, P1
2026/06/11 16:12:46.676, 316.98 W, 52, 2850 MHz, 13801 MHz, 22426 MiB, 100 %, P1
2026/06/11 16:12:47.676, 316.98 W, 52, 2850 MHz, 13801 MHz, 22426 MiB, 100 %, P1
2026/06/11 16:12:48.676, 316.98 W, 52, 2850 MHz, 13801 MHz, 22426 MiB, 100 %, P1
2026/06/11 16:12:49.677, 316.98 W, 52, 2850 MHz, 13801 MHz, 22426 MiB, 100 %, P1
2026/06/11 16:12:50.693, 316.98 W, 52, 2850 MHz, 13801 MHz, 22426 MiB, 100 %, P1
2026/06/11 16:12:51.707, 316.98 W, 52, 2850 MHz, 13801 MHz, 22426 MiB, 100 %, P1
2026/06/11 16:12:52.707, 316.98 W, 52, 2850 MHz, 13801 MHz, 22426 MiB, 100 %, P1
2026/06/11 16:12:53.707, 316.98 W, 52, 2850 MHz, 13801 MHz, 22426 MiB, 100 %, P1
2026/06/11 16:12:54.723, 316.98 W, 52, 2850 MHz, 13801 MHz, 22426 MiB, 100 %, P1
2026/06/11 16:12:55.738, 316.98 W, 52, 2850 MHz, 13801 MHz, 22426 MiB, 100 %, P1
2026/06/11 16:12:56.753, 316.98 W, 52, 2850 MHz, 13801 MHz, 22426 MiB, 100 %, P1
2026/06/11 16:12:57.754, 316.98 W, 52, 2850 MHz, 13801 MHz, 22426 MiB, 100 %, P1
2026/06/11 16:12:58.770, 316.98 W, 52, 2850 MHz, 13801 MHz, 22426 MiB, 100 %, P1
2026/06/11 16:12:59.785, 316.98 W, 52, 2850 MHz, 13801 MHz, 22426 MiB, 100 %, P1
2026/06/11 16:13:00.786, 316.98 W, 52, 2850 MHz, 13801 MHz, 22426 MiB, 100 %, P1
2026/06/11 16:13:01.802, 316.98 W, 52, 2850 MHz, 13801 MHz, 22426 MiB, 100 %, P1
2026/06/11 16:13:02.817, 316.98 W, 52, 2850 MHz, 13801 MHz, 22426 MiB, 100 %, P1
2026/06/11 16:13:03.817, 316.98 W, 52, 2850 MHz, 13801 MHz, 22426 MiB, 100 %, P1
2026/06/11 16:13:04.832, 316.98 W, 52, 2850 MHz, 13801 MHz, 22426 MiB, 100 %, P1
2026/06/11 16:13:05.832, 316.98 W, 52, 2850 MHz, 13801 MHz, 22426 MiB, 100 %, P1
2026/06/11 16:13:06.848, 316.98 W, 52, 2850 MHz, 13801 MHz, 22426 MiB, 100 %, P1
2026/06/11 16:13:07.864, 316.98 W, 52, 2850 MHz, 13801 MHz, 22426 MiB, 100 %, P1
2026/06/11 16:13:08.879, 316.98 W, 52, 2850 MHz, 13801 MHz, 22426 MiB, 100 %, P1
2026/06/11 16:13:09.895, 316.98 W, 52, 2850 MHz, 13801 MHz, 22426 MiB, 100 %, P1
2026/06/11 16:13:10.910, 316.98 W, 52, 2850 MHz, 13801 MHz, 22426 MiB, 100 %, P1
2026/06/11 16:13:11.911, 316.98 W, 52, 2850 MHz, 13801 MHz, 22426 MiB, 100 %, P1
2026/06/11 16:13:12.926, 316.98 W, 52, 2850 MHz, 13801 MHz, 22426 MiB, 100 %, P1
2026/06/11 16:13:13.941, 316.98 W, 52, 2850 MHz, 13801 MHz, 22426 MiB, 100 %, P1
2026/06/11 16:13:14.942, 316.98 W, 52, 2850 MHz, 13801 MHz, 22426 MiB, 100 %, P1
2026/06/11 16:13:15.958, 316.98 W, 52, 2850 MHz, 13801 MHz, 22426 MiB, 100 %, P1
2026/06/11 16:13:16.973, 316.98 W, 52, 2850 MHz, 13801 MHz, 22426 MiB, 100 %, P1
2026/06/11 16:13:17.989, 316.98 W, 52, 2850 MHz, 13801 MHz, 22426 MiB, 100 %, P1
2026/06/11 16:13:19.004, 316.98 W, 52, 2850 MHz, 13801 MHz, 22426 MiB, 100 %, P1
2026/06/11 16:13:20.005, 316.98 W, 52, 2850 MHz, 13801 MHz, 22426 MiB, 100 %, P1
2026/06/11 16:13:21.020, 316.98 W, 52, 2850 MHz, 13801 MHz, 22426 MiB, 100 %, P1
2026/06/11 16:13:22.036, 316.98 W, 52, 2850 MHz, 13801 MHz, 22426 MiB, 100 %, P1
2026/06/11 16:13:23.051, 316.98 W, 52, 2850 MHz, 13801 MHz, 22426 MiB, 100 %, P1
2026/06/11 16:13:24.082, 316.98 W, 52, 2850 MHz, 13801 MHz, 22426 MiB, 100 %, P1
2026/06/11 16:13:25.098, 316.98 W, 52, 2850 MHz, 13801 MHz, 22426 MiB, 100 %, P1
2026/06/11 16:13:26.099, 316.98 W, 52, 2850 MHz, 13801 MHz, 22426 MiB, 100 %, P1
2026/06/11 16:13:27.099, 316.98 W, 52, 2850 MHz, 13801 MHz, 22426 MiB, 100 %, P1
2026/06/11 16:13:28.100, 316.98 W, 52, 2850 MHz, 13801 MHz, 22426 MiB, 100 %, P1
2026/06/11 16:13:29.113, 316.98 W, 52, 2850 MHz, 13801 MHz, 22426 MiB, 100 %, P1
2026/06/11 16:13:30.114, 316.98 W, 52, 2850 MHz, 13801 MHz, 22426 MiB, 100 %, P1
2026/06/11 16:13:31.131, 316.98 W, 52, 2850 MHz, 13801 MHz, 22426 MiB, 100 %, P1
2026/06/11 16:13:32.145, 316.98 W, 52, 2850 MHz, 13801 MHz, 22426 MiB, 100 %, P1
2026/06/11 16:13:33.161, 316.98 W, 52, 2850 MHz, 13801 MHz, 22426 MiB, 100 %, P1
2026/06/11 16:13:34.176, 316.98 W, 52, 2850 MHz, 13801 MHz, 22426 MiB, 100 %, P1
2026/06/11 16:13:35.177, 316.98 W, 52, 2850 MHz, 13801 MHz, 22426 MiB, 100 %, P1
2026/06/11 16:13:36.177, 316.98 W, 52, 2850 MHz, 13801 MHz, 22426 MiB, 100 %, P1
2026/06/11 16:13:37.207, 316.98 W, 52, 2850 MHz, 13801 MHz, 22426 MiB, 100 %, P1
2026/06/11 16:13:38.223, 316.98 W, 52, 2850 MHz, 13801 MHz, 22426 MiB, 100 %, P1
2026/06/11 16:13:39.224, 316.98 W, 52, 2850 MHz, 13801 MHz, 22426 MiB, 100 %, P1
2026/06/11 16:13:40.239, 316.98 W, 52, 2850 MHz, 13801 MHz, 22426 MiB, 100 %, P1
2026/06/11 16:13:41.253, 316.98 W, 52, 2850 MHz, 13801 MHz, 22426 MiB, 100 %, P1
2026/06/11 16:13:42.254, 316.98 W, 52, 2850 MHz, 13801 MHz, 22426 MiB, 100 %, P1
2026/06/11 16:13:43.255, 316.98 W, 52, 2850 MHz, 13801 MHz, 22426 MiB, 100 %, P1
2026/06/11 16:13:44.270, 316.98 W, 52, 2850 MHz, 13801 MHz, 22426 MiB, 100 %, P1
2026/06/11 16:13:45.271, 316.98 W, 52, 2850 MHz, 13801 MHz, 22426 MiB, 100 %, P1
2026/06/11 16:13:46.285, 316.98 W, 52, 2850 MHz, 13801 MHz, 22426 MiB, 100 %, P1
2026/06/11 16:13:47.285, 316.98 W, 52, 2850 MHz, 13801 MHz, 22426 MiB, 100 %, P1
2026/06/11 16:13:48.286, 316.98 W, 52, 2850 MHz, 13801 MHz, 22426 MiB, 100 %, P1
2026/06/11 16:13:49.286, 316.98 W, 52, 2850 MHz, 13801 MHz, 22426 MiB, 100 %, P1
2026/06/11 16:13:50.287, 316.98 W, 52, 2850 MHz, 13801 MHz, 22426 MiB, 100 %, P1
2026/06/11 16:13:51.316, 316.98 W, 52, 2850 MHz, 13801 MHz, 22426 MiB, 100 %, P1
2026/06/11 16:13:52.317, 316.98 W, 52, 2850 MHz, 13801 MHz, 22426 MiB, 100 %, P1
2026/06/11 16:13:53.332, 316.98 W, 52, 2850 MHz, 13801 MHz, 22426 MiB, 100 %, P1
2026/06/11 16:13:54.333, 316.98 W, 52, 2850 MHz, 13801 MHz, 22426 MiB, 100 %, P1
2026/06/11 16:13:55.363, 316.98 W, 52, 2850 MHz, 13801 MHz, 22426 MiB, 100 %, P1
2026/06/11 16:13:56.379, 316.98 W, 52, 2850 MHz, 13801 MHz, 22426 MiB, 100 %, P1
2026/06/11 16:13:57.380, 316.98 W, 52, 2850 MHz, 13801 MHz, 22426 MiB, 100 %, P1
2026/06/11 16:13:58.380, 316.98 W, 52, 2850 MHz, 13801 MHz, 22426 MiB, 100 %, P1
2026/06/11 16:13:59.410, 316.98 W, 52, 2850 MHz, 13801 MHz, 22426 MiB, 100 %, P1
2026/06/11 16:14:00.411, 316.98 W, 52, 2850 MHz, 13801 MHz, 22426 MiB, 100 %, P1
2026/06/11 16:14:01.411, 316.98 W, 52, 2850 MHz, 13801 MHz, 22426 MiB, 100 %, P1
2026/06/11 16:14:02.427, 316.98 W, 52, 2850 MHz, 13801 MHz, 22426 MiB, 100 %, P1
2026/06/11 16:14:03.457, 316.98 W, 52, 2850 MHz, 13801 MHz, 22426 MiB, 100 %, P1
2026/06/11 16:14:04.458, 316.98 W, 52, 2850 MHz, 13801 MHz, 22426 MiB, 100 %, P1
2026/06/11 16:14:05.474, 316.98 W, 52, 2850 MHz, 13801 MHz, 22426 MiB, 100 %, P1
2026/06/11 16:14:06.474, 316.98 W, 52, 2850 MHz, 13801 MHz, 22426 MiB, 100 %, P1
2026/06/11 16:14:07.503, 316.98 W, 52, 2850 MHz, 13801 MHz, 22426 MiB, 100 %, P1
2026/06/11 16:14:08.504, 316.98 W, 52, 2850 MHz, 13801 MHz, 22426 MiB, 100 %, P1
2026/06/11 16:14:09.520, 316.98 W, 52, 2850 MHz, 13801 MHz, 22426 MiB, 100 %, P1
2026/06/11 16:14:10.536, 316.98 W, 52, 2850 MHz, 13801 MHz, 22426 MiB, 100 %, P1
2026/06/11 16:14:11.550, 316.98 W, 52, 2850 MHz, 13801 MHz, 22426 MiB, 100 %, P1
2026/06/11 16:14:12.551, 316.98 W, 52, 2850 MHz, 13801 MHz, 22426 MiB, 100 %, P1
2026/06/11 16:14:13.552, 316.98 W, 52, 2850 MHz, 13801 MHz, 22426 MiB, 100 %, P1
2026/06/11 16:14:14.567, 316.98 W, 52, 2850 MHz, 13801 MHz, 22426 MiB, 100 %, P1
2026/06/11 16:14:15.568, 316.98 W, 52, 2850 MHz, 13801 MHz, 22426 MiB, 100 %, P1
2026/06/11 16:14:16.582, 316.98 W, 52, 2850 MHz, 13801 MHz, 22426 MiB, 100 %, P1
2026/06/11 16:14:17.598, 316.98 W, 52, 2850 MHz, 13801 MHz, 22426 MiB, 100 %, P1
2026/06/11 16:14:18.614, 316.98 W, 52, 2850 MHz, 13801 MHz, 22426 MiB, 100 %, P1
2026/06/11 16:14:19.628, 316.98 W, 52, 2850 MHz, 13801 MHz, 22426 MiB, 100 %, P1
2026/06/11 16:14:20.629, 316.98 W, 52, 2850 MHz, 13801 MHz, 22426 MiB, 100 %, P1
2026/06/11 16:14:21.629, 316.98 W, 52, 2850 MHz, 13801 MHz, 22426 MiB, 100 %, P1
2026/06/11 16:14:22.645, 316.98 W, 52, 2850 MHz, 13801 MHz, 22426 MiB, 100 %, P1
2026/06/11 16:14:23.661, 316.98 W, 52, 2850 MHz, 13801 MHz, 22426 MiB, 100 %, P1
2026/06/11 16:14:24.675, 316.98 W, 52, 2850 MHz, 13801 MHz, 22426 MiB, 100 %, P1
2026/06/11 16:14:25.676, 316.98 W, 52, 2850 MHz, 13801 MHz, 22426 MiB, 100 %, P1
2026/06/11 16:14:26.692, 316.98 W, 52, 2850 MHz, 13801 MHz, 22426 MiB, 100 %, P1
2026/06/11 16:14:27.693, 316.98 W, 52, 2850 MHz, 13801 MHz, 22426 MiB, 100 %, P1
2026/06/11 16:14:28.722, 316.98 W, 52, 2850 MHz, 13801 MHz, 22426 MiB, 100 %, P1
2026/06/11 16:14:29.738, 316.98 W, 52, 2850 MHz, 13801 MHz, 22426 MiB, 100 %, P1
2026/06/11 16:14:30.739, 316.98 W, 52, 2850 MHz, 13801 MHz, 22426 MiB, 100 %, P1
2026/06/11 16:14:31.740, 316.98 W, 52, 2850 MHz, 13801 MHz, 22426 MiB, 100 %, P1
2026/06/11 16:14:32.769, 316.98 W, 52, 2850 MHz, 13801 MHz, 22426 MiB, 100 %, P1
2026/06/11 16:14:33.772, 316.98 W, 52, 2850 MHz, 13801 MHz, 22426 MiB, 100 %, P1
2026/06/11 16:14:34.786, 316.98 W, 52, 2850 MHz, 13801 MHz, 22426 MiB, 100 %, P1
2026/06/11 16:14:35.802, 316.98 W, 52, 2850 MHz, 13801 MHz, 22426 MiB, 100 %, P1
2026/06/11 16:14:36.816, 316.98 W, 52, 2850 MHz, 13801 MHz, 22426 MiB, 100 %, P1
2026/06/11 16:14:37.818, 316.98 W, 52, 2850 MHz, 13801 MHz, 22426 MiB, 100 %, P1
2026/06/11 16:14:38.833, 316.98 W, 52, 2850 MHz, 13801 MHz, 22426 MiB, 100 %, P1
2026/06/11 16:14:39.835, 316.98 W, 52, 2850 MHz, 13801 MHz, 22426 MiB, 100 %, P1
2026/06/11 16:14:40.863, 316.98 W, 52, 2850 MHz, 13801 MHz, 22426 MiB, 100 %, P1
2026/06/11 16:14:41.879, 316.98 W, 52, 2850 MHz, 13801 MHz, 22426 MiB, 100 %, P1
2026/06/11 16:14:42.880, 316.98 W, 52, 2850 MHz, 13801 MHz, 22426 MiB, 100 %, P1
2026/06/11 16:14:43.894, 316.98 W, 52, 2850 MHz, 13801 MHz, 22426 MiB, 100 %, P1
2026/06/11 16:14:44.910, 316.98 W, 52, 2850 MHz, 13801 MHz, 22426 MiB, 100 %, P1
2026/06/11 16:14:45.926, 316.98 W, 52, 2850 MHz, 13801 MHz, 22426 MiB, 100 %, P1
2026/06/11 16:14:46.926, 316.98 W, 52, 2850 MHz, 13801 MHz, 22426 MiB, 100 %, P1
2026/06/11 16:14:47.942, 316.98 W, 52, 2850 MHz, 13801 MHz, 22426 MiB, 100 %, P1
2026/06/11 16:14:48.956, 316.98 W, 52, 2850 MHz, 13801 MHz, 22426 MiB, 100 %, P1
2026/06/11 16:14:49.972, 316.98 W, 52, 2850 MHz, 13801 MHz, 22426 MiB, 100 %, P1
2026/06/11 16:14:50.974, 316.98 W, 52, 2850 MHz, 13801 MHz, 22426 MiB, 100 %, P1
2026/06/11 16:14:51.990, 316.98 W, 52, 2850 MHz, 13801 MHz, 22426 MiB, 100 %, P1
2026/06/11 16:14:53.003, 316.98 W, 52, 2850 MHz, 13801 MHz, 22426 MiB, 100 %, P1
2026/06/11 16:14:54.004, 316.98 W, 52, 2850 MHz, 13801 MHz, 22426 MiB, 100 %, P1
2026/06/11 16:14:55.020, 316.98 W, 52, 2850 MHz, 13801 MHz, 22426 MiB, 100 %, P1
2026/06/11 16:14:56.021, 316.98 W, 52, 2850 MHz, 13801 MHz, 22426 MiB, 100 %, P1
2026/06/11 16:14:57.035, 316.98 W, 52, 2850 MHz, 13801 MHz, 22426 MiB, 100 %, P1
2026/06/11 16:14:58.035, 316.98 W, 52, 2850 MHz, 13801 MHz, 22426 MiB, 100 %, P1
2026/06/11 16:14:59.038, 316.98 W, 52, 2850 MHz, 13801 MHz, 22426 MiB, 100 %, P1
2026/06/11 16:15:00.039, 316.98 W, 52, 2850 MHz, 13801 MHz, 22426 MiB, 100 %, P1
2026/06/11 16:15:01.049, 316.98 W, 52, 2850 MHz, 13801 MHz, 22426 MiB, 100 %, P1
2026/06/11 16:15:02.066, 316.98 W, 52, 2850 MHz, 13801 MHz, 22426 MiB, 100 %, P1
2026/06/11 16:15:03.081, 316.98 W, 52, 2850 MHz, 13801 MHz, 22426 MiB, 100 %, P1
2026/06/11 16:15:04.083, 316.98 W, 52, 2850 MHz, 13801 MHz, 22426 MiB, 100 %, P1
2026/06/11 16:15:05.083, 316.98 W, 52, 2850 MHz, 13801 MHz, 22426 MiB, 100 %, P1
2026/06/11 16:15:06.098, 316.98 W, 52, 2850 MHz, 13801 MHz, 22426 MiB, 100 %, P1
2026/06/11 16:15:07.115, 316.98 W, 52, 2850 MHz, 13801 MHz, 22426 MiB, 100 %, P1
2026/06/11 16:15:08.130, 316.98 W, 52, 2850 MHz, 13801 MHz, 22426 MiB, 100 %, P1
2026/06/11 16:15:09.146, 316.98 W, 52, 2850 MHz, 13801 MHz, 22426 MiB, 100 %, P1
2026/06/11 16:15:10.148, 316.98 W, 52, 2850 MHz, 13801 MHz, 22426 MiB, 100 %, P1
2026/06/11 16:15:11.164, 316.98 W, 52, 2850 MHz, 13801 MHz, 22426 MiB, 100 %, P1
2026/06/11 16:15:12.175, 316.98 W, 52, 2850 MHz, 13801 MHz, 22426 MiB, 100 %, P1
2026/06/11 16:15:13.178, 316.98 W, 52, 2850 MHz, 13801 MHz, 22426 MiB, 100 %, P1
2026/06/11 16:15:14.181, 316.98 W, 52, 2850 MHz, 13801 MHz, 22426 MiB, 100 %, P1
2026/06/11 16:15:15.195, 316.98 W, 52, 2850 MHz, 13801 MHz, 22426 MiB, 100 %, P1
2026/06/11 16:15:16.206, 316.98 W, 52, 2850 MHz, 13801 MHz, 22426 MiB, 100 %, P1
2026/06/11 16:15:17.221, 316.98 W, 52, 2850 MHz, 13801 MHz, 22426 MiB, 100 %, P1
2026/06/11 16:15:18.231, 316.98 W, 52, 2850 MHz, 13801 MHz, 22426 MiB, 100 %, P1
2026/06/11 16:15:19.239, 316.98 W, 52, 2850 MHz, 13801 MHz, 22426 MiB, 100 %, P1
2026/06/11 16:15:20.246, 316.98 W, 52, 2850 MHz, 13801 MHz, 22426 MiB, 100 %, P1
2026/06/11 16:15:21.255, 316.98 W, 52, 2850 MHz, 13801 MHz, 22426 MiB, 100 %, P1
2026/06/11 16:15:22.263, 316.98 W, 52, 2850 MHz, 13801 MHz, 22426 MiB, 100 %, P1
2026/06/11 16:15:23.271, 316.98 W, 52, 2850 MHz, 13801 MHz, 22426 MiB, 100 %, P1
2026/06/11 16:15:24.287, 316.98 W, 52, 2850 MHz, 13801 MHz, 22426 MiB, 100 %, P1
2026/06/11 16:15:25.301, 316.98 W, 52, 2850 MHz, 13801 MHz, 22426 MiB, 100 %, P1
2026/06/11 16:15:26.316, 316.98 W, 52, 2850 MHz, 13801 MHz, 22426 MiB, 100 %, P1
2026/06/11 16:15:27.317, 316.98 W, 52, 2850 MHz, 13801 MHz, 22426 MiB, 100 %, P1
2026/06/11 16:15:28.333, 316.98 W, 52, 2850 MHz, 13801 MHz, 22426 MiB, 100 %, P1
2026/06/11 16:15:29.348, 316.98 W, 52, 2850 MHz, 13801 MHz, 22426 MiB, 100 %, P1
2026/06/11 16:15:30.364, 316.98 W, 52, 2850 MHz, 13801 MHz, 22426 MiB, 100 %, P1
2026/06/11 16:15:31.379, 316.98 W, 52, 2850 MHz, 13801 MHz, 22426 MiB, 100 %, P1
2026/06/11 16:15:32.393, 316.98 W, 52, 2850 MHz, 13801 MHz, 22426 MiB, 100 %, P1
2026/06/11 16:15:33.398, 316.98 W, 52, 2850 MHz, 13801 MHz, 22426 MiB, 100 %, P1
2026/06/11 16:15:34.398, 316.98 W, 52, 2850 MHz, 13801 MHz, 22426 MiB, 100 %, P1
2026/06/11 16:15:35.401, 316.98 W, 52, 2850 MHz, 13801 MHz, 22426 MiB, 100 %, P1
2026/06/11 16:15:36.410, 316.98 W, 52, 2850 MHz, 13801 MHz, 22426 MiB, 100 %, P1
2026/06/11 16:15:37.414, 316.98 W, 52, 2850 MHz, 13801 MHz, 22426 MiB, 100 %, P1
2026/06/11 16:15:38.415, 316.98 W, 52, 2850 MHz, 13801 MHz, 22426 MiB, 100 %, P1
2026/06/11 16:15:39.426, 316.98 W, 52, 2850 MHz, 13801 MHz, 22426 MiB, 100 %, P1
2026/06/11 16:15:40.426, 316.98 W, 52, 2850 MHz, 13801 MHz, 22426 MiB, 100 %, P1
2026/06/11 16:15:41.441, 316.98 W, 52, 2850 MHz, 13801 MHz, 22426 MiB, 100 %, P1
2026/06/11 16:15:42.446, 316.98 W, 52, 2850 MHz, 13801 MHz, 22426 MiB, 100 %, P1
2026/06/11 16:15:43.448, 316.98 W, 52, 2850 MHz, 13801 MHz, 22426 MiB, 100 %, P1
2026/06/11 16:15:44.454, 316.98 W, 52, 2850 MHz, 13801 MHz, 22426 MiB, 100 %, P1
2026/06/11 16:15:45.458, 316.98 W, 52, 2850 MHz, 13801 MHz, 22426 MiB, 100 %, P1
2026/06/11 16:15:46.472, 316.98 W, 52, 2850 MHz, 13801 MHz, 22426 MiB, 100 %, P1
2026/06/11 16:15:47.474, 316.98 W, 52, 2850 MHz, 13801 MHz, 22426 MiB, 100 %, P1
2026/06/11 16:15:48.489, 316.98 W, 52, 2850 MHz, 13801 MHz, 22426 MiB, 100 %, P1
2026/06/11 16:15:49.504, 316.98 W, 52, 2850 MHz, 13801 MHz, 22426 MiB, 100 %, P1
2026/06/11 16:15:50.519, 316.98 W, 52, 2850 MHz, 13801 MHz, 22426 MiB, 100 %, P1
2026/06/11 16:15:51.531, 316.98 W, 52, 2850 MHz, 13801 MHz, 22426 MiB, 100 %, P1
2026/06/11 16:15:52.535, 316.98 W, 52, 2850 MHz, 13801 MHz, 22426 MiB, 100 %, P1
2026/06/11 16:15:53.546, 316.98 W, 52, 2850 MHz, 13801 MHz, 22426 MiB, 100 %, P1
2026/06/11 16:15:54.548, 316.98 W, 52, 2850 MHz, 13801 MHz, 22426 MiB, 100 %, P1
2026/06/11 16:15:55.551, 316.98 W, 52, 2850 MHz, 13801 MHz, 22426 MiB, 100 %, P1
2026/06/11 16:15:56.551, 316.98 W, 52, 2850 MHz, 13801 MHz, 22426 MiB, 100 %, P1
2026/06/11 16:15:57.562, 316.98 W, 52, 2850 MHz, 13801 MHz, 22426 MiB, 100 %, P1
2026/06/11 16:15:58.565, 316.98 W, 52, 2850 MHz, 13801 MHz, 22426 MiB, 100 %, P1
2026/06/11 16:15:59.580, 316.98 W, 52, 2850 MHz, 13801 MHz, 22426 MiB, 100 %, P1
2026/06/11 16:16:00.588, 316.98 W, 52, 2850 MHz, 13801 MHz, 22426 MiB, 100 %, P1
2026/06/11 16:16:01.597, 316.98 W, 52, 2850 MHz, 13801 MHz, 22426 MiB, 100 %, P1
2026/06/11 16:16:02.598, 316.98 W, 52, 2850 MHz, 13801 MHz, 22426 MiB, 100 %, P1
2026/06/11 16:16:03.599, 316.98 W, 52, 2850 MHz, 13801 MHz, 22426 MiB, 100 %, P1
2026/06/11 16:16:04.614, 316.98 W, 52, 2850 MHz, 13801 MHz, 22426 MiB, 100 %, P1
2026/06/11 16:16:05.629, 316.98 W, 52, 2850 MHz, 13801 MHz, 22426 MiB, 100 %, P1
2026/06/11 16:16:06.630, 316.98 W, 52, 2850 MHz, 13801 MHz, 22426 MiB, 100 %, P1
2026/06/11 16:16:07.644, 316.98 W, 52, 2850 MHz, 13801 MHz, 22426 MiB, 100 %, P1
2026/06/11 16:16:08.645, 316.98 W, 52, 2850 MHz, 13801 MHz, 22426 MiB, 100 %, P1
2026/06/11 16:16:09.647, 316.98 W, 52, 2850 MHz, 13801 MHz, 22426 MiB, 100 %, P1
2026/06/11 16:16:10.665, 316.98 W, 52, 2850 MHz, 13801 MHz, 22426 MiB, 100 %, P1
2026/06/11 16:16:11.681, 316.98 W, 52, 2850 MHz, 13801 MHz, 22426 MiB, 100 %, P1
2026/06/11 16:16:12.689, 316.98 W, 52, 2850 MHz, 13801 MHz, 22426 MiB, 100 %, P1
2026/06/11 16:16:13.698, 316.98 W, 52, 2850 MHz, 13801 MHz, 22426 MiB, 100 %, P1
2026/06/11 16:16:14.698, 316.98 W, 52, 2850 MHz, 13801 MHz, 22426 MiB, 100 %, P1
2026/06/11 16:16:15.714, 316.98 W, 52, 2850 MHz, 13801 MHz, 22426 MiB, 100 %, P1
2026/06/11 16:16:16.724, 316.98 W, 52, 2850 MHz, 13801 MHz, 22426 MiB, 100 %, P1
2026/06/11 16:16:17.724, 316.98 W, 52, 2850 MHz, 13801 MHz, 22426 MiB, 100 %, P1
2026/06/11 16:16:18.727, 316.98 W, 52, 2850 MHz, 13801 MHz, 22426 MiB, 100 %, P1
2026/06/11 16:16:19.731, 316.98 W, 52, 2850 MHz, 13801 MHz, 22426 MiB, 100 %, P1
2026/06/11 16:16:20.739, 316.98 W, 52, 2850 MHz, 13801 MHz, 22426 MiB, 100 %, P1
2026/06/11 16:16:21.754, 316.98 W, 52, 2850 MHz, 13801 MHz, 22426 MiB, 100 %, P1
2026/06/11 16:16:22.769, 316.98 W, 52, 2850 MHz, 13801 MHz, 22426 MiB, 100 %, P1
2026/06/11 16:16:23.781, 316.98 W, 52, 2850 MHz, 13801 MHz, 22426 MiB, 100 %, P1
2026/06/11 16:16:24.786, 316.98 W, 52, 2850 MHz, 13801 MHz, 22426 MiB, 100 %, P1
2026/06/11 16:16:25.800, 316.98 W, 52, 2850 MHz, 13801 MHz, 22426 MiB, 100 %, P1
2026/06/11 16:16:26.814, 316.98 W, 52, 2850 MHz, 13801 MHz, 22426 MiB, 100 %, P1
2026/06/11 16:16:27.815, 316.98 W, 52, 2850 MHz, 13801 MHz, 22426 MiB, 100 %, P1
2026/06/11 16:16:28.832, 316.98 W, 52, 2850 MHz, 13801 MHz, 22426 MiB, 100 %, P1
2026/06/11 16:16:29.848, 316.98 W, 52, 2850 MHz, 13801 MHz, 22426 MiB, 100 %, P1
2026/06/11 16:16:30.863, 316.98 W, 52, 2850 MHz, 13801 MHz, 22426 MiB, 100 %, P1
2026/06/11 16:16:31.878, 316.98 W, 52, 2850 MHz, 13801 MHz, 22426 MiB, 100 %, P1
2026/06/11 16:16:32.879, 316.98 W, 52, 2850 MHz, 13801 MHz, 22426 MiB, 100 %, P1
2026/06/11 16:16:33.894, 316.98 W, 52, 2850 MHz, 13801 MHz, 22426 MiB, 100 %, P1
2026/06/11 16:16:34.896, 316.98 W, 52, 2850 MHz, 13801 MHz, 22426 MiB, 100 %, P1
2026/06/11 16:16:35.911, 316.98 W, 52, 2850 MHz, 13801 MHz, 22426 MiB, 100 %, P1
2026/06/11 16:16:36.911, 316.98 W, 52, 2850 MHz, 13801 MHz, 22426 MiB, 100 %, P1
2026/06/11 16:16:37.926, 316.98 W, 52, 2850 MHz, 13801 MHz, 22426 MiB, 100 %, P1
2026/06/11 16:16:38.930, 316.98 W, 52, 2850 MHz, 13801 MHz, 22426 MiB, 100 %, P1
2026/06/11 16:16:39.948, 316.98 W, 52, 2850 MHz, 13801 MHz, 22426 MiB, 100 %, P1
2026/06/11 16:16:40.963, 316.98 W, 52, 2850 MHz, 13801 MHz, 22426 MiB, 100 %, P1
2026/06/11 16:16:41.978, 316.98 W, 52, 2850 MHz, 13801 MHz, 22426 MiB, 100 %, P1
2026/06/11 16:16:42.981, 316.98 W, 52, 2850 MHz, 13801 MHz, 22426 MiB, 100 %, P1
2026/06/11 16:16:43.997, 316.98 W, 52, 2850 MHz, 13801 MHz, 22426 MiB, 100 %, P1
2026/06/11 16:16:44.999, 316.98 W, 52, 2850 MHz, 13801 MHz, 22426 MiB, 100 %, P1
2026/06/11 16:16:46.007, 316.98 W, 52, 2850 MHz, 13801 MHz, 22426 MiB, 100 %, P1
2026/06/11 16:16:47.020, 316.98 W, 52, 2850 MHz, 13801 MHz, 22426 MiB, 100 %, P1
2026/06/11 16:16:48.035, 316.98 W, 52, 2850 MHz, 13801 MHz, 22426 MiB, 100 %, P1
2026/06/11 16:16:49.050, 316.98 W, 52, 2850 MHz, 13801 MHz, 22426 MiB, 100 %, P1
2026/06/11 16:16:50.052, 316.98 W, 52, 2850 MHz, 13801 MHz, 22426 MiB, 100 %, P1
2026/06/11 16:16:51.067, 316.98 W, 52, 2850 MHz, 13801 MHz, 22426 MiB, 100 %, P1
2026/06/11 16:16:52.082, 316.98 W, 52, 2850 MHz, 13801 MHz, 22426 MiB, 100 %, P1
2026/06/11 16:16:53.098, 316.98 W, 52, 2850 MHz, 13801 MHz, 22426 MiB, 100 %, P1
2026/06/11 16:16:54.113, 316.98 W, 52, 2850 MHz, 13801 MHz, 22426 MiB, 100 %, P1
2026/06/11 16:16:55.127, 316.98 W, 52, 2850 MHz, 13801 MHz, 22426 MiB, 100 %, P1
2026/06/11 16:16:56.129, 316.98 W, 52, 2850 MHz, 13801 MHz, 22426 MiB, 100 %, P1
2026/06/11 16:16:57.130, 316.98 W, 52, 2850 MHz, 13801 MHz, 22426 MiB, 100 %, P1
2026/06/11 16:16:58.144, 316.98 W, 52, 2850 MHz, 13801 MHz, 22426 MiB, 100 %, P1
2026/06/11 16:16:59.160, 316.98 W, 52, 2850 MHz, 13801 MHz, 22426 MiB, 100 %, P1
2026/06/11 16:17:00.176, 316.98 W, 52, 2850 MHz, 13801 MHz, 22426 MiB, 100 %, P1
2026/06/11 16:17:01.177, 316.98 W, 52, 2850 MHz, 13801 MHz, 22426 MiB, 100 %, P1
2026/06/11 16:17:02.192, 316.98 W, 52, 2850 MHz, 13801 MHz, 22426 MiB, 100 %, P1
2026/06/11 16:17:03.207, 316.98 W, 52, 2850 MHz, 13801 MHz, 22426 MiB, 100 %, P1
2026/06/11 16:17:04.222, 316.98 W, 52, 2850 MHz, 13801 MHz, 22426 MiB, 100 %, P1
2026/06/11 16:17:05.224, 316.98 W, 52, 2850 MHz, 13801 MHz, 22426 MiB, 100 %, P1
2026/06/11 16:17:06.238, 316.98 W, 52, 2850 MHz, 13801 MHz, 22426 MiB, 100 %, P1
2026/06/11 16:17:07.254, 316.98 W, 52, 2850 MHz, 13801 MHz, 22426 MiB, 100 %, P1
2026/06/11 16:17:08.269, 316.98 W, 52, 2850 MHz, 13801 MHz, 22426 MiB, 100 %, P1
2026/06/11 16:17:09.283, 316.98 W, 52, 2850 MHz, 13801 MHz, 22426 MiB, 100 %, P1
2026/06/11 16:17:10.285, 316.98 W, 52, 2850 MHz, 13801 MHz, 22426 MiB, 100 %, P1
2026/06/11 16:17:11.301, 316.98 W, 52, 2850 MHz, 13801 MHz, 22426 MiB, 100 %, P1
2026/06/11 16:17:12.316, 316.98 W, 52, 2850 MHz, 13801 MHz, 22426 MiB, 100 %, P1
2026/06/11 16:17:13.317, 316.98 W, 52, 2850 MHz, 13801 MHz, 22426 MiB, 100 %, P1
2026/06/11 16:17:14.332, 316.98 W, 52, 2850 MHz, 13801 MHz, 22426 MiB, 100 %, P1
2026/06/11 16:17:15.333, 316.98 W, 52, 2850 MHz, 13801 MHz, 22426 MiB, 100 %, P1
2026/06/11 16:17:16.347, 316.98 W, 52, 2850 MHz, 13801 MHz, 22426 MiB, 100 %, P1
2026/06/11 16:17:17.363, 316.98 W, 52, 2850 MHz, 13801 MHz, 22426 MiB, 100 %, P1
2026/06/11 16:17:18.378, 316.98 W, 52, 2850 MHz, 13801 MHz, 22426 MiB, 100 %, P1
2026/06/11 16:17:19.379, 316.98 W, 52, 2850 MHz, 13801 MHz, 22426 MiB, 100 %, P1
2026/06/11 16:17:20.395, 316.98 W, 52, 2850 MHz, 13801 MHz, 22426 MiB, 100 %, P1
2026/06/11 16:17:21.398, 316.98 W, 52, 2850 MHz, 13801 MHz, 22426 MiB, 100 %, P1
2026/06/11 16:17:22.426, 316.98 W, 52, 2850 MHz, 13801 MHz, 22426 MiB, 100 %, P1
2026/06/11 16:17:23.441, 316.98 W, 52, 2850 MHz, 13801 MHz, 22426 MiB, 100 %, P1
2026/06/11 16:17:24.442, 316.98 W, 52, 2850 MHz, 13801 MHz, 22426 MiB, 100 %, P1
2026/06/11 16:17:25.457, 316.98 W, 52, 2850 MHz, 13801 MHz, 22426 MiB, 100 %, P1
2026/06/11 16:17:26.472, 316.98 W, 52, 2850 MHz, 13801 MHz, 22426 MiB, 100 %, P1
2026/06/11 16:17:27.472, 316.98 W, 52, 2850 MHz, 13801 MHz, 22426 MiB, 100 %, P1
2026/06/11 16:17:28.473, 316.98 W, 52, 2850 MHz, 13801 MHz, 22426 MiB, 100 %, P1
2026/06/11 16:17:29.473, 316.98 W, 52, 2850 MHz, 13801 MHz, 22426 MiB, 100 %, P1
2026/06/11 16:17:30.488, 316.98 W, 52, 2850 MHz, 13801 MHz, 22426 MiB, 100 %, P1
2026/06/11 16:17:31.488, 316.98 W, 52, 2850 MHz, 13801 MHz, 22426 MiB, 100 %, P1
2026/06/11 16:17:32.504, 316.98 W, 52, 2850 MHz, 13801 MHz, 22426 MiB, 100 %, P1
2026/06/11 16:17:33.519, 316.98 W, 52, 2850 MHz, 13801 MHz, 22426 MiB, 100 %, P1
2026/06/11 16:17:34.520, 316.98 W, 52, 2850 MHz, 13801 MHz, 22426 MiB, 100 %, P1
2026/06/11 16:17:35.521, 316.98 W, 52, 2850 MHz, 13801 MHz, 22426 MiB, 100 %, P1
2026/06/11 16:17:36.535, 316.98 W, 52, 2850 MHz, 13801 MHz, 22426 MiB, 100 %, P1
2026/06/11 16:17:37.535, 316.98 W, 52, 2850 MHz, 13801 MHz, 22426 MiB, 100 %, P1
2026/06/11 16:17:38.538, 316.98 W, 52, 2850 MHz, 13801 MHz, 22426 MiB, 100 %, P1
2026/06/11 16:17:39.552, 316.98 W, 52, 2850 MHz, 13801 MHz, 22426 MiB, 100 %, P1
2026/06/11 16:17:40.553, 316.98 W, 52, 2850 MHz, 13801 MHz, 22426 MiB, 100 %, P1
2026/06/11 16:17:41.568, 316.98 W, 52, 2850 MHz, 13801 MHz, 22426 MiB, 100 %, P1
2026/06/11 16:17:42.582, 316.98 W, 52, 2850 MHz, 13801 MHz, 22426 MiB, 100 %, P1
2026/06/11 16:17:43.598, 316.98 W, 52, 2850 MHz, 13801 MHz, 22426 MiB, 100 %, P1
2026/06/11 16:17:44.629, 316.98 W, 52, 2850 MHz, 13801 MHz, 22426 MiB, 100 %, P1
2026/06/11 16:17:45.645, 316.98 W, 52, 2850 MHz, 13801 MHz, 22426 MiB, 100 %, P1
2026/06/11 16:17:46.646, 316.98 W, 52, 2850 MHz, 13801 MHz, 22426 MiB, 100 %, P1
2026/06/11 16:17:47.661, 316.98 W, 52, 2850 MHz, 13801 MHz, 22426 MiB, 100 %, P1
2026/06/11 16:17:48.676, 316.98 W, 52, 2850 MHz, 13801 MHz, 22426 MiB, 100 %, P1
2026/06/11 16:17:49.692, 316.98 W, 52, 2850 MHz, 13801 MHz, 22426 MiB, 100 %, P1
2026/06/11 16:17:50.707, 316.98 W, 52, 2850 MHz, 13801 MHz, 22426 MiB, 100 %, P1
2026/06/11 16:17:51.722, 316.98 W, 52, 2850 MHz, 13801 MHz, 22426 MiB, 100 %, P1
2026/06/11 16:17:52.723, 316.98 W, 52, 2850 MHz, 13801 MHz, 22426 MiB, 100 %, P1
2026/06/11 16:17:53.724, 316.98 W, 52, 2850 MHz, 13801 MHz, 22426 MiB, 100 %, P1
2026/06/11 16:17:54.738, 316.98 W, 52, 2850 MHz, 13801 MHz, 22426 MiB, 100 %, P1
2026/06/11 16:17:55.739, 316.98 W, 52, 2850 MHz, 13801 MHz, 22426 MiB, 100 %, P1
2026/06/11 16:17:56.739, 316.98 W, 52, 2850 MHz, 13801 MHz, 22426 MiB, 100 %, P1
2026/06/11 16:17:57.754, 316.98 W, 52, 2850 MHz, 13801 MHz, 22426 MiB, 100 %, P1
2026/06/11 16:17:58.758, 316.98 W, 52, 2850 MHz, 13801 MHz, 22426 MiB, 100 %, P1
2026/06/11 16:17:59.764, 316.98 W, 52, 2850 MHz, 13801 MHz, 22426 MiB, 100 %, P1
2026/06/11 16:18:00.785, 316.98 W, 52, 2850 MHz, 13801 MHz, 22426 MiB, 100 %, P1
2026/06/11 16:18:01.800, 316.98 W, 52, 2850 MHz, 13801 MHz, 22426 MiB, 100 %, P1
2026/06/11 16:18:02.801, 316.98 W, 52, 2850 MHz, 13801 MHz, 22426 MiB, 100 %, P1
2026/06/11 16:18:03.815, 316.98 W, 52, 2850 MHz, 13801 MHz, 22426 MiB, 100 %, P1
2026/06/11 16:18:04.832, 316.98 W, 52, 2850 MHz, 13801 MHz, 22426 MiB, 100 %, P1
2026/06/11 16:18:05.833, 316.98 W, 52, 2850 MHz, 13801 MHz, 22426 MiB, 100 %, P1
2026/06/11 16:18:06.863, 316.98 W, 52, 2850 MHz, 13801 MHz, 22426 MiB, 100 %, P1
2026/06/11 16:18:07.879, 316.98 W, 52, 2850 MHz, 13801 MHz, 22426 MiB, 100 %, P1
2026/06/11 16:18:08.895, 316.98 W, 52, 2850 MHz, 13801 MHz, 22426 MiB, 100 %, P1
2026/06/11 16:18:09.910, 316.98 W, 52, 2850 MHz, 13801 MHz, 22426 MiB, 100 %, P1
2026/06/11 16:18:10.915, 316.98 W, 52, 2850 MHz, 13801 MHz, 22426 MiB, 100 %, P1
2026/06/11 16:18:11.933, 316.98 W, 52, 2850 MHz, 13801 MHz, 22426 MiB, 100 %, P1
2026/06/11 16:18:12.947, 316.98 W, 52, 2850 MHz, 13801 MHz, 22426 MiB, 100 %, P1
2026/06/11 16:18:13.949, 316.98 W, 52, 2850 MHz, 13801 MHz, 22426 MiB, 100 %, P1
2026/06/11 16:18:14.965, 316.98 W, 52, 2850 MHz, 13801 MHz, 22426 MiB, 100 %, P1
2026/06/11 16:18:15.981, 316.98 W, 52, 2850 MHz, 13801 MHz, 22426 MiB, 100 %, P1
2026/06/11 16:18:16.983, 316.98 W, 52, 2850 MHz, 13801 MHz, 22426 MiB, 100 %, P1
2026/06/11 16:18:17.991, 316.98 W, 52, 2850 MHz, 13801 MHz, 22426 MiB, 100 %, P1
2026/06/11 16:18:19.004, 316.98 W, 52, 2850 MHz, 13801 MHz, 22426 MiB, 100 %, P1
2026/06/11 16:18:20.013, 316.98 W, 52, 2850 MHz, 13801 MHz, 22426 MiB, 100 %, P1
2026/06/11 16:18:21.015, 316.98 W, 52, 2850 MHz, 13801 MHz, 22426 MiB, 100 %, P1
2026/06/11 16:18:22.015, 316.98 W, 52, 2850 MHz, 13801 MHz, 22426 MiB, 100 %, P1
2026/06/11 16:18:23.017, 316.98 W, 52, 2850 MHz, 13801 MHz, 22426 MiB, 100 %, P1
2026/06/11 16:18:24.031, 316.98 W, 52, 2850 MHz, 13801 MHz, 22426 MiB, 100 %, P1
2026/06/11 16:18:25.045, 316.98 W, 52, 2850 MHz, 13801 MHz, 22426 MiB, 100 %, P1
2026/06/11 16:18:26.046, 316.98 W, 52, 2850 MHz, 13801 MHz, 22426 MiB, 100 %, P1
2026/06/11 16:18:27.048, 316.98 W, 52, 2850 MHz, 13801 MHz, 22426 MiB, 100 %, P1
2026/06/11 16:18:28.064, 316.98 W, 52, 2850 MHz, 13801 MHz, 22426 MiB, 100 %, P1
2026/06/11 16:18:29.067, 316.98 W, 52, 2850 MHz, 13801 MHz, 22426 MiB, 100 %, P1
2026/06/11 16:18:30.083, 316.98 W, 52, 2850 MHz, 13801 MHz, 22426 MiB, 100 %, P1
2026/06/11 16:18:31.098, 316.98 W, 52, 2850 MHz, 13801 MHz, 22426 MiB, 100 %, P1
2026/06/11 16:18:32.099, 316.98 W, 52, 2850 MHz, 13801 MHz, 22426 MiB, 100 %, P1
2026/06/11 16:18:33.113, 316.98 W, 52, 2850 MHz, 13801 MHz, 22426 MiB, 100 %, P1
2026/06/11 16:18:34.129, 316.98 W, 52, 2850 MHz, 13801 MHz, 22426 MiB, 100 %, P1
2026/06/11 16:18:35.129, 316.98 W, 52, 2850 MHz, 13801 MHz, 22426 MiB, 100 %, P1
2026/06/11 16:18:36.145, 316.98 W, 52, 2850 MHz, 13801 MHz, 22426 MiB, 100 %, P1
2026/06/11 16:18:37.160, 316.98 W, 52, 2850 MHz, 13801 MHz, 22426 MiB, 100 %, P1
2026/06/11 16:18:38.176, 316.98 W, 52, 2850 MHz, 13801 MHz, 22426 MiB, 100 %, P1
2026/06/11 16:18:39.176, 316.98 W, 52, 2850 MHz, 13801 MHz, 22426 MiB, 100 %, P1
2026/06/11 16:18:40.177, 316.98 W, 52, 2850 MHz, 13801 MHz, 22426 MiB, 100 %, P1
2026/06/11 16:18:41.177, 316.98 W, 52, 2850 MHz, 13801 MHz, 22426 MiB, 100 %, P1
2026/06/11 16:18:42.191, 316.98 W, 52, 2850 MHz, 13801 MHz, 22426 MiB, 100 %, P1
2026/06/11 16:18:43.192, 316.98 W, 52, 2850 MHz, 13801 MHz, 22426 MiB, 100 %, P1
2026/06/11 16:18:44.207, 316.98 W, 52, 2850 MHz, 13801 MHz, 22426 MiB, 100 %, P1
2026/06/11 16:18:45.208, 316.98 W, 52, 2850 MHz, 13801 MHz, 22426 MiB, 100 %, P1
2026/06/11 16:18:46.221, 316.98 W, 52, 2850 MHz, 13801 MHz, 22426 MiB, 100 %, P1
2026/06/11 16:18:47.223, 316.98 W, 52, 2850 MHz, 13801 MHz, 22426 MiB, 100 %, P1
2026/06/11 16:18:48.238, 316.98 W, 52, 2850 MHz, 13801 MHz, 22426 MiB, 100 %, P1
2026/06/11 16:18:49.239, 316.98 W, 52, 2850 MHz, 13801 MHz, 22426 MiB, 100 %, P1
2026/06/11 16:18:50.254, 316.98 W, 52, 2850 MHz, 13801 MHz, 22426 MiB, 100 %, P1
2026/06/11 16:18:51.269, 316.98 W, 52, 2850 MHz, 13801 MHz, 22426 MiB, 100 %, P1
2026/06/11 16:18:52.285, 316.98 W, 52, 2850 MHz, 13801 MHz, 22426 MiB, 100 %, P1
2026/06/11 16:18:53.302, 316.98 W, 52, 2850 MHz, 13801 MHz, 22426 MiB, 100 %, P1
2026/06/11 16:18:54.302, 316.98 W, 52, 2850 MHz, 13801 MHz, 22426 MiB, 100 %, P1
2026/06/11 16:18:55.316, 316.98 W, 52, 2850 MHz, 13801 MHz, 22426 MiB, 100 %, P1
2026/06/11 16:18:56.317, 316.98 W, 52, 2850 MHz, 13801 MHz, 22426 MiB, 100 %, P1
2026/06/11 16:18:57.332, 316.98 W, 52, 2850 MHz, 13801 MHz, 22426 MiB, 100 %, P1
2026/06/11 16:18:58.333, 316.98 W, 52, 2850 MHz, 13801 MHz, 22426 MiB, 100 %, P1
2026/06/11 16:18:59.363, 316.98 W, 52, 2850 MHz, 13801 MHz, 22426 MiB, 100 %, P1
2026/06/11 16:19:00.363, 316.98 W, 52, 2850 MHz, 13801 MHz, 22426 MiB, 100 %, P1
2026/06/11 16:19:01.364, 316.98 W, 52, 2850 MHz, 13801 MHz, 22426 MiB, 100 %, P1
2026/06/11 16:19:02.379, 316.98 W, 52, 2850 MHz, 13801 MHz, 22426 MiB, 100 %, P1
2026/06/11 16:19:03.394, 316.98 W, 52, 2850 MHz, 13801 MHz, 22426 MiB, 100 %, P1
2026/06/11 16:19:04.394, 316.98 W, 52, 2850 MHz, 13801 MHz, 22426 MiB, 100 %, P1
2026/06/11 16:19:05.410, 316.98 W, 52, 2850 MHz, 13801 MHz, 22426 MiB, 100 %, P1
2026/06/11 16:19:06.411, 316.98 W, 52, 2850 MHz, 13801 MHz, 22426 MiB, 100 %, P1
2026/06/11 16:19:07.412, 316.98 W, 52, 2850 MHz, 13801 MHz, 22426 MiB, 100 %, P1
2026/06/11 16:19:08.441, 316.98 W, 52, 2850 MHz, 13801 MHz, 22426 MiB, 100 %, P1
2026/06/11 16:19:09.442, 316.98 W, 52, 2850 MHz, 13801 MHz, 22426 MiB, 100 %, P1
2026/06/11 16:19:10.457, 316.98 W, 52, 2850 MHz, 13801 MHz, 22426 MiB, 100 %, P1
2026/06/11 16:19:11.473, 316.98 W, 52, 2850 MHz, 13801 MHz, 22426 MiB, 100 %, P1
2026/06/11 16:19:12.488, 316.98 W, 52, 2850 MHz, 13801 MHz, 22426 MiB, 100 %, P1
2026/06/11 16:19:13.489, 316.98 W, 52, 2850 MHz, 13801 MHz, 22426 MiB, 100 %, P1
2026/06/11 16:19:14.504, 316.98 W, 52, 2850 MHz, 13801 MHz, 22426 MiB, 100 %, P1
2026/06/11 16:19:15.504, 316.98 W, 52, 2850 MHz, 13801 MHz, 22426 MiB, 100 %, P1
2026/06/11 16:19:16.519, 316.98 W, 52, 2850 MHz, 13801 MHz, 22426 MiB, 100 %, P1
2026/06/11 16:19:17.535, 316.98 W, 52, 2850 MHz, 13801 MHz, 22426 MiB, 100 %, P1
2026/06/11 16:19:18.551, 316.98 W, 52, 2850 MHz, 13801 MHz, 22426 MiB, 100 %, P1
2026/06/11 16:19:19.552, 316.98 W, 52, 2850 MHz, 13801 MHz, 22426 MiB, 100 %, P1
2026/06/11 16:19:20.553, 316.98 W, 52, 2850 MHz, 13801 MHz, 22426 MiB, 100 %, P1
2026/06/11 16:19:21.566, 316.98 W, 52, 2850 MHz, 13801 MHz, 22426 MiB, 100 %, P1
2026/06/11 16:19:22.582, 316.98 W, 52, 2850 MHz, 13801 MHz, 22426 MiB, 100 %, P1
2026/06/11 16:19:23.583, 316.98 W, 52, 2850 MHz, 13801 MHz, 22426 MiB, 100 %, P1
2026/06/11 16:19:24.584, 316.98 W, 52, 2850 MHz, 13801 MHz, 22426 MiB, 100 %, P1
2026/06/11 16:19:25.598, 316.98 W, 52, 2850 MHz, 13801 MHz, 22426 MiB, 100 %, P1
2026/06/11 16:19:26.613, 316.98 W, 52, 2850 MHz, 13801 MHz, 22426 MiB, 100 %, P1
2026/06/11 16:19:27.629, 316.98 W, 52, 2850 MHz, 13801 MHz, 22426 MiB, 100 %, P1
2026/06/11 16:19:28.645, 316.98 W, 52, 2850 MHz, 13801 MHz, 22426 MiB, 100 %, P1
2026/06/11 16:19:29.649, 316.98 W, 52, 2850 MHz, 13801 MHz, 22426 MiB, 100 %, P1
2026/06/11 16:19:30.650, 316.98 W, 52, 2850 MHz, 13801 MHz, 22426 MiB, 100 %, P1
2026/06/11 16:19:31.660, 316.98 W, 52, 2850 MHz, 13801 MHz, 22426 MiB, 100 %, P1
2026/06/11 16:19:32.663, 316.98 W, 52, 2850 MHz, 13801 MHz, 22426 MiB, 100 %, P1
2026/06/11 16:19:33.666, 316.98 W, 52, 2850 MHz, 13801 MHz, 22426 MiB, 100 %, P1
2026/06/11 16:19:34.681, 316.98 W, 52, 2850 MHz, 13801 MHz, 22426 MiB, 100 %, P1
2026/06/11 16:19:35.686, 316.98 W, 52, 2850 MHz, 13801 MHz, 22426 MiB, 100 %, P1
2026/06/11 16:19:36.695, 316.98 W, 52, 2850 MHz, 13801 MHz, 22426 MiB, 100 %, P1
2026/06/11 16:19:37.698, 316.98 W, 52, 2850 MHz, 13801 MHz, 22426 MiB, 100 %, P1
2026/06/11 16:19:38.699, 316.98 W, 52, 2850 MHz, 13801 MHz, 22426 MiB, 100 %, P1
2026/06/11 16:19:39.714, 316.98 W, 52, 2850 MHz, 13801 MHz, 22426 MiB, 100 %, P1
2026/06/11 16:19:40.724, 316.98 W, 52, 2850 MHz, 13801 MHz, 22426 MiB, 100 %, P1
2026/06/11 16:19:41.727, 316.98 W, 52, 2850 MHz, 13801 MHz, 22426 MiB, 100 %, P1
2026/06/11 16:19:42.728, 316.98 W, 52, 2850 MHz, 13801 MHz, 22426 MiB, 100 %, P1
2026/06/11 16:19:43.732, 316.98 W, 52, 2850 MHz, 13801 MHz, 22426 MiB, 100 %, P1
2026/06/11 16:19:44.748, 316.98 W, 52, 2850 MHz, 13801 MHz, 22426 MiB, 100 %, P1
2026/06/11 16:19:45.761, 316.98 W, 52, 2850 MHz, 13801 MHz, 22426 MiB, 100 %, P1
2026/06/11 16:19:46.762, 316.98 W, 52, 2850 MHz, 13801 MHz, 22426 MiB, 100 %, P1
2026/06/11 16:19:47.765, 316.98 W, 52, 2850 MHz, 13801 MHz, 22426 MiB, 100 %, P1
2026/06/11 16:19:48.780, 316.98 W, 52, 2850 MHz, 13801 MHz, 22426 MiB, 100 %, P1
2026/06/11 16:19:49.782, 316.98 W, 52, 2850 MHz, 13801 MHz, 22426 MiB, 100 %, P1
2026/06/11 16:19:50.799, 316.98 W, 52, 2850 MHz, 13801 MHz, 22426 MiB, 100 %, P1
2026/06/11 16:19:51.801, 316.98 W, 52, 2850 MHz, 13801 MHz, 22426 MiB, 100 %, P1
2026/06/11 16:19:52.814, 316.98 W, 52, 2850 MHz, 13801 MHz, 22426 MiB, 100 %, P1
2026/06/11 16:19:53.825, 316.98 W, 52, 2850 MHz, 13801 MHz, 22426 MiB, 100 %, P1
2026/06/11 16:19:54.831, 316.98 W, 52, 2850 MHz, 13801 MHz, 22426 MiB, 100 %, P1
2026/06/11 16:19:55.835, 316.98 W, 52, 2850 MHz, 13801 MHz, 22426 MiB, 100 %, P1
2026/06/11 16:19:56.848, 316.98 W, 52, 2850 MHz, 13801 MHz, 22426 MiB, 100 %, P1
2026/06/11 16:19:57.853, 316.98 W, 52, 2850 MHz, 13801 MHz, 22426 MiB, 100 %, P1
2026/06/11 16:19:58.866, 316.98 W, 52, 2850 MHz, 13801 MHz, 22426 MiB, 100 %, P1
2026/06/11 16:19:59.873, 316.98 W, 52, 2850 MHz, 13801 MHz, 22426 MiB, 100 %, P1
2026/06/11 16:20:00.881, 316.98 W, 52, 2850 MHz, 13801 MHz, 22426 MiB, 100 %, P1
2026/06/11 16:20:01.882, 316.98 W, 52, 2850 MHz, 13801 MHz, 22426 MiB, 100 %, P1
2026/06/11 16:20:02.882, 316.98 W, 52, 2850 MHz, 13801 MHz, 22426 MiB, 100 %, P1
2026/06/11 16:20:03.883, 316.98 W, 52, 2850 MHz, 13801 MHz, 22426 MiB, 100 %, P1
2026/06/11 16:20:04.898, 316.98 W, 52, 2850 MHz, 13801 MHz, 22426 MiB, 100 %, P1
2026/06/11 16:20:05.898, 316.98 W, 52, 2850 MHz, 13801 MHz, 22426 MiB, 100 %, P1
2026/06/11 16:20:06.911, 316.98 W, 52, 2850 MHz, 13801 MHz, 22426 MiB, 100 %, P1
2026/06/11 16:20:07.915, 316.98 W, 52, 2850 MHz, 13801 MHz, 22426 MiB, 100 %, P1
2026/06/11 16:20:08.915, 316.98 W, 52, 2850 MHz, 13801 MHz, 22426 MiB, 100 %, P1
2026/06/11 16:20:09.931, 316.98 W, 52, 2850 MHz, 13801 MHz, 22426 MiB, 100 %, P1
2026/06/11 16:20:10.932, 316.98 W, 52, 2850 MHz, 13801 MHz, 22426 MiB, 100 %, P1
2026/06/11 16:20:11.947, 316.98 W, 52, 2850 MHz, 13801 MHz, 22426 MiB, 100 %, P1
2026/06/11 16:20:12.949, 316.98 W, 52, 2850 MHz, 13801 MHz, 22426 MiB, 100 %, P1
2026/06/11 16:20:13.962, 316.98 W, 52, 2850 MHz, 13801 MHz, 22426 MiB, 100 %, P1
2026/06/11 16:20:14.963, 316.98 W, 52, 2850 MHz, 13801 MHz, 22426 MiB, 100 %, P1
2026/06/11 16:20:15.965, 316.98 W, 52, 2850 MHz, 13801 MHz, 22426 MiB, 100 %, P1
2026/06/11 16:20:16.978, 316.98 W, 52, 2850 MHz, 13801 MHz, 22426 MiB, 100 %, P1
2026/06/11 16:20:17.981, 316.98 W, 52, 2850 MHz, 13801 MHz, 22426 MiB, 100 %, P1
2026/06/11 16:20:18.991, 316.98 W, 52, 2850 MHz, 13801 MHz, 22426 MiB, 100 %, P1
2026/06/11 16:20:19.994, 316.98 W, 52, 2850 MHz, 13801 MHz, 22426 MiB, 100 %, P1
2026/06/11 16:20:21.007, 316.98 W, 52, 2850 MHz, 13801 MHz, 22426 MiB, 100 %, P1
2026/06/11 16:20:22.021, 316.98 W, 52, 2850 MHz, 13801 MHz, 22426 MiB, 100 %, P1
2026/06/11 16:20:23.025, 316.98 W, 52, 2850 MHz, 13801 MHz, 22426 MiB, 100 %, P1
2026/06/11 16:20:24.029, 316.98 W, 52, 2850 MHz, 13801 MHz, 22426 MiB, 100 %, P1
2026/06/11 16:20:25.042, 316.98 W, 52, 2850 MHz, 13801 MHz, 22426 MiB, 100 %, P1
2026/06/11 16:20:26.047, 316.98 W, 52, 2850 MHz, 13801 MHz, 22426 MiB, 100 %, P1
2026/06/11 16:20:27.062, 316.98 W, 52, 2850 MHz, 13801 MHz, 22426 MiB, 100 %, P1
2026/06/11 16:20:28.081, 316.98 W, 52, 2850 MHz, 13801 MHz, 22426 MiB, 100 %, P1
2026/06/11 16:20:29.097, 316.98 W, 52, 2850 MHz, 13801 MHz, 22426 MiB, 100 %, P1
2026/06/11 16:20:30.111, 316.98 W, 52, 2850 MHz, 13801 MHz, 22426 MiB, 100 %, P1
2026/06/11 16:20:31.115, 316.98 W, 52, 2850 MHz, 13801 MHz, 22426 MiB, 100 %, P1
2026/06/11 16:20:32.131, 316.98 W, 52, 2850 MHz, 13801 MHz, 22426 MiB, 100 %, P1
2026/06/11 16:20:33.146, 316.98 W, 52, 2850 MHz, 13801 MHz, 22426 MiB, 100 %, P1
2026/06/11 16:20:34.147, 316.98 W, 52, 2850 MHz, 13801 MHz, 22426 MiB, 100 %, P1
2026/06/11 16:20:35.157, 316.98 W, 52, 2850 MHz, 13801 MHz, 22426 MiB, 100 %, P1
2026/06/11 16:20:36.166, 316.98 W, 52, 2850 MHz, 13801 MHz, 22426 MiB, 100 %, P1
2026/06/11 16:20:37.180, 316.98 W, 52, 2850 MHz, 13801 MHz, 22426 MiB, 100 %, P1
2026/06/11 16:20:38.182, 316.98 W, 52, 2850 MHz, 13801 MHz, 22426 MiB, 100 %, P1
2026/06/11 16:20:39.198, 316.98 W, 52, 2850 MHz, 13801 MHz, 22426 MiB, 100 %, P1
2026/06/11 16:20:40.213, 316.98 W, 52, 2850 MHz, 13801 MHz, 22426 MiB, 100 %, P1
2026/06/11 16:20:41.215, 316.98 W, 52, 2850 MHz, 13801 MHz, 22426 MiB, 100 %, P1
2026/06/11 16:20:42.231, 316.98 W, 52, 2850 MHz, 13801 MHz, 22426 MiB, 100 %, P1
2026/06/11 16:20:43.232, 316.98 W, 52, 2850 MHz, 13801 MHz, 22426 MiB, 100 %, P1
2026/06/11 16:20:44.248, 316.98 W, 52, 2850 MHz, 13801 MHz, 22426 MiB, 100 %, P1
2026/06/11 16:20:45.256, 316.98 W, 52, 2850 MHz, 13801 MHz, 22426 MiB, 100 %, P1
2026/06/11 16:20:46.265, 316.98 W, 52, 2850 MHz, 13801 MHz, 22426 MiB, 100 %, P1
2026/06/11 16:20:47.280, 316.98 W, 52, 2850 MHz, 13801 MHz, 22426 MiB, 100 %, P1
2026/06/11 16:20:48.282, 316.98 W, 52, 2850 MHz, 13801 MHz, 22426 MiB, 100 %, P1
2026/06/11 16:20:49.296, 316.98 W, 52, 2850 MHz, 13801 MHz, 22426 MiB, 100 %, P1
2026/06/11 16:20:50.310, 316.98 W, 52, 2850 MHz, 13801 MHz, 22426 MiB, 100 %, P1
2026/06/11 16:20:51.315, 316.98 W, 52, 2850 MHz, 13801 MHz, 22426 MiB, 100 %, P1
2026/06/11 16:20:52.329, 316.98 W, 52, 2850 MHz, 13801 MHz, 22426 MiB, 100 %, P1
2026/06/11 16:20:53.347, 316.98 W, 52, 2850 MHz, 13801 MHz, 22426 MiB, 100 %, P1
2026/06/11 16:20:54.348, 316.98 W, 52, 2850 MHz, 13801 MHz, 22426 MiB, 100 %, P1
2026/06/11 16:20:55.348, 316.98 W, 52, 2850 MHz, 13801 MHz, 22426 MiB, 100 %, P1
2026/06/11 16:20:56.349, 316.98 W, 52, 2850 MHz, 13801 MHz, 22426 MiB, 100 %, P1
2026/06/11 16:20:57.363, 316.98 W, 52, 2850 MHz, 13801 MHz, 22426 MiB, 100 %, P1
2026/06/11 16:20:58.365, 316.98 W, 52, 2850 MHz, 13801 MHz, 22426 MiB, 100 %, P1
2026/06/11 16:20:59.366, 316.98 W, 52, 2850 MHz, 13801 MHz, 22426 MiB, 100 %, P1
2026/06/11 16:21:00.374, 316.98 W, 52, 2850 MHz, 13801 MHz, 22426 MiB, 100 %, P1
2026/06/11 16:21:01.381, 316.98 W, 52, 2850 MHz, 13801 MHz, 22426 MiB, 100 %, P1
2026/06/11 16:21:02.384, 316.98 W, 52, 2850 MHz, 13801 MHz, 22426 MiB, 100 %, P1
2026/06/11 16:21:03.397, 316.98 W, 52, 2850 MHz, 13801 MHz, 22426 MiB, 100 %, P1
2026/06/11 16:21:04.398, 316.98 W, 52, 2850 MHz, 13801 MHz, 22426 MiB, 100 %, P1
2026/06/11 16:21:05.399, 316.98 W, 52, 2850 MHz, 13801 MHz, 22426 MiB, 100 %, P1
2026/06/11 16:21:06.414, 316.98 W, 52, 2850 MHz, 13801 MHz, 22426 MiB, 100 %, P1
2026/06/11 16:21:07.414, 316.98 W, 52, 2850 MHz, 13801 MHz, 22426 MiB, 100 %, P1
2026/06/11 16:21:08.415, 316.98 W, 52, 2850 MHz, 13801 MHz, 22426 MiB, 100 %, P1
2026/06/11 16:21:09.415, 316.98 W, 52, 2850 MHz, 13801 MHz, 22426 MiB, 100 %, P1
2026/06/11 16:21:10.432, 316.98 W, 52, 2850 MHz, 13801 MHz, 22426 MiB, 100 %, P1
2026/06/11 16:21:11.447, 316.98 W, 52, 2850 MHz, 13801 MHz, 22426 MiB, 100 %, P1
2026/06/11 16:21:12.448, 316.98 W, 52, 2850 MHz, 13801 MHz, 22426 MiB, 100 %, P1
2026/06/11 16:21:13.462, 316.98 W, 52, 2850 MHz, 13801 MHz, 22426 MiB, 100 %, P1
2026/06/11 16:21:14.464, 316.98 W, 52, 2850 MHz, 13801 MHz, 22426 MiB, 100 %, P1
2026/06/11 16:21:15.472, 316.98 W, 52, 2850 MHz, 13801 MHz, 22426 MiB, 100 %, P1
2026/06/11 16:21:16.473, 316.98 W, 52, 2850 MHz, 13801 MHz, 22426 MiB, 100 %, P1
2026/06/11 16:21:17.475, 316.98 W, 52, 2850 MHz, 13801 MHz, 22426 MiB, 100 %, P1
2026/06/11 16:21:18.478, 316.98 W, 52, 2850 MHz, 13801 MHz, 22426 MiB, 100 %, P1
2026/06/11 16:21:19.480, 316.98 W, 52, 2850 MHz, 13801 MHz, 22426 MiB, 100 %, P1
2026/06/11 16:21:20.482, 316.98 W, 52, 2850 MHz, 13801 MHz, 22426 MiB, 100 %, P1
2026/06/11 16:21:21.482, 316.98 W, 52, 2850 MHz, 13801 MHz, 22426 MiB, 100 %, P1
2026/06/11 16:21:22.483, 316.98 W, 52, 2850 MHz, 13801 MHz, 22426 MiB, 100 %, P1
2026/06/11 16:21:23.485, 316.98 W, 52, 2850 MHz, 13801 MHz, 22426 MiB, 100 %, P1
2026/06/11 16:21:24.486, 316.98 W, 52, 2850 MHz, 13801 MHz, 22426 MiB, 100 %, P1
2026/06/11 16:21:25.488, 316.98 W, 52, 2850 MHz, 13801 MHz, 22426 MiB, 100 %, P1
2026/06/11 16:21:26.503, 316.98 W, 52, 2850 MHz, 13801 MHz, 22426 MiB, 100 %, P1
2026/06/11 16:21:27.518, 316.98 W, 52, 2850 MHz, 13801 MHz, 22426 MiB, 100 %, P1
2026/06/11 16:21:28.534, 316.98 W, 52, 2850 MHz, 13801 MHz, 22426 MiB, 100 %, P1
2026/06/11 16:21:29.535, 316.98 W, 52, 2850 MHz, 13801 MHz, 22426 MiB, 100 %, P1
2026/06/11 16:21:30.551, 316.98 W, 52, 2850 MHz, 13801 MHz, 22426 MiB, 100 %, P1
2026/06/11 16:21:31.552, 316.98 W, 52, 2850 MHz, 13801 MHz, 22426 MiB, 100 %, P1
2026/06/11 16:21:32.566, 316.98 W, 52, 2850 MHz, 13801 MHz, 22426 MiB, 100 %, P1
2026/06/11 16:21:33.582, 316.98 W, 52, 2850 MHz, 13801 MHz, 22426 MiB, 100 %, P1
2026/06/11 16:21:34.596, 316.98 W, 52, 2850 MHz, 13801 MHz, 22426 MiB, 100 %, P1
2026/06/11 16:21:35.598, 316.98 W, 52, 2850 MHz, 13801 MHz, 22426 MiB, 100 %, P1
2026/06/11 16:21:36.611, 316.98 W, 52, 2850 MHz, 13801 MHz, 22426 MiB, 100 %, P1
2026/06/11 16:21:37.625, 316.98 W, 52, 2850 MHz, 13801 MHz, 22426 MiB, 100 %, P1
2026/06/11 16:21:38.627, 316.98 W, 52, 2850 MHz, 13801 MHz, 22426 MiB, 100 %, P1
2026/06/11 16:21:39.628, 316.98 W, 52, 2850 MHz, 13801 MHz, 22426 MiB, 100 %, P1
2026/06/11 16:21:40.629, 316.98 W, 52, 2850 MHz, 13801 MHz, 22426 MiB, 100 %, P1
2026/06/11 16:21:41.629, 316.98 W, 52, 2850 MHz, 13801 MHz, 22426 MiB, 100 %, P1
2026/06/11 16:21:42.645, 316.98 W, 52, 2850 MHz, 13801 MHz, 22426 MiB, 100 %, P1
2026/06/11 16:21:43.646, 316.98 W, 52, 2850 MHz, 13801 MHz, 22426 MiB, 100 %, P1
2026/06/11 16:21:44.658, 316.98 W, 52, 2850 MHz, 13801 MHz, 22426 MiB, 100 %, P1
2026/06/11 16:21:45.674, 316.98 W, 52, 2850 MHz, 13801 MHz, 22426 MiB, 100 %, P1
2026/06/11 16:21:46.688, 316.98 W, 52, 2850 MHz, 13801 MHz, 22426 MiB, 100 %, P1
2026/06/11 16:21:47.702, 316.98 W, 52, 2850 MHz, 13801 MHz, 22426 MiB, 100 %, P1
2026/06/11 16:21:48.718, 316.98 W, 52, 2850 MHz, 13801 MHz, 22426 MiB, 100 %, P1
2026/06/11 16:21:49.720, 316.98 W, 52, 2850 MHz, 13801 MHz, 22426 MiB, 100 %, P1
2026/06/11 16:21:50.721, 316.98 W, 52, 2850 MHz, 13801 MHz, 22426 MiB, 100 %, P1
2026/06/11 16:21:51.736, 316.98 W, 52, 2850 MHz, 13801 MHz, 22426 MiB, 100 %, P1
2026/06/11 16:21:52.737, 316.98 W, 52, 2850 MHz, 13801 MHz, 22426 MiB, 100 %, P1
2026/06/11 16:21:53.738, 316.98 W, 52, 2850 MHz, 13801 MHz, 22426 MiB, 100 %, P1
2026/06/11 16:21:54.753, 316.98 W, 52, 2850 MHz, 13801 MHz, 22426 MiB, 100 %, P1
2026/06/11 16:21:55.767, 316.98 W, 52, 2850 MHz, 13801 MHz, 22426 MiB, 100 %, P1
2026/06/11 16:21:56.782, 316.98 W, 52, 2850 MHz, 13801 MHz, 22426 MiB, 100 %, P1
2026/06/11 16:21:57.783, 316.98 W, 52, 2850 MHz, 13801 MHz, 22426 MiB, 100 %, P1
2026/06/11 16:21:58.785, 316.98 W, 52, 2850 MHz, 13801 MHz, 22426 MiB, 100 %, P1
2026/06/11 16:21:59.801, 316.98 W, 52, 2850 MHz, 13801 MHz, 22426 MiB, 100 %, P1
2026/06/11 16:22:00.803, 316.98 W, 52, 2850 MHz, 13801 MHz, 22426 MiB, 100 %, P1
2026/06/11 16:22:01.804, 316.98 W, 52, 2850 MHz, 13801 MHz, 22426 MiB, 100 %, P1
2026/06/11 16:22:02.804, 316.98 W, 52, 2850 MHz, 13801 MHz, 22426 MiB, 100 %, P1
2026/06/11 16:22:03.819, 316.98 W, 52, 2850 MHz, 13801 MHz, 22426 MiB, 100 %, P1
2026/06/11 16:22:04.834, 316.98 W, 52, 2850 MHz, 13801 MHz, 22426 MiB, 100 %, P1
2026/06/11 16:22:05.847, 316.98 W, 52, 2850 MHz, 13801 MHz, 22426 MiB, 100 %, P1
2026/06/11 16:22:06.863, 316.98 W, 52, 2850 MHz, 13801 MHz, 22426 MiB, 100 %, P1
2026/06/11 16:22:07.863, 316.98 W, 52, 2850 MHz, 13801 MHz, 22426 MiB, 100 %, P1
2026/06/11 16:22:08.878, 316.98 W, 52, 2850 MHz, 13801 MHz, 22426 MiB, 100 %, P1
2026/06/11 16:22:09.880, 316.98 W, 52, 2850 MHz, 13801 MHz, 22426 MiB, 100 %, P1
2026/06/11 16:22:10.895, 316.98 W, 52, 2850 MHz, 13801 MHz, 22426 MiB, 100 %, P1
2026/06/11 16:22:11.898, 316.98 W, 52, 2850 MHz, 13801 MHz, 22426 MiB, 100 %, P1
2026/06/11 16:22:12.899, 316.98 W, 52, 2850 MHz, 13801 MHz, 22426 MiB, 100 %, P1
2026/06/11 16:22:13.899, 316.98 W, 52, 2850 MHz, 13801 MHz, 22426 MiB, 100 %, P1
2026/06/11 16:22:14.912, 316.98 W, 52, 2850 MHz, 13801 MHz, 22426 MiB, 100 %, P1
2026/06/11 16:22:15.912, 316.98 W, 52, 2850 MHz, 13801 MHz, 22426 MiB, 100 %, P1
2026/06/11 16:22:16.926, 316.98 W, 52, 2850 MHz, 13801 MHz, 22426 MiB, 100 %, P1
2026/06/11 16:22:17.926, 316.98 W, 52, 2850 MHz, 13801 MHz, 22426 MiB, 100 %, P1
2026/06/11 16:22:18.930, 316.98 W, 52, 2850 MHz, 13801 MHz, 22426 MiB, 100 %, P1
2026/06/11 16:22:19.932, 316.98 W, 52, 2850 MHz, 13801 MHz, 22426 MiB, 100 %, P1
2026/06/11 16:22:20.947, 316.98 W, 52, 2850 MHz, 13801 MHz, 22426 MiB, 100 %, P1
2026/06/11 16:22:21.965, 316.98 W, 52, 2850 MHz, 13801 MHz, 22426 MiB, 100 %, P1
2026/06/11 16:22:22.980, 316.98 W, 52, 2850 MHz, 13801 MHz, 22426 MiB, 100 %, P1
2026/06/11 16:22:23.995, 316.98 W, 52, 2850 MHz, 13801 MHz, 22426 MiB, 100 %, P1
2026/06/11 16:22:25.010, 316.98 W, 52, 2850 MHz, 13801 MHz, 22426 MiB, 100 %, P1
2026/06/11 16:22:26.012, 316.98 W, 52, 2850 MHz, 13801 MHz, 22426 MiB, 100 %, P1
2026/06/11 16:22:27.028, 316.98 W, 52, 2850 MHz, 13801 MHz, 22426 MiB, 100 %, P1
2026/06/11 16:22:28.029, 316.98 W, 52, 2850 MHz, 13801 MHz, 22426 MiB, 100 %, P1
2026/06/11 16:22:29.032, 316.98 W, 52, 2850 MHz, 13801 MHz, 22426 MiB, 100 %, P1
2026/06/11 16:22:30.034, 316.98 W, 52, 2850 MHz, 13801 MHz, 22426 MiB, 100 %, P1
2026/06/11 16:22:31.050, 316.98 W, 52, 2850 MHz, 13801 MHz, 22426 MiB, 100 %, P1
2026/06/11 16:22:32.065, 316.98 W, 52, 2850 MHz, 13801 MHz, 22426 MiB, 100 %, P1
2026/06/11 16:22:33.081, 316.98 W, 52, 2850 MHz, 13801 MHz, 22426 MiB, 100 %, P1
2026/06/11 16:22:34.082, 316.98 W, 52, 2850 MHz, 13801 MHz, 22426 MiB, 100 %, P1
2026/06/11 16:22:35.083, 316.98 W, 52, 2850 MHz, 13801 MHz, 22426 MiB, 100 %, P1
2026/06/11 16:22:36.098, 316.98 W, 52, 2850 MHz, 13801 MHz, 22426 MiB, 100 %, P1
2026/06/11 16:22:37.114, 316.98 W, 52, 2850 MHz, 13801 MHz, 22426 MiB, 100 %, P1
2026/06/11 16:22:38.115, 316.98 W, 52, 2850 MHz, 13801 MHz, 22426 MiB, 100 %, P1
2026/06/11 16:22:39.130, 316.98 W, 52, 2850 MHz, 13801 MHz, 22426 MiB, 100 %, P1
2026/06/11 16:22:40.131, 316.98 W, 52, 2850 MHz, 13801 MHz, 22426 MiB, 100 %, P1
2026/06/11 16:22:41.145, 316.98 W, 52, 2850 MHz, 13801 MHz, 22426 MiB, 100 %, P1
2026/06/11 16:22:42.161, 316.98 W, 52, 2850 MHz, 13801 MHz, 22426 MiB, 100 %, P1
2026/06/11 16:22:43.178, 316.98 W, 52, 2850 MHz, 13801 MHz, 22426 MiB, 100 %, P1
2026/06/11 16:22:44.180, 316.98 W, 52, 2850 MHz, 13801 MHz, 22426 MiB, 100 %, P1
2026/06/11 16:22:45.194, 316.98 W, 52, 2850 MHz, 13801 MHz, 22426 MiB, 100 %, P1
2026/06/11 16:22:46.209, 316.98 W, 52, 2850 MHz, 13801 MHz, 22426 MiB, 100 %, P1
2026/06/11 16:22:47.225, 316.98 W, 52, 2850 MHz, 13801 MHz, 22426 MiB, 100 %, P1
2026/06/11 16:22:48.228, 316.98 W, 52, 2850 MHz, 13801 MHz, 22426 MiB, 100 %, P1
2026/06/11 16:22:49.229, 316.98 W, 52, 2850 MHz, 13801 MHz, 22426 MiB, 100 %, P1
2026/06/11 16:22:50.229, 316.98 W, 52, 2850 MHz, 13801 MHz, 22426 MiB, 100 %, P1
2026/06/11 16:22:51.245, 316.98 W, 52, 2850 MHz, 13801 MHz, 22426 MiB, 100 %, P1
2026/06/11 16:22:52.259, 316.98 W, 52, 2850 MHz, 13801 MHz, 22426 MiB, 100 %, P1
2026/06/11 16:22:53.275, 316.98 W, 52, 2850 MHz, 13801 MHz, 22426 MiB, 100 %, P1
2026/06/11 16:22:54.276, 316.98 W, 52, 2850 MHz, 13801 MHz, 22426 MiB, 100 %, P1
2026/06/11 16:22:55.291, 316.98 W, 52, 2850 MHz, 13801 MHz, 22426 MiB, 100 %, P1
2026/06/11 16:22:56.293, 316.98 W, 52, 2850 MHz, 13801 MHz, 22426 MiB, 100 %, P1
2026/06/11 16:22:57.299, 316.98 W, 52, 2850 MHz, 13801 MHz, 22426 MiB, 100 %, P1
2026/06/11 16:22:58.299, 316.98 W, 52, 2850 MHz, 13801 MHz, 22426 MiB, 100 %, P1
2026/06/11 16:22:59.300, 316.98 W, 52, 2850 MHz, 13801 MHz, 22426 MiB, 100 %, P1
2026/06/11 16:23:00.301, 316.98 W, 52, 2850 MHz, 13801 MHz, 22426 MiB, 100 %, P1
2026/06/11 16:23:01.310, 316.98 W, 52, 2850 MHz, 13801 MHz, 22426 MiB, 100 %, P1
2026/06/11 16:23:02.324, 316.98 W, 52, 2850 MHz, 13801 MHz, 22426 MiB, 100 %, P1
2026/06/11 16:23:03.339, 316.98 W, 52, 2850 MHz, 13801 MHz, 22426 MiB, 100 %, P1
2026/06/11 16:23:04.354, 316.98 W, 52, 2850 MHz, 13801 MHz, 22426 MiB, 100 %, P1
2026/06/11 16:23:05.369, 316.98 W, 52, 2850 MHz, 13801 MHz, 22426 MiB, 100 %, P1
2026/06/11 16:23:06.371, 316.98 W, 52, 2850 MHz, 13801 MHz, 22426 MiB, 100 %, P1
2026/06/11 16:23:07.372, 316.98 W, 52, 2850 MHz, 13801 MHz, 22426 MiB, 100 %, P1
2026/06/11 16:23:08.388, 316.98 W, 52, 2850 MHz, 13801 MHz, 22426 MiB, 100 %, P1
2026/06/11 16:23:09.404, 316.98 W, 52, 2850 MHz, 13801 MHz, 22426 MiB, 100 %, P1
2026/06/11 16:23:10.415, 316.98 W, 52, 2850 MHz, 13801 MHz, 22426 MiB, 100 %, P1
2026/06/11 16:23:11.428, 316.98 W, 52, 2850 MHz, 13801 MHz, 22426 MiB, 100 %, P1
2026/06/11 16:23:12.443, 316.98 W, 52, 2850 MHz, 13801 MHz, 22426 MiB, 100 %, P1
2026/06/11 16:23:13.459, 316.98 W, 52, 2850 MHz, 13801 MHz, 22426 MiB, 100 %, P1
2026/06/11 16:23:14.475, 316.98 W, 52, 2850 MHz, 13801 MHz, 22426 MiB, 100 %, P1
2026/06/11 16:23:15.489, 316.98 W, 52, 2850 MHz, 13801 MHz, 22426 MiB, 100 %, P1
2026/06/11 16:23:16.490, 316.98 W, 52, 2850 MHz, 13801 MHz, 22426 MiB, 100 %, P1
2026/06/11 16:23:17.491, 316.98 W, 52, 2850 MHz, 13801 MHz, 22426 MiB, 100 %, P1
2026/06/11 16:23:18.496, 316.98 W, 52, 2850 MHz, 13801 MHz, 22426 MiB, 100 %, P1
2026/06/11 16:23:19.510, 316.98 W, 52, 2850 MHz, 13801 MHz, 22426 MiB, 100 %, P1
2026/06/11 16:23:20.525, 316.98 W, 52, 2850 MHz, 13801 MHz, 22426 MiB, 100 %, P1
2026/06/11 16:23:21.540, 316.98 W, 52, 2850 MHz, 13801 MHz, 22426 MiB, 100 %, P1
2026/06/11 16:23:22.542, 316.98 W, 52, 2850 MHz, 13801 MHz, 22426 MiB, 100 %, P1
2026/06/11 16:23:23.544, 316.98 W, 52, 2850 MHz, 13801 MHz, 22426 MiB, 100 %, P1
2026/06/11 16:23:24.546, 316.98 W, 52, 2850 MHz, 13801 MHz, 22426 MiB, 100 %, P1
2026/06/11 16:23:25.546, 316.98 W, 52, 2850 MHz, 13801 MHz, 22426 MiB, 100 %, P1
2026/06/11 16:23:26.547, 316.98 W, 52, 2850 MHz, 13801 MHz, 22426 MiB, 100 %, P1
2026/06/11 16:23:27.547, 316.98 W, 52, 2850 MHz, 13801 MHz, 22426 MiB, 100 %, P1
2026/06/11 16:23:28.548, 316.98 W, 52, 2850 MHz, 13801 MHz, 22426 MiB, 100 %, P1
2026/06/11 16:23:29.562, 316.98 W, 52, 2850 MHz, 13801 MHz, 22426 MiB, 100 %, P1
2026/06/11 16:23:30.562, 316.98 W, 52, 2850 MHz, 13801 MHz, 22426 MiB, 100 %, P1
2026/06/11 16:23:31.578, 316.98 W, 52, 2850 MHz, 13801 MHz, 22426 MiB, 100 %, P1
2026/06/11 16:23:32.579, 316.98 W, 52, 2850 MHz, 13801 MHz, 22426 MiB, 100 %, P1
2026/06/11 16:23:33.594, 316.98 W, 52, 2850 MHz, 13801 MHz, 22426 MiB, 100 %, P1
2026/06/11 16:23:34.597, 316.98 W, 52, 2850 MHz, 13801 MHz, 22426 MiB, 100 %, P1
2026/06/11 16:23:35.598, 316.98 W, 52, 2850 MHz, 13801 MHz, 22426 MiB, 100 %, P1
2026/06/11 16:23:36.613, 316.98 W, 52, 2850 MHz, 13801 MHz, 22426 MiB, 100 %, P1
2026/06/11 16:23:37.629, 316.98 W, 52, 2850 MHz, 13801 MHz, 22426 MiB, 100 %, P1
2026/06/11 16:23:38.630, 316.98 W, 52, 2850 MHz, 13801 MHz, 22426 MiB, 100 %, P1
2026/06/11 16:23:39.644, 316.98 W, 52, 2850 MHz, 13801 MHz, 22426 MiB, 100 %, P1
2026/06/11 16:23:40.660, 316.98 W, 52, 2850 MHz, 13801 MHz, 22426 MiB, 100 %, P1
2026/06/11 16:23:41.660, 316.98 W, 52, 2850 MHz, 13801 MHz, 22426 MiB, 100 %, P1
2026/06/11 16:23:42.662, 316.98 W, 52, 2850 MHz, 13801 MHz, 22426 MiB, 100 %, P1
2026/06/11 16:23:43.663, 316.98 W, 52, 2850 MHz, 13801 MHz, 22426 MiB, 100 %, P1
2026/06/11 16:23:44.665, 316.98 W, 52, 2850 MHz, 13801 MHz, 22426 MiB, 100 %, P1
2026/06/11 16:23:45.679, 316.98 W, 52, 2850 MHz, 13801 MHz, 22426 MiB, 100 %, P1
2026/06/11 16:23:46.682, 316.98 W, 52, 2850 MHz, 13801 MHz, 22426 MiB, 100 %, P1
2026/06/11 16:23:47.697, 316.98 W, 52, 2850 MHz, 13801 MHz, 22426 MiB, 100 %, P1
2026/06/11 16:23:48.710, 316.98 W, 52, 2850 MHz, 13801 MHz, 22426 MiB, 100 %, P1
2026/06/11 16:23:49.715, 316.98 W, 52, 2850 MHz, 13801 MHz, 22426 MiB, 100 %, P1
2026/06/11 16:23:50.721, 316.98 W, 52, 2850 MHz, 13801 MHz, 22426 MiB, 100 %, P1
2026/06/11 16:23:51.729, 316.98 W, 52, 2850 MHz, 13801 MHz, 22426 MiB, 100 %, P1
2026/06/11 16:23:52.731, 316.98 W, 52, 2850 MHz, 13801 MHz, 22426 MiB, 100 %, P1
2026/06/11 16:23:53.746, 316.98 W, 52, 2850 MHz, 13801 MHz, 22426 MiB, 100 %, P1
2026/06/11 16:23:54.752, 316.98 W, 52, 2850 MHz, 13801 MHz, 22426 MiB, 100 %, P1
2026/06/11 16:23:55.760, 316.98 W, 52, 2850 MHz, 13801 MHz, 22426 MiB, 100 %, P1
2026/06/11 16:23:56.764, 316.98 W, 52, 2850 MHz, 13801 MHz, 22426 MiB, 100 %, P1
2026/06/11 16:23:57.780, 316.98 W, 52, 2850 MHz, 13801 MHz, 22426 MiB, 100 %, P1
2026/06/11 16:23:58.788, 316.98 W, 52, 2850 MHz, 13801 MHz, 22426 MiB, 100 %, P1
2026/06/11 16:23:59.798, 316.98 W, 52, 2850 MHz, 13801 MHz, 22426 MiB, 100 %, P1
2026/06/11 16:24:00.810, 316.98 W, 52, 2850 MHz, 13801 MHz, 22426 MiB, 100 %, P1
2026/06/11 16:24:01.811, 316.98 W, 52, 2850 MHz, 13801 MHz, 22426 MiB, 100 %, P1
2026/06/11 16:24:02.814, 316.98 W, 52, 2850 MHz, 13801 MHz, 22426 MiB, 100 %, P1
2026/06/11 16:24:03.815, 316.98 W, 52, 2850 MHz, 13801 MHz, 22426 MiB, 100 %, P1
2026/06/11 16:24:04.829, 316.98 W, 52, 2850 MHz, 13801 MHz, 22426 MiB, 100 %, P1
2026/06/11 16:24:05.832, 316.98 W, 52, 2850 MHz, 13801 MHz, 22426 MiB, 100 %, P1
2026/06/11 16:24:06.846, 316.98 W, 52, 2850 MHz, 13801 MHz, 22426 MiB, 100 %, P1
2026/06/11 16:24:07.848, 316.98 W, 52, 2850 MHz, 13801 MHz, 22426 MiB, 100 %, P1
2026/06/11 16:24:08.864, 316.98 W, 52, 2850 MHz, 13801 MHz, 22426 MiB, 100 %, P1
2026/06/11 16:24:09.880, 316.98 W, 52, 2850 MHz, 13801 MHz, 22426 MiB, 100 %, P1
2026/06/11 16:24:10.881, 316.98 W, 52, 2850 MHz, 13801 MHz, 22426 MiB, 100 %, P1
2026/06/11 16:24:11.882, 316.98 W, 52, 2850 MHz, 13801 MHz, 22426 MiB, 100 %, P1
2026/06/11 16:24:12.896, 316.98 W, 52, 2850 MHz, 13801 MHz, 22426 MiB, 100 %, P1
2026/06/11 16:24:13.899, 316.98 W, 52, 2850 MHz, 13801 MHz, 22426 MiB, 100 %, P1
2026/06/11 16:24:14.915, 316.98 W, 52, 2850 MHz, 13801 MHz, 22426 MiB, 100 %, P1
2026/06/11 16:24:15.929, 316.98 W, 52, 2850 MHz, 13801 MHz, 22426 MiB, 100 %, P1
2026/06/11 16:24:16.932, 316.98 W, 52, 2850 MHz, 13801 MHz, 22426 MiB, 100 %, P1
2026/06/11 16:24:17.933, 316.98 W, 52, 2850 MHz, 13801 MHz, 22426 MiB, 100 %, P1
2026/06/11 16:24:18.933, 316.98 W, 52, 2850 MHz, 13801 MHz, 22426 MiB, 100 %, P1
2026/06/11 16:24:19.948, 316.98 W, 52, 2850 MHz, 13801 MHz, 22426 MiB, 100 %, P1
2026/06/11 16:24:20.963, 316.98 W, 52, 2850 MHz, 13801 MHz, 22426 MiB, 100 %, P1
2026/06/11 16:24:21.965, 316.98 W, 52, 2850 MHz, 13801 MHz, 22426 MiB, 100 %, P1
2026/06/11 16:24:22.980, 316.98 W, 52, 2850 MHz, 13801 MHz, 22426 MiB, 100 %, P1
2026/06/11 16:24:23.981, 316.98 W, 52, 2850 MHz, 13801 MHz, 22426 MiB, 100 %, P1
2026/06/11 16:24:24.981, 316.98 W, 52, 2850 MHz, 13801 MHz, 22426 MiB, 100 %, P1
2026/06/11 16:24:25.996, 316.98 W, 52, 2850 MHz, 13801 MHz, 22426 MiB, 100 %, P1
2026/06/11 16:24:26.998, 316.98 W, 52, 2850 MHz, 13801 MHz, 22426 MiB, 100 %, P1
2026/06/11 16:24:27.998, 316.98 W, 52, 2850 MHz, 13801 MHz, 22426 MiB, 100 %, P1
2026/06/11 16:24:29.013, 316.98 W, 52, 2850 MHz, 13801 MHz, 22426 MiB, 100 %, P1
2026/06/11 16:24:30.014, 316.98 W, 52, 2850 MHz, 13801 MHz, 22426 MiB, 100 %, P1
2026/06/11 16:24:31.015, 316.98 W, 52, 2850 MHz, 13801 MHz, 22426 MiB, 100 %, P1
2026/06/11 16:24:32.027, 316.98 W, 52, 2850 MHz, 13801 MHz, 22426 MiB, 100 %, P1
2026/06/11 16:24:33.030, 316.98 W, 52, 2850 MHz, 13801 MHz, 22426 MiB, 100 %, P1
2026/06/11 16:24:34.031, 316.98 W, 52, 2850 MHz, 13801 MHz, 22426 MiB, 100 %, P1
2026/06/11 16:24:35.041, 316.98 W, 52, 2850 MHz, 13801 MHz, 22426 MiB, 100 %, P1
2026/06/11 16:24:36.044, 316.98 W, 52, 2850 MHz, 13801 MHz, 22426 MiB, 100 %, P1
2026/06/11 16:24:37.047, 316.98 W, 52, 2850 MHz, 13801 MHz, 22426 MiB, 100 %, P1
2026/06/11 16:24:38.050, 316.98 W, 52, 2850 MHz, 13801 MHz, 22426 MiB, 100 %, P1
2026/06/11 16:24:39.053, 316.98 W, 52, 2850 MHz, 13801 MHz, 22426 MiB, 100 %, P1
2026/06/11 16:24:40.056, 316.98 W, 52, 2850 MHz, 13801 MHz, 22426 MiB, 100 %, P1
2026/06/11 16:24:41.059, 316.98 W, 52, 2850 MHz, 13801 MHz, 22426 MiB, 100 %, P1
2026/06/11 16:24:42.062, 316.98 W, 52, 2850 MHz, 13801 MHz, 22426 MiB, 100 %, P1
2026/06/11 16:24:43.065, 316.98 W, 52, 2850 MHz, 13801 MHz, 22426 MiB, 100 %, P1
2026/06/11 16:24:44.074, 316.98 W, 52, 2850 MHz, 13801 MHz, 22426 MiB, 100 %, P1
2026/06/11 16:24:45.077, 316.98 W, 52, 2850 MHz, 13801 MHz, 22426 MiB, 100 %, P1
2026/06/11 16:24:46.080, 316.98 W, 52, 2850 MHz, 13801 MHz, 22426 MiB, 100 %, P1
2026/06/11 16:24:47.083, 316.98 W, 52, 2850 MHz, 13801 MHz, 22426 MiB, 100 %, P1
2026/06/11 16:24:48.086, 316.98 W, 52, 2850 MHz, 13801 MHz, 22426 MiB, 100 %, P1
2026/06/11 16:24:49.088, 316.98 W, 52, 2850 MHz, 13801 MHz, 22426 MiB, 100 %, P1
2026/06/11 16:24:50.092, 316.98 W, 52, 2850 MHz, 13801 MHz, 22426 MiB, 100 %, P1
2026/06/11 16:24:51.095, 316.98 W, 52, 2850 MHz, 13801 MHz, 22426 MiB, 100 %, P1
2026/06/11 16:24:52.098, 316.98 W, 52, 2850 MHz, 13801 MHz, 22426 MiB, 100 %, P1
2026/06/11 16:24:53.098, 316.98 W, 52, 2850 MHz, 13801 MHz, 22426 MiB, 100 %, P1
2026/06/11 16:24:54.111, 316.98 W, 52, 2850 MHz, 13801 MHz, 22426 MiB, 100 %, P1
2026/06/11 16:24:55.112, 316.98 W, 52, 2850 MHz, 13801 MHz, 22426 MiB, 100 %, P1
2026/06/11 16:24:56.115, 316.98 W, 52, 2850 MHz, 13801 MHz, 22426 MiB, 100 %, P1
2026/06/11 16:24:57.117, 316.98 W, 52, 2850 MHz, 13801 MHz, 22426 MiB, 100 %, P1
2026/06/11 16:24:58.121, 316.98 W, 52, 2850 MHz, 13801 MHz, 22426 MiB, 100 %, P1
2026/06/11 16:24:59.123, 316.98 W, 52, 2850 MHz, 13801 MHz, 22426 MiB, 100 %, P1
2026/06/11 16:25:00.126, 316.98 W, 52, 2850 MHz, 13801 MHz, 22426 MiB, 100 %, P1
2026/06/11 16:25:01.129, 316.98 W, 52, 2850 MHz, 13801 MHz, 22426 MiB, 100 %, P1
2026/06/11 16:25:02.132, 316.98 W, 52, 2850 MHz, 13801 MHz, 22426 MiB, 100 %, P1
2026/06/11 16:25:03.141, 316.98 W, 52, 2850 MHz, 13801 MHz, 22426 MiB, 100 %, P1
2026/06/11 16:25:04.144, 316.98 W, 52, 2850 MHz, 13801 MHz, 22426 MiB, 100 %, P1
2026/06/11 16:25:05.147, 316.98 W, 52, 2850 MHz, 13801 MHz, 22426 MiB, 100 %, P1
2026/06/11 16:25:06.150, 316.98 W, 52, 2850 MHz, 13801 MHz, 22426 MiB, 100 %, P1
2026/06/11 16:25:07.153, 316.98 W, 52, 2850 MHz, 13801 MHz, 22426 MiB, 100 %, P1
2026/06/11 16:25:08.155, 316.98 W, 52, 2850 MHz, 13801 MHz, 22426 MiB, 100 %, P1
2026/06/11 16:25:09.158, 316.98 W, 52, 2850 MHz, 13801 MHz, 22426 MiB, 100 %, P1
2026/06/11 16:25:10.162, 316.98 W, 52, 2850 MHz, 13801 MHz, 22426 MiB, 100 %, P1
2026/06/11 16:25:11.165, 316.98 W, 52, 2850 MHz, 13801 MHz, 22426 MiB, 100 %, P1
2026/06/11 16:25:12.165, 316.98 W, 52, 2850 MHz, 13801 MHz, 22426 MiB, 100 %, P1
2026/06/11 16:25:13.177, 316.98 W, 52, 2850 MHz, 13801 MHz, 22426 MiB, 100 %, P1
2026/06/11 16:25:14.179, 316.98 W, 52, 2850 MHz, 13801 MHz, 22426 MiB, 100 %, P1
2026/06/11 16:25:15.181, 316.98 W, 52, 2850 MHz, 13801 MHz, 22426 MiB, 100 %, P1
2026/06/11 16:25:16.186, 316.98 W, 52, 2850 MHz, 13801 MHz, 22426 MiB, 100 %, P1
2026/06/11 16:25:17.188, 316.98 W, 52, 2850 MHz, 13801 MHz, 22426 MiB, 100 %, P1
2026/06/11 16:25:18.192, 316.98 W, 52, 2850 MHz, 13801 MHz, 22426 MiB, 100 %, P1
2026/06/11 16:25:19.194, 316.98 W, 52, 2850 MHz, 13801 MHz, 22426 MiB, 100 %, P1
2026/06/11 16:25:20.196, 316.98 W, 52, 2850 MHz, 13801 MHz, 22426 MiB, 100 %, P1
2026/06/11 16:25:21.197, 316.98 W, 52, 2850 MHz, 13801 MHz, 22426 MiB, 100 %, P1
2026/06/11 16:25:22.208, 316.98 W, 52, 2850 MHz, 13801 MHz, 22426 MiB, 100 %, P1
2026/06/11 16:25:23.211, 316.98 W, 52, 2850 MHz, 13801 MHz, 22426 MiB, 100 %, P1
2026/06/11 16:25:24.214, 316.98 W, 52, 2850 MHz, 13801 MHz, 22426 MiB, 100 %, P1
2026/06/11 16:25:25.217, 316.98 W, 52, 2850 MHz, 13801 MHz, 22426 MiB, 100 %, P1
2026/06/11 16:25:26.221, 316.98 W, 52, 2850 MHz, 13801 MHz, 22426 MiB, 100 %, P1
2026/06/11 16:25:27.222, 316.98 W, 52, 2850 MHz, 13801 MHz, 22426 MiB, 100 %, P1
2026/06/11 16:25:28.226, 316.98 W, 52, 2850 MHz, 13801 MHz, 22426 MiB, 100 %, P1
2026/06/11 16:25:29.229, 316.98 W, 52, 2850 MHz, 13801 MHz, 22426 MiB, 100 %, P1
2026/06/11 16:25:30.232, 316.98 W, 52, 2850 MHz, 13801 MHz, 22426 MiB, 100 %, P1
2026/06/11 16:25:31.243, 316.98 W, 52, 2850 MHz, 13801 MHz, 22426 MiB, 100 %, P1
2026/06/11 16:25:32.243, 316.98 W, 52, 2850 MHz, 13801 MHz, 22426 MiB, 100 %, P1
2026/06/11 16:25:33.246, 316.98 W, 52, 2850 MHz, 13801 MHz, 22426 MiB, 100 %, P1
2026/06/11 16:25:34.250, 316.98 W, 52, 2850 MHz, 13801 MHz, 22426 MiB, 100 %, P1
2026/06/11 16:25:35.251, 316.98 W, 52, 2850 MHz, 13801 MHz, 22426 MiB, 100 %, P1
2026/06/11 16:25:36.256, 316.98 W, 52, 2850 MHz, 13801 MHz, 22426 MiB, 100 %, P1
2026/06/11 16:25:37.258, 316.98 W, 52, 2850 MHz, 13801 MHz, 22426 MiB, 100 %, P1
2026/06/11 16:25:38.261, 316.98 W, 52, 2850 MHz, 13801 MHz, 22426 MiB, 100 %, P1
2026/06/11 16:25:39.264, 316.98 W, 52, 2850 MHz, 13801 MHz, 22426 MiB, 100 %, P1
2026/06/11 16:25:40.265, 316.98 W, 52, 2850 MHz, 13801 MHz, 22426 MiB, 100 %, P1
2026/06/11 16:25:41.276, 316.98 W, 52, 2850 MHz, 13801 MHz, 22426 MiB, 100 %, P1
2026/06/11 16:25:42.279, 316.98 W, 52, 2850 MHz, 13801 MHz, 22426 MiB, 100 %, P1
2026/06/11 16:25:43.282, 316.98 W, 52, 2850 MHz, 13801 MHz, 22426 MiB, 100 %, P1
2026/06/11 16:25:44.289, 316.98 W, 52, 2850 MHz, 13801 MHz, 22426 MiB, 100 %, P1
2026/06/11 16:25:45.303, 316.98 W, 52, 2850 MHz, 13801 MHz, 22426 MiB, 100 %, P1
2026/06/11 16:25:46.307, 316.98 W, 52, 2850 MHz, 13801 MHz, 22426 MiB, 100 %, P1
2026/06/11 16:25:47.310, 316.98 W, 52, 2850 MHz, 13801 MHz, 22426 MiB, 100 %, P1
2026/06/11 16:25:48.315, 316.98 W, 52, 2850 MHz, 13801 MHz, 22426 MiB, 100 %, P1
2026/06/11 16:25:49.331, 316.98 W, 52, 2850 MHz, 13801 MHz, 22426 MiB, 100 %, P1
2026/06/11 16:25:50.332, 316.98 W, 52, 2850 MHz, 13801 MHz, 22426 MiB, 100 %, P1
2026/06/11 16:25:51.343, 316.98 W, 52, 2850 MHz, 13801 MHz, 22426 MiB, 100 %, P1
2026/06/11 16:25:52.345, 316.98 W, 52, 2850 MHz, 13801 MHz, 22426 MiB, 100 %, P1
2026/06/11 16:25:53.348, 316.98 W, 52, 2850 MHz, 13801 MHz, 22426 MiB, 100 %, P1
2026/06/11 16:25:54.352, 316.98 W, 52, 2850 MHz, 13801 MHz, 22426 MiB, 100 %, P1
2026/06/11 16:25:55.354, 316.98 W, 52, 2850 MHz, 13801 MHz, 22426 MiB, 100 %, P1
2026/06/11 16:25:56.357, 316.98 W, 52, 2850 MHz, 13801 MHz, 22426 MiB, 100 %, P1
2026/06/11 16:25:57.360, 316.98 W, 52, 2850 MHz, 13801 MHz, 22426 MiB, 100 %, P1
2026/06/11 16:25:58.362, 316.98 W, 52, 2850 MHz, 13801 MHz, 22426 MiB, 100 %, P1
2026/06/11 16:25:59.364, 316.98 W, 52, 2850 MHz, 13801 MHz, 22426 MiB, 100 %, P1
2026/06/11 16:26:00.374, 316.98 W, 52, 2850 MHz, 13801 MHz, 22426 MiB, 100 %, P1
2026/06/11 16:26:01.378, 316.98 W, 52, 2850 MHz, 13801 MHz, 22426 MiB, 100 %, P1
2026/06/11 16:26:02.380, 316.98 W, 52, 2850 MHz, 13801 MHz, 22426 MiB, 100 %, P1
2026/06/11 16:26:03.384, 316.98 W, 52, 2850 MHz, 13801 MHz, 22426 MiB, 100 %, P1
2026/06/11 16:26:04.387, 316.98 W, 52, 2850 MHz, 13801 MHz, 22426 MiB, 100 %, P1
2026/06/11 16:26:05.390, 316.98 W, 52, 2850 MHz, 13801 MHz, 22426 MiB, 100 %, P1
2026/06/11 16:26:06.392, 316.98 W, 52, 2850 MHz, 13801 MHz, 22426 MiB, 100 %, P1
2026/06/11 16:26:07.395, 316.98 W, 52, 2850 MHz, 13801 MHz, 22426 MiB, 100 %, P1
2026/06/11 16:26:08.398, 316.98 W, 52, 2850 MHz, 13801 MHz, 22426 MiB, 100 %, P1
2026/06/11 16:26:09.399, 316.98 W, 52, 2850 MHz, 13801 MHz, 22426 MiB, 100 %, P1
2026/06/11 16:26:10.409, 316.98 W, 52, 2850 MHz, 13801 MHz, 22426 MiB, 100 %, P1
2026/06/11 16:26:11.413, 316.98 W, 52, 2850 MHz, 13801 MHz, 22426 MiB, 100 %, P1
2026/06/11 16:26:12.416, 316.98 W, 52, 2850 MHz, 13801 MHz, 22426 MiB, 100 %, P1
2026/06/11 16:26:13.418, 316.98 W, 52, 2850 MHz, 13801 MHz, 22426 MiB, 100 %, P1
2026/06/11 16:26:14.421, 316.98 W, 52, 2850 MHz, 13801 MHz, 22426 MiB, 100 %, P1
2026/06/11 16:26:15.425, 316.98 W, 52, 2850 MHz, 13801 MHz, 22426 MiB, 100 %, P1
2026/06/11 16:26:16.428, 316.98 W, 52, 2850 MHz, 13801 MHz, 22426 MiB, 100 %, P1
2026/06/11 16:26:17.430, 316.98 W, 52, 2850 MHz, 13801 MHz, 22426 MiB, 100 %, P1
2026/06/11 16:26:18.430, 316.98 W, 52, 2850 MHz, 13801 MHz, 22426 MiB, 100 %, P1
2026/06/11 16:26:19.442, 316.98 W, 52, 2850 MHz, 13801 MHz, 22426 MiB, 100 %, P1
2026/06/11 16:26:20.444, 316.98 W, 52, 2850 MHz, 13801 MHz, 22426 MiB, 100 %, P1
2026/06/11 16:26:21.447, 316.98 W, 52, 2850 MHz, 13801 MHz, 22426 MiB, 100 %, P1
2026/06/11 16:26:22.451, 316.98 W, 52, 2850 MHz, 13801 MHz, 22426 MiB, 100 %, P1
2026/06/11 16:26:23.453, 316.98 W, 52, 2850 MHz, 13801 MHz, 22426 MiB, 100 %, P1
2026/06/11 16:26:24.457, 316.98 W, 52, 2850 MHz, 13801 MHz, 22426 MiB, 100 %, P1
2026/06/11 16:26:25.459, 316.98 W, 52, 2850 MHz, 13801 MHz, 22426 MiB, 100 %, P1
2026/06/11 16:26:26.463, 316.98 W, 52, 2850 MHz, 13801 MHz, 22426 MiB, 100 %, P1
2026/06/11 16:26:27.465, 316.98 W, 52, 2850 MHz, 13801 MHz, 22426 MiB, 100 %, P1
2026/06/11 16:26:28.474, 316.98 W, 52, 2850 MHz, 13801 MHz, 22426 MiB, 100 %, P1
2026/06/11 16:26:29.476, 316.98 W, 52, 2850 MHz, 13801 MHz, 22426 MiB, 100 %, P1
2026/06/11 16:26:30.479, 316.98 W, 52, 2850 MHz, 13801 MHz, 22426 MiB, 100 %, P1
2026/06/11 16:26:31.482, 316.98 W, 52, 2850 MHz, 13801 MHz, 22426 MiB, 100 %, P1
2026/06/11 16:26:32.486, 316.98 W, 52, 2850 MHz, 13801 MHz, 22426 MiB, 100 %, P1
2026/06/11 16:26:33.488, 316.98 W, 52, 2850 MHz, 13801 MHz, 22426 MiB, 100 %, P1
2026/06/11 16:26:34.491, 316.98 W, 52, 2850 MHz, 13801 MHz, 22426 MiB, 100 %, P1
2026/06/11 16:26:35.494, 316.98 W, 52, 2850 MHz, 13801 MHz, 22426 MiB, 100 %, P1
2026/06/11 16:26:36.497, 316.98 W, 52, 2850 MHz, 13801 MHz, 22426 MiB, 100 %, P1
2026/06/11 16:26:37.499, 316.98 W, 52, 2850 MHz, 13801 MHz, 22426 MiB, 100 %, P1
2026/06/11 16:26:38.509, 316.98 W, 52, 2850 MHz, 13801 MHz, 22426 MiB, 100 %, P1
2026/06/11 16:26:39.512, 316.98 W, 52, 2850 MHz, 13801 MHz, 22426 MiB, 100 %, P1
2026/06/11 16:26:40.515, 316.98 W, 52, 2850 MHz, 13801 MHz, 22426 MiB, 100 %, P1
2026/06/11 16:26:41.518, 316.98 W, 52, 2850 MHz, 13801 MHz, 22426 MiB, 100 %, P1
2026/06/11 16:26:42.522, 316.98 W, 52, 2850 MHz, 13801 MHz, 22426 MiB, 100 %, P1
2026/06/11 16:26:43.524, 316.98 W, 52, 2850 MHz, 13801 MHz, 22426 MiB, 100 %, P1
2026/06/11 16:26:44.527, 316.98 W, 52, 2850 MHz, 13801 MHz, 22426 MiB, 100 %, P1
2026/06/11 16:26:45.530, 316.98 W, 52, 2850 MHz, 13801 MHz, 22426 MiB, 100 %, P1
2026/06/11 16:26:46.531, 316.98 W, 52, 2850 MHz, 13801 MHz, 22426 MiB, 100 %, P1
2026/06/11 16:26:47.542, 316.98 W, 52, 2850 MHz, 13801 MHz, 22426 MiB, 100 %, P1
2026/06/11 16:26:48.545, 316.98 W, 52, 2850 MHz, 13801 MHz, 22426 MiB, 100 %, P1
2026/06/11 16:26:49.548, 316.98 W, 52, 2850 MHz, 13801 MHz, 22426 MiB, 100 %, P1
2026/06/11 16:26:50.551, 316.98 W, 52, 2850 MHz, 13801 MHz, 22426 MiB, 100 %, P1
2026/06/11 16:26:51.553, 316.98 W, 52, 2850 MHz, 13801 MHz, 22426 MiB, 100 %, P1
2026/06/11 16:26:52.556, 316.98 W, 52, 2850 MHz, 13801 MHz, 22426 MiB, 100 %, P1
2026/06/11 16:26:53.559, 316.98 W, 52, 2850 MHz, 13801 MHz, 22426 MiB, 100 %, P1
2026/06/11 16:26:54.562, 316.98 W, 52, 2850 MHz, 13801 MHz, 22426 MiB, 100 %, P1
2026/06/11 16:26:55.565, 316.98 W, 52, 2850 MHz, 13801 MHz, 22426 MiB, 100 %, P1
2026/06/11 16:26:56.576, 316.98 W, 52, 2850 MHz, 13801 MHz, 22426 MiB, 100 %, P1
2026/06/11 16:26:57.578, 316.98 W, 52, 2850 MHz, 13801 MHz, 22426 MiB, 100 %, P1
2026/06/11 16:26:58.581, 316.98 W, 52, 2850 MHz, 13801 MHz, 22426 MiB, 100 %, P1
2026/06/11 16:26:59.583, 316.98 W, 52, 2850 MHz, 13801 MHz, 22426 MiB, 100 %, P1
2026/06/11 16:27:00.585, 316.98 W, 52, 2850 MHz, 13801 MHz, 22426 MiB, 100 %, P1
2026/06/11 16:27:01.589, 316.98 W, 52, 2850 MHz, 13801 MHz, 22426 MiB, 100 %, P1
2026/06/11 16:27:02.591, 316.98 W, 52, 2850 MHz, 13801 MHz, 22426 MiB, 100 %, P1
2026/06/11 16:27:03.594, 316.98 W, 52, 2850 MHz, 13801 MHz, 22426 MiB, 100 %, P1
2026/06/11 16:27:04.597, 316.98 W, 52, 2850 MHz, 13801 MHz, 22426 MiB, 100 %, P1
2026/06/11 16:27:05.597, 316.98 W, 52, 2850 MHz, 13801 MHz, 22426 MiB, 100 %, P1
2026/06/11 16:27:06.611, 316.98 W, 52, 2850 MHz, 13801 MHz, 22426 MiB, 100 %, P1
2026/06/11 16:27:07.614, 316.98 W, 52, 2850 MHz, 13801 MHz, 22426 MiB, 100 %, P1
2026/06/11 16:27:08.616, 316.98 W, 52, 2850 MHz, 13801 MHz, 22426 MiB, 100 %, P1
2026/06/11 16:27:09.620, 316.98 W, 52, 2850 MHz, 13801 MHz, 22426 MiB, 100 %, P1
2026/06/11 16:27:10.626, 316.98 W, 52, 2850 MHz, 13801 MHz, 22426 MiB, 100 %, P1
2026/06/11 16:27:11.630, 316.98 W, 52, 2850 MHz, 13801 MHz, 22426 MiB, 100 %, P1
2026/06/11 16:27:12.643, 316.98 W, 52, 2850 MHz, 13801 MHz, 22426 MiB, 100 %, P1
2026/06/11 16:27:13.645, 316.98 W, 52, 2850 MHz, 13801 MHz, 22426 MiB, 100 %, P1
2026/06/11 16:27:14.648, 316.98 W, 52, 2850 MHz, 13801 MHz, 22426 MiB, 100 %, P1
2026/06/11 16:27:15.649, 316.98 W, 52, 2850 MHz, 13801 MHz, 22426 MiB, 100 %, P1
2026/06/11 16:27:16.661, 316.98 W, 52, 2850 MHz, 13801 MHz, 22426 MiB, 100 %, P1
2026/06/11 16:27:17.664, 316.98 W, 52, 2850 MHz, 13801 MHz, 22426 MiB, 100 %, P1
2026/06/11 16:27:18.667, 316.98 W, 52, 2850 MHz, 13801 MHz, 22426 MiB, 100 %, P1
2026/06/11 16:27:19.671, 316.98 W, 52, 2850 MHz, 13801 MHz, 22426 MiB, 100 %, P1
2026/06/11 16:27:20.672, 316.98 W, 52, 2850 MHz, 13801 MHz, 22426 MiB, 100 %, P1
2026/06/11 16:27:21.674, 316.98 W, 52, 2850 MHz, 13801 MHz, 22426 MiB, 100 %, P1
2026/06/11 16:27:22.678, 316.98 W, 52, 2850 MHz, 13801 MHz, 22426 MiB, 100 %, P1
2026/06/11 16:27:23.680, 316.98 W, 52, 2850 MHz, 13801 MHz, 22426 MiB, 100 %, P1
2026/06/11 16:27:24.681, 316.98 W, 52, 2850 MHz, 13801 MHz, 22426 MiB, 100 %, P1
2026/06/11 16:27:25.693, 316.98 W, 52, 2850 MHz, 13801 MHz, 22426 MiB, 100 %, P1
2026/06/11 16:27:26.695, 316.98 W, 52, 2850 MHz, 13801 MHz, 22426 MiB, 100 %, P1
2026/06/11 16:27:27.698, 316.98 W, 52, 2850 MHz, 13801 MHz, 22426 MiB, 100 %, P1
2026/06/11 16:27:28.702, 316.98 W, 52, 2850 MHz, 13801 MHz, 22426 MiB, 100 %, P1
2026/06/11 16:27:29.704, 316.98 W, 52, 2850 MHz, 13801 MHz, 22426 MiB, 100 %, P1
2026/06/11 16:27:30.708, 316.98 W, 52, 2850 MHz, 13801 MHz, 22426 MiB, 100 %, P1
2026/06/11 16:27:31.710, 316.98 W, 52, 2850 MHz, 13801 MHz, 22426 MiB, 100 %, P1
2026/06/11 16:27:32.713, 316.98 W, 52, 2850 MHz, 13801 MHz, 22426 MiB, 100 %, P1
2026/06/11 16:27:33.715, 316.98 W, 52, 2850 MHz, 13801 MHz, 22426 MiB, 100 %, P1
2026/06/11 16:27:34.726, 316.98 W, 52, 2850 MHz, 13801 MHz, 22426 MiB, 100 %, P1
2026/06/11 16:27:35.728, 316.98 W, 52, 2850 MHz, 13801 MHz, 22426 MiB, 100 %, P1
2026/06/11 16:27:36.729, 316.98 W, 52, 2850 MHz, 13801 MHz, 22426 MiB, 100 %, P1
2026/06/11 16:27:37.733, 316.98 W, 52, 2850 MHz, 13801 MHz, 22426 MiB, 100 %, P1
2026/06/11 16:27:38.736, 316.98 W, 52, 2850 MHz, 13801 MHz, 22426 MiB, 100 %, P1
2026/06/11 16:27:39.739, 316.98 W, 52, 2850 MHz, 13801 MHz, 22426 MiB, 100 %, P1
2026/06/11 16:27:40.742, 316.98 W, 52, 2850 MHz, 13801 MHz, 22426 MiB, 100 %, P1
2026/06/11 16:27:41.744, 316.98 W, 52, 2850 MHz, 13801 MHz, 22426 MiB, 100 %, P1
2026/06/11 16:27:42.748, 316.98 W, 52, 2850 MHz, 13801 MHz, 22426 MiB, 100 %, P1
2026/06/11 16:27:43.749, 316.98 W, 52, 2850 MHz, 13801 MHz, 22426 MiB, 100 %, P1
2026/06/11 16:27:44.760, 316.98 W, 52, 2850 MHz, 13801 MHz, 22426 MiB, 100 %, P1
2026/06/11 16:27:45.764, 316.98 W, 52, 2850 MHz, 13801 MHz, 22426 MiB, 100 %, P1
2026/06/11 16:27:46.767, 316.98 W, 52, 2850 MHz, 13801 MHz, 22426 MiB, 100 %, P1
2026/06/11 16:27:47.768, 316.98 W, 52, 2850 MHz, 13801 MHz, 22426 MiB, 100 %, P1
2026/06/11 16:27:48.771, 316.98 W, 52, 2850 MHz, 13801 MHz, 22426 MiB, 100 %, P1
2026/06/11 16:27:49.774, 316.98 W, 52, 2850 MHz, 13801 MHz, 22426 MiB, 100 %, P1
2026/06/11 16:27:50.776, 316.98 W, 52, 2850 MHz, 13801 MHz, 22426 MiB, 100 %, P1
2026/06/11 16:27:51.780, 316.98 W, 52, 2850 MHz, 13801 MHz, 22426 MiB, 100 %, P1
2026/06/11 16:27:52.781, 316.98 W, 52, 2850 MHz, 13801 MHz, 22426 MiB, 100 %, P1
2026/06/11 16:27:53.792, 316.98 W, 52, 2850 MHz, 13801 MHz, 22426 MiB, 100 %, P1
2026/06/11 16:27:54.796, 316.98 W, 52, 2850 MHz, 13801 MHz, 22426 MiB, 100 %, P1
2026/06/11 16:27:55.798, 316.98 W, 52, 2850 MHz, 13801 MHz, 22426 MiB, 100 %, P1
2026/06/11 16:27:56.801, 316.98 W, 52, 2850 MHz, 13801 MHz, 22426 MiB, 100 %, P1
2026/06/11 16:27:57.804, 316.98 W, 52, 2850 MHz, 13801 MHz, 22426 MiB, 100 %, P1
2026/06/11 16:27:58.806, 316.98 W, 52, 2850 MHz, 13801 MHz, 22426 MiB, 100 %, P1
2026/06/11 16:27:59.810, 316.98 W, 52, 2850 MHz, 13801 MHz, 22426 MiB, 100 %, P1
2026/06/11 16:28:00.812, 316.98 W, 52, 2850 MHz, 13801 MHz, 22426 MiB, 100 %, P1
2026/06/11 16:28:01.815, 316.98 W, 52, 2850 MHz, 13801 MHz, 22426 MiB, 100 %, P1
2026/06/11 16:28:02.830, 316.98 W, 52, 2850 MHz, 13801 MHz, 22426 MiB, 100 %, P1
2026/06/11 16:28:03.842, 316.98 W, 52, 2850 MHz, 13801 MHz, 22426 MiB, 100 %, P1
2026/06/11 16:28:04.846, 316.98 W, 52, 2850 MHz, 13801 MHz, 22426 MiB, 100 %, P1
2026/06/11 16:28:05.848, 316.98 W, 52, 2850 MHz, 13801 MHz, 22426 MiB, 100 %, P1
2026/06/11 16:28:06.852, 316.98 W, 52, 2850 MHz, 13801 MHz, 22426 MiB, 100 %, P1
2026/06/11 16:28:07.855, 316.98 W, 52, 2850 MHz, 13801 MHz, 22426 MiB, 100 %, P1
2026/06/11 16:28:08.857, 316.98 W, 52, 2850 MHz, 13801 MHz, 22426 MiB, 100 %, P1
2026/06/11 16:28:09.860, 316.98 W, 52, 2850 MHz, 13801 MHz, 22426 MiB, 100 %, P1
2026/06/11 16:28:10.862, 316.98 W, 52, 2850 MHz, 13801 MHz, 22426 MiB, 100 %, P1
2026/06/11 16:28:11.864, 316.98 W, 52, 2850 MHz, 13801 MHz, 22426 MiB, 100 %, P1
2026/06/11 16:28:12.876, 316.98 W, 52, 2850 MHz, 13801 MHz, 22426 MiB, 100 %, P1
2026/06/11 16:28:13.878, 316.98 W, 52, 2850 MHz, 13801 MHz, 22426 MiB, 100 %, P1
2026/06/11 16:28:14.881, 316.98 W, 52, 2850 MHz, 13801 MHz, 22426 MiB, 100 %, P1
2026/06/11 16:28:15.885, 316.98 W, 52, 2850 MHz, 13801 MHz, 22426 MiB, 100 %, P1
2026/06/11 16:28:16.887, 316.98 W, 52, 2850 MHz, 13801 MHz, 22426 MiB, 100 %, P1
2026/06/11 16:28:17.890, 316.98 W, 52, 2850 MHz, 13801 MHz, 22426 MiB, 100 %, P1
2026/06/11 16:28:18.892, 316.98 W, 52, 2850 MHz, 13801 MHz, 22426 MiB, 100 %, P1
2026/06/11 16:28:19.896, 316.98 W, 52, 2850 MHz, 13801 MHz, 22426 MiB, 100 %, P1
2026/06/11 16:28:20.899, 316.98 W, 52, 2850 MHz, 13801 MHz, 22426 MiB, 100 %, P1
2026/06/11 16:28:21.908, 316.98 W, 52, 2850 MHz, 13801 MHz, 22426 MiB, 100 %, P1
2026/06/11 16:28:22.910, 316.98 W, 52, 2850 MHz, 13801 MHz, 22426 MiB, 100 %, P1
2026/06/11 16:28:23.913, 316.98 W, 52, 2850 MHz, 13801 MHz, 22426 MiB, 100 %, P1
2026/06/11 16:28:24.917, 316.98 W, 52, 2850 MHz, 13801 MHz, 22426 MiB, 100 %, P1
2026/06/11 16:28:25.919, 316.98 W, 52, 2850 MHz, 13801 MHz, 22426 MiB, 100 %, P1
2026/06/11 16:28:26.921, 316.98 W, 52, 2850 MHz, 13801 MHz, 22426 MiB, 100 %, P1
2026/06/11 16:28:27.924, 316.98 W, 52, 2850 MHz, 13801 MHz, 22426 MiB, 100 %, P1
2026/06/11 16:28:28.928, 316.98 W, 52, 2850 MHz, 13801 MHz, 22426 MiB, 100 %, P1
2026/06/11 16:28:29.930, 316.98 W, 52, 2850 MHz, 13801 MHz, 22426 MiB, 100 %, P1
2026/06/11 16:28:30.930, 316.98 W, 52, 2850 MHz, 13801 MHz, 22426 MiB, 100 %, P1
2026/06/11 16:28:31.942, 316.98 W, 52, 2850 MHz, 13801 MHz, 22426 MiB, 100 %, P1
2026/06/11 16:28:32.946, 316.98 W, 52, 2850 MHz, 13801 MHz, 22426 MiB, 100 %, P1
2026/06/11 16:28:33.949, 316.98 W, 52, 2850 MHz, 13801 MHz, 22426 MiB, 100 %, P1
2026/06/11 16:28:34.951, 316.98 W, 52, 2850 MHz, 13801 MHz, 22426 MiB, 100 %, P1
2026/06/11 16:28:35.954, 316.98 W, 52, 2850 MHz, 13801 MHz, 22426 MiB, 100 %, P1
2026/06/11 16:28:36.958, 316.98 W, 52, 2850 MHz, 13801 MHz, 22426 MiB, 100 %, P1
2026/06/11 16:28:37.960, 316.98 W, 52, 2850 MHz, 13801 MHz, 22426 MiB, 100 %, P1
2026/06/11 16:28:38.963, 316.98 W, 52, 2850 MHz, 13801 MHz, 22426 MiB, 100 %, P1
2026/06/11 16:28:39.965, 316.98 W, 52, 2850 MHz, 13801 MHz, 22426 MiB, 100 %, P1
2026/06/11 16:28:40.976, 316.98 W, 52, 2850 MHz, 13801 MHz, 22426 MiB, 100 %, P1
2026/06/11 16:28:41.981, 316.98 W, 52, 2850 MHz, 13801 MHz, 22426 MiB, 100 %, P1
2026/06/11 16:28:42.982, 316.98 W, 52, 2850 MHz, 13801 MHz, 22426 MiB, 100 %, P1
2026/06/11 16:28:43.993, 316.98 W, 52, 2850 MHz, 13801 MHz, 22426 MiB, 100 %, P1
2026/06/11 16:28:44.997, 316.98 W, 52, 2850 MHz, 13801 MHz, 22426 MiB, 100 %, P1
2026/06/11 16:28:46.015, 316.98 W, 52, 2850 MHz, 13801 MHz, 22426 MiB, 100 %, P1
2026/06/11 16:28:47.029, 316.98 W, 52, 2850 MHz, 13801 MHz, 22426 MiB, 100 %, P1
2026/06/11 16:28:48.031, 316.98 W, 52, 2850 MHz, 13801 MHz, 22426 MiB, 100 %, P1
2026/06/11 16:28:49.034, 316.98 W, 52, 2850 MHz, 13801 MHz, 22426 MiB, 100 %, P1
2026/06/11 16:28:50.044, 316.98 W, 52, 2850 MHz, 13801 MHz, 22426 MiB, 100 %, P1
2026/06/11 16:28:51.047, 316.98 W, 52, 2850 MHz, 13801 MHz, 22426 MiB, 100 %, P1
2026/06/11 16:28:52.047, 316.98 W, 52, 2850 MHz, 13801 MHz, 22426 MiB, 100 %, P1
2026/06/11 16:28:53.048, 316.98 W, 52, 2850 MHz, 13801 MHz, 22426 MiB, 100 %, P1
2026/06/11 16:28:54.064, 316.98 W, 52, 2850 MHz, 13801 MHz, 22426 MiB, 100 %, P1
2026/06/11 16:28:55.069, 316.98 W, 52, 2850 MHz, 13801 MHz, 22426 MiB, 100 %, P1
2026/06/11 16:28:56.077, 316.98 W, 52, 2850 MHz, 13801 MHz, 22426 MiB, 100 %, P1
2026/06/11 16:28:57.081, 316.98 W, 52, 2850 MHz, 13801 MHz, 22426 MiB, 100 %, P1
2026/06/11 16:28:58.082, 316.98 W, 52, 2850 MHz, 13801 MHz, 22426 MiB, 100 %, P1
2026/06/11 16:28:59.094, 316.98 W, 52, 2850 MHz, 13801 MHz, 22426 MiB, 100 %, P1
2026/06/11 16:29:00.099, 316.98 W, 52, 2850 MHz, 13801 MHz, 22426 MiB, 100 %, P1
2026/06/11 16:29:01.114, 316.98 W, 52, 2850 MHz, 13801 MHz, 22426 MiB, 100 %, P1
2026/06/11 16:29:02.117, 316.98 W, 52, 2850 MHz, 13801 MHz, 22426 MiB, 100 %, P1
2026/06/11 16:29:03.131, 316.98 W, 52, 2850 MHz, 13801 MHz, 22426 MiB, 100 %, P1
2026/06/11 16:29:04.132, 316.98 W, 52, 2850 MHz, 13801 MHz, 22426 MiB, 100 %, P1
2026/06/11 16:29:05.147, 316.98 W, 52, 2850 MHz, 13801 MHz, 22426 MiB, 100 %, P1
2026/06/11 16:29:06.162, 316.98 W, 52, 2850 MHz, 13801 MHz, 22426 MiB, 100 %, P1
2026/06/11 16:29:07.165, 316.98 W, 52, 2850 MHz, 13801 MHz, 22426 MiB, 100 %, P1
2026/06/11 16:29:08.165, 316.98 W, 52, 2850 MHz, 13801 MHz, 22426 MiB, 100 %, P1
2026/06/11 16:29:09.178, 316.98 W, 52, 2850 MHz, 13801 MHz, 22426 MiB, 100 %, P1
2026/06/11 16:29:10.180, 316.98 W, 52, 2850 MHz, 13801 MHz, 22426 MiB, 100 %, P1
2026/06/11 16:29:11.182, 316.98 W, 52, 2850 MHz, 13801 MHz, 22426 MiB, 100 %, P1
2026/06/11 16:29:12.199, 316.98 W, 52, 2850 MHz, 13801 MHz, 22426 MiB, 100 %, P1
2026/06/11 16:29:13.213, 316.98 W, 52, 2850 MHz, 13801 MHz, 22426 MiB, 100 %, P1
2026/06/11 16:29:14.238, 316.98 W, 52, 2850 MHz, 13801 MHz, 22426 MiB, 100 %, P1
2026/06/11 16:29:15.239, 316.98 W, 52, 2850 MHz, 13801 MHz, 22426 MiB, 100 %, P1
2026/06/11 16:29:16.247, 316.98 W, 52, 2850 MHz, 13801 MHz, 22426 MiB, 100 %, P1
2026/06/11 16:29:17.254, 316.98 W, 52, 2850 MHz, 13801 MHz, 22426 MiB, 100 %, P1
2026/06/11 16:29:18.269, 316.98 W, 52, 2850 MHz, 13801 MHz, 22426 MiB, 100 %, P1
2026/06/11 16:29:19.281, 316.98 W, 52, 2850 MHz, 13801 MHz, 22426 MiB, 100 %, P1
2026/06/11 16:29:20.282, 316.98 W, 52, 2850 MHz, 13801 MHz, 22426 MiB, 100 %, P1
2026/06/11 16:29:21.287, 316.98 W, 52, 2850 MHz, 13801 MHz, 22426 MiB, 100 %, P1
2026/06/11 16:29:22.298, 316.98 W, 52, 2850 MHz, 13801 MHz, 22426 MiB, 100 %, P1
2026/06/11 16:29:23.298, 316.98 W, 52, 2850 MHz, 13801 MHz, 22426 MiB, 100 %, P1
2026/06/11 16:29:24.299, 316.98 W, 52, 2850 MHz, 13801 MHz, 22426 MiB, 100 %, P1
2026/06/11 16:29:25.315, 316.98 W, 52, 2850 MHz, 13801 MHz, 22426 MiB, 100 %, P1
2026/06/11 16:29:26.317, 316.98 W, 52, 2850 MHz, 13801 MHz, 22426 MiB, 100 %, P1
2026/06/11 16:29:27.332, 316.98 W, 52, 2850 MHz, 13801 MHz, 22426 MiB, 100 %, P1
2026/06/11 16:29:28.348, 316.98 W, 52, 2850 MHz, 13801 MHz, 22426 MiB, 100 %, P1
2026/06/11 16:29:29.348, 316.98 W, 52, 2850 MHz, 13801 MHz, 22426 MiB, 100 %, P1
2026/06/11 16:29:30.349, 316.98 W, 52, 2850 MHz, 13801 MHz, 22426 MiB, 100 %, P1
2026/06/11 16:29:31.379, 316.98 W, 52, 2850 MHz, 13801 MHz, 22426 MiB, 100 %, P1
2026/06/11 16:29:32.395, 316.98 W, 52, 2850 MHz, 13801 MHz, 22426 MiB, 100 %, P1
2026/06/11 16:29:33.395, 316.98 W, 52, 2850 MHz, 13801 MHz, 22426 MiB, 100 %, P1
2026/06/11 16:29:34.410, 316.98 W, 52, 2850 MHz, 13801 MHz, 22426 MiB, 100 %, P1
2026/06/11 16:29:35.425, 316.98 W, 52, 2850 MHz, 13801 MHz, 22426 MiB, 100 %, P1
2026/06/11 16:29:36.441, 316.98 W, 52, 2850 MHz, 13801 MHz, 22426 MiB, 100 %, P1
2026/06/11 16:29:37.458, 316.98 W, 52, 2850 MHz, 13801 MHz, 22426 MiB, 100 %, P1
2026/06/11 16:29:38.459, 316.98 W, 52, 2850 MHz, 13801 MHz, 22426 MiB, 100 %, P1
2026/06/11 16:29:39.473, 316.98 W, 52, 2850 MHz, 13801 MHz, 22426 MiB, 100 %, P1
2026/06/11 16:29:40.489, 316.98 W, 52, 2850 MHz, 13801 MHz, 22426 MiB, 100 %, P1
2026/06/11 16:29:41.504, 316.98 W, 52, 2850 MHz, 13801 MHz, 22426 MiB, 100 %, P1
2026/06/11 16:29:42.505, 316.98 W, 52, 2850 MHz, 13801 MHz, 22426 MiB, 100 %, P1
2026/06/11 16:29:43.521, 316.98 W, 52, 2850 MHz, 13801 MHz, 22426 MiB, 100 %, P1
2026/06/11 16:29:44.535, 316.98 W, 52, 2850 MHz, 13801 MHz, 22426 MiB, 100 %, P1
2026/06/11 16:29:45.551, 316.98 W, 52, 2850 MHz, 13801 MHz, 22426 MiB, 100 %, P1
2026/06/11 16:29:46.566, 316.98 W, 52, 2850 MHz, 13801 MHz, 22426 MiB, 100 %, P1
2026/06/11 16:29:47.582, 316.98 W, 52, 2850 MHz, 13801 MHz, 22426 MiB, 100 %, P1
2026/06/11 16:29:48.598, 316.98 W, 52, 2850 MHz, 13801 MHz, 22426 MiB, 100 %, P1
2026/06/11 16:29:49.598, 316.98 W, 52, 2850 MHz, 13801 MHz, 22426 MiB, 100 %, P1
2026/06/11 16:29:50.599, 316.98 W, 52, 2850 MHz, 13801 MHz, 22426 MiB, 100 %, P1
2026/06/11 16:29:51.613, 316.98 W, 52, 2850 MHz, 13801 MHz, 22426 MiB, 100 %, P1
2026/06/11 16:29:52.629, 316.98 W, 52, 2850 MHz, 13801 MHz, 22426 MiB, 100 %, P1
2026/06/11 16:29:53.630, 316.98 W, 52, 2850 MHz, 13801 MHz, 22426 MiB, 100 %, P1
2026/06/11 16:29:54.645, 316.98 W, 52, 2850 MHz, 13801 MHz, 22426 MiB, 100 %, P1
2026/06/11 16:29:55.661, 316.98 W, 52, 2850 MHz, 13801 MHz, 22426 MiB, 100 %, P1
2026/06/11 16:29:56.676, 316.98 W, 52, 2850 MHz, 13801 MHz, 22426 MiB, 100 %, P1
2026/06/11 16:29:57.676, 316.98 W, 52, 2850 MHz, 13801 MHz, 22426 MiB, 100 %, P1
2026/06/11 16:29:58.677, 316.98 W, 52, 2850 MHz, 13801 MHz, 22426 MiB, 100 %, P1
2026/06/11 16:29:59.678, 316.98 W, 52, 2850 MHz, 13801 MHz, 22426 MiB, 100 %, P1
2026/06/11 16:30:00.691, 316.98 W, 52, 2850 MHz, 13801 MHz, 22426 MiB, 100 %, P1
2026/06/11 16:30:01.692, 316.98 W, 52, 2850 MHz, 13801 MHz, 22426 MiB, 100 %, P1
2026/06/11 16:30:02.692, 316.98 W, 52, 2850 MHz, 13801 MHz, 22426 MiB, 100 %, P1
2026/06/11 16:30:03.708, 316.98 W, 52, 2850 MHz, 13801 MHz, 22426 MiB, 100 %, P1
2026/06/11 16:30:04.709, 316.98 W, 52, 2850 MHz, 13801 MHz, 22426 MiB, 100 %, P1
2026/06/11 16:30:05.722, 316.98 W, 52, 2850 MHz, 13801 MHz, 22426 MiB, 100 %, P1
2026/06/11 16:30:06.739, 316.98 W, 52, 2850 MHz, 13801 MHz, 22426 MiB, 100 %, P1
2026/06/11 16:30:07.754, 316.98 W, 52, 2850 MHz, 13801 MHz, 22426 MiB, 100 %, P1
2026/06/11 16:30:08.755, 316.98 W, 52, 2850 MHz, 13801 MHz, 22426 MiB, 100 %, P1
2026/06/11 16:30:09.769, 316.98 W, 52, 2850 MHz, 13801 MHz, 22426 MiB, 100 %, P1
2026/06/11 16:30:10.785, 316.98 W, 52, 2850 MHz, 13801 MHz, 22426 MiB, 100 %, P1
2026/06/11 16:30:11.801, 316.98 W, 52, 2850 MHz, 13801 MHz, 22426 MiB, 100 %, P1
2026/06/11 16:30:12.801, 316.98 W, 52, 2850 MHz, 13801 MHz, 22426 MiB, 100 %, P1
2026/06/11 16:30:13.815, 316.98 W, 52, 2850 MHz, 13801 MHz, 22426 MiB, 100 %, P1
2026/06/11 16:30:14.817, 316.98 W, 52, 2850 MHz, 13801 MHz, 22426 MiB, 100 %, P1
2026/06/11 16:30:15.832, 316.98 W, 52, 2850 MHz, 13801 MHz, 22426 MiB, 100 %, P1
2026/06/11 16:30:16.848, 316.98 W, 52, 2850 MHz, 13801 MHz, 22426 MiB, 100 %, P1
2026/06/11 16:30:17.862, 316.98 W, 52, 2850 MHz, 13801 MHz, 22426 MiB, 100 %, P1
2026/06/11 16:30:18.864, 316.98 W, 52, 2850 MHz, 13801 MHz, 22426 MiB, 100 %, P1
2026/06/11 16:30:19.879, 316.98 W, 52, 2850 MHz, 13801 MHz, 22426 MiB, 100 %, P1
2026/06/11 16:30:20.880, 316.98 W, 52, 2850 MHz, 13801 MHz, 22426 MiB, 100 %, P1
2026/06/11 16:30:21.909, 316.98 W, 52, 2850 MHz, 13801 MHz, 22426 MiB, 100 %, P1
2026/06/11 16:30:22.910, 316.98 W, 52, 2850 MHz, 13801 MHz, 22426 MiB, 100 %, P1
2026/06/11 16:30:23.910, 316.98 W, 52, 2850 MHz, 13801 MHz, 22426 MiB, 100 %, P1
2026/06/11 16:30:24.926, 316.98 W, 52, 2850 MHz, 13801 MHz, 22426 MiB, 100 %, P1
2026/06/11 16:30:25.941, 316.98 W, 52, 2850 MHz, 13801 MHz, 22426 MiB, 100 %, P1
2026/06/11 16:30:26.957, 316.98 W, 52, 2850 MHz, 13801 MHz, 22426 MiB, 100 %, P1
2026/06/11 16:30:27.972, 316.98 W, 52, 2850 MHz, 13801 MHz, 22426 MiB, 100 %, P1
2026/06/11 16:30:28.973, 316.98 W, 52, 2850 MHz, 13801 MHz, 22426 MiB, 100 %, P1
2026/06/11 16:30:29.973, 316.98 W, 52, 2850 MHz, 13801 MHz, 22426 MiB, 100 %, P1
2026/06/11 16:30:30.988, 316.98 W, 52, 2850 MHz, 13801 MHz, 22426 MiB, 100 %, P1
2026/06/11 16:30:31.989, 316.98 W, 52, 2850 MHz, 13801 MHz, 22426 MiB, 100 %, P1
2026/06/11 16:30:32.989, 316.98 W, 52, 2850 MHz, 13801 MHz, 22426 MiB, 100 %, P1
2026/06/11 16:30:34.004, 316.98 W, 52, 2850 MHz, 13801 MHz, 22426 MiB, 100 %, P1
2026/06/11 16:30:35.020, 316.98 W, 52, 2850 MHz, 13801 MHz, 22426 MiB, 100 %, P1
2026/06/11 16:30:36.035, 316.98 W, 52, 2850 MHz, 13801 MHz, 22426 MiB, 100 %, P1
2026/06/11 16:30:37.051, 316.98 W, 52, 2850 MHz, 13801 MHz, 22426 MiB, 100 %, P1
2026/06/11 16:30:38.066, 316.98 W, 52, 2850 MHz, 13801 MHz, 22426 MiB, 100 %, P1
2026/06/11 16:30:39.067, 316.98 W, 52, 2850 MHz, 13801 MHz, 22426 MiB, 100 %, P1
2026/06/11 16:30:40.082, 316.98 W, 52, 2850 MHz, 13801 MHz, 22426 MiB, 100 %, P1
2026/06/11 16:30:41.082, 316.98 W, 52, 2850 MHz, 13801 MHz, 22426 MiB, 100 %, P1
2026/06/11 16:30:42.082, 316.98 W, 52, 2850 MHz, 13801 MHz, 22426 MiB, 100 %, P1
2026/06/11 16:30:43.098, 316.98 W, 52, 2850 MHz, 13801 MHz, 22426 MiB, 100 %, P1
2026/06/11 16:30:44.099, 316.98 W, 52, 2850 MHz, 13801 MHz, 22426 MiB, 100 %, P1
2026/06/11 16:30:45.114, 316.98 W, 52, 2850 MHz, 13801 MHz, 22426 MiB, 100 %, P1
2026/06/11 16:30:46.129, 316.98 W, 52, 2850 MHz, 13801 MHz, 22426 MiB, 100 %, P1
2026/06/11 16:30:47.129, 316.98 W, 52, 2850 MHz, 13801 MHz, 22426 MiB, 100 %, P1
2026/06/11 16:30:48.144, 316.98 W, 52, 2850 MHz, 13801 MHz, 22426 MiB, 100 %, P1
2026/06/11 16:30:49.160, 316.98 W, 52, 2850 MHz, 13801 MHz, 22426 MiB, 100 %, P1
2026/06/11 16:30:50.176, 316.98 W, 52, 2850 MHz, 13801 MHz, 22426 MiB, 100 %, P1
2026/06/11 16:30:51.176, 316.98 W, 52, 2850 MHz, 13801 MHz, 22426 MiB, 100 %, P1
2026/06/11 16:30:52.191, 316.98 W, 52, 2850 MHz, 13801 MHz, 22426 MiB, 100 %, P1
2026/06/11 16:30:53.207, 316.98 W, 52, 2850 MHz, 13801 MHz, 22426 MiB, 100 %, P1
2026/06/11 16:30:54.223, 316.98 W, 52, 2850 MHz, 13801 MHz, 22426 MiB, 100 %, P1
2026/06/11 16:30:55.239, 316.98 W, 52, 2850 MHz, 13801 MHz, 22426 MiB, 100 %, P1
2026/06/11 16:30:56.269, 316.98 W, 52, 2850 MHz, 13801 MHz, 22426 MiB, 100 %, P1
2026/06/11 16:30:57.285, 316.98 W, 52, 2850 MHz, 13801 MHz, 22426 MiB, 100 %, P1
2026/06/11 16:30:58.285, 316.98 W, 52, 2850 MHz, 13801 MHz, 22426 MiB, 100 %, P1
2026/06/11 16:30:59.286, 316.98 W, 52, 2850 MHz, 13801 MHz, 22426 MiB, 100 %, P1
2026/06/11 16:31:00.316, 316.98 W, 52, 2850 MHz, 13801 MHz, 22426 MiB, 100 %, P1
2026/06/11 16:31:01.332, 316.98 W, 52, 2850 MHz, 13801 MHz, 22426 MiB, 100 %, P1
2026/06/11 16:31:02.348, 316.98 W, 52, 2850 MHz, 13801 MHz, 22426 MiB, 100 %, P1
2026/06/11 16:31:03.349, 316.98 W, 52, 2850 MHz, 13801 MHz, 22426 MiB, 100 %, P1
2026/06/11 16:31:04.364, 316.98 W, 52, 2850 MHz, 13801 MHz, 22426 MiB, 100 %, P1
2026/06/11 16:31:05.379, 316.98 W, 52, 2850 MHz, 13801 MHz, 22426 MiB, 100 %, P1
2026/06/11 16:31:06.394, 316.98 W, 52, 2850 MHz, 13801 MHz, 22426 MiB, 100 %, P1
2026/06/11 16:31:07.410, 316.98 W, 52, 2850 MHz, 13801 MHz, 22426 MiB, 100 %, P1
2026/06/11 16:31:08.411, 316.98 W, 52, 2850 MHz, 13801 MHz, 22426 MiB, 100 %, P1
2026/06/11 16:31:09.426, 316.98 W, 52, 2850 MHz, 13801 MHz, 22426 MiB, 100 %, P1
2026/06/11 16:31:10.442, 316.98 W, 52, 2850 MHz, 13801 MHz, 22426 MiB, 100 %, P1
2026/06/11 16:31:11.457, 316.98 W, 52, 2850 MHz, 13801 MHz, 22426 MiB, 100 %, P1
2026/06/11 16:31:12.472, 316.98 W, 52, 2850 MHz, 13801 MHz, 22426 MiB, 100 %, P1
2026/06/11 16:31:13.473, 316.98 W, 52, 2850 MHz, 13801 MHz, 22426 MiB, 100 %, P1
2026/06/11 16:31:14.489, 316.98 W, 52, 2850 MHz, 13801 MHz, 22426 MiB, 100 %, P1
2026/06/11 16:31:15.503, 316.98 W, 52, 2850 MHz, 13801 MHz, 22426 MiB, 100 %, P1
2026/06/11 16:31:16.504, 316.98 W, 52, 2850 MHz, 13801 MHz, 22426 MiB, 100 %, P1
2026/06/11 16:31:17.519, 316.98 W, 52, 2850 MHz, 13801 MHz, 22426 MiB, 100 %, P1
2026/06/11 16:31:18.535, 316.98 W, 52, 2850 MHz, 13801 MHz, 22426 MiB, 100 %, P1
2026/06/11 16:31:19.539, 316.98 W, 52, 2850 MHz, 13801 MHz, 22426 MiB, 100 %, P1
2026/06/11 16:31:20.551, 316.98 W, 52, 2850 MHz, 13801 MHz, 22426 MiB, 100 %, P1
2026/06/11 16:31:21.551, 316.98 W, 52, 2850 MHz, 13801 MHz, 22426 MiB, 100 %, P1
2026/06/11 16:31:22.566, 316.98 W, 52, 2850 MHz, 13801 MHz, 22426 MiB, 100 %, P1
2026/06/11 16:31:23.582, 316.98 W, 52, 2850 MHz, 13801 MHz, 22426 MiB, 100 %, P1
2026/06/11 16:31:24.597, 316.98 W, 52, 2850 MHz, 13801 MHz, 22426 MiB, 100 %, P1
2026/06/11 16:31:25.598, 316.98 W, 52, 2850 MHz, 13801 MHz, 22426 MiB, 100 %, P1
2026/06/11 16:31:26.613, 316.98 W, 52, 2850 MHz, 13801 MHz, 22426 MiB, 100 %, P1
2026/06/11 16:31:27.614, 316.98 W, 52, 2850 MHz, 13801 MHz, 22426 MiB, 100 %, P1
2026/06/11 16:31:28.644, 316.98 W, 52, 2850 MHz, 13801 MHz, 22426 MiB, 100 %, P1
2026/06/11 16:31:29.661, 316.98 W, 52, 2850 MHz, 13801 MHz, 22426 MiB, 100 %, P1
2026/06/11 16:31:30.677, 316.98 W, 52, 2850 MHz, 13801 MHz, 22426 MiB, 100 %, P1
2026/06/11 16:31:31.677, 316.98 W, 52, 2850 MHz, 13801 MHz, 22426 MiB, 100 %, P1
2026/06/11 16:31:32.692, 316.98 W, 52, 2850 MHz, 13801 MHz, 22426 MiB, 100 %, P1
2026/06/11 16:31:33.708, 316.98 W, 52, 2850 MHz, 13801 MHz, 22426 MiB, 100 %, P1
2026/06/11 16:31:34.723, 316.98 W, 52, 2850 MHz, 13801 MHz, 22426 MiB, 100 %, P1
2026/06/11 16:31:35.724, 316.98 W, 52, 2850 MHz, 13801 MHz, 22426 MiB, 100 %, P1
2026/06/11 16:31:36.738, 316.98 W, 52, 2850 MHz, 13801 MHz, 22426 MiB, 100 %, P1
2026/06/11 16:31:37.738, 316.98 W, 52, 2850 MHz, 13801 MHz, 22426 MiB, 100 %, P1
2026/06/11 16:31:38.739, 316.98 W, 52, 2850 MHz, 13801 MHz, 22426 MiB, 100 %, P1
2026/06/11 16:31:39.755, 316.98 W, 52, 2850 MHz, 13801 MHz, 22426 MiB, 100 %, P1
2026/06/11 16:31:40.769, 316.98 W, 52, 2850 MHz, 13801 MHz, 22426 MiB, 100 %, P1
2026/06/11 16:31:41.785, 316.98 W, 52, 2850 MHz, 13801 MHz, 22426 MiB, 100 %, P1
2026/06/11 16:31:42.786, 316.98 W, 52, 2850 MHz, 13801 MHz, 22426 MiB, 100 %, P1
2026/06/11 16:31:43.801, 316.98 W, 52, 2850 MHz, 13801 MHz, 22426 MiB, 100 %, P1
2026/06/11 16:31:44.802, 316.98 W, 52, 2850 MHz, 13801 MHz, 22426 MiB, 100 %, P1
2026/06/11 16:31:45.816, 316.98 W, 52, 2850 MHz, 13801 MHz, 22426 MiB, 100 %, P1
2026/06/11 16:31:46.817, 316.98 W, 52, 2850 MHz, 13801 MHz, 22426 MiB, 100 %, P1
2026/06/11 16:31:47.832, 316.98 W, 52, 2850 MHz, 13801 MHz, 22426 MiB, 100 %, P1
2026/06/11 16:31:48.833, 316.98 W, 52, 2850 MHz, 13801 MHz, 22426 MiB, 100 %, P1
2026/06/11 16:31:49.848, 316.98 W, 52, 2850 MHz, 13801 MHz, 22426 MiB, 100 %, P1
2026/06/11 16:31:50.864, 316.98 W, 52, 2850 MHz, 13801 MHz, 22426 MiB, 100 %, P1
2026/06/11 16:31:51.879, 316.98 W, 52, 2850 MHz, 13801 MHz, 22426 MiB, 100 %, P1
2026/06/11 16:31:52.880, 316.98 W, 52, 2850 MHz, 13801 MHz, 22426 MiB, 100 %, P1
2026/06/11 16:31:53.894, 316.98 W, 52, 2850 MHz, 13801 MHz, 22426 MiB, 100 %, P1
2026/06/11 16:31:54.911, 316.98 W, 52, 2850 MHz, 13801 MHz, 22426 MiB, 100 %, P1
2026/06/11 16:31:55.926, 316.98 W, 52, 2850 MHz, 13801 MHz, 22426 MiB, 100 %, P1
2026/06/11 16:31:56.941, 316.98 W, 52, 2850 MHz, 13801 MHz, 22426 MiB, 100 %, P1
2026/06/11 16:31:57.941, 316.98 W, 52, 2850 MHz, 13801 MHz, 22426 MiB, 100 %, P1
2026/06/11 16:31:58.957, 316.98 W, 52, 2850 MHz, 13801 MHz, 22426 MiB, 100 %, P1
2026/06/11 16:31:59.973, 316.98 W, 52, 2850 MHz, 13801 MHz, 22426 MiB, 100 %, P1
2026/06/11 16:32:00.989, 316.98 W, 52, 2850 MHz, 13801 MHz, 22426 MiB, 100 %, P1
2026/06/11 16:32:02.003, 316.98 W, 52, 2850 MHz, 13801 MHz, 22426 MiB, 100 %, P1
2026/06/11 16:32:03.004, 316.98 W, 52, 2850 MHz, 13801 MHz, 22426 MiB, 100 %, P1
2026/06/11 16:32:04.020, 316.98 W, 52, 2850 MHz, 13801 MHz, 22426 MiB, 100 %, P1
2026/06/11 16:32:05.036, 316.98 W, 52, 2850 MHz, 13801 MHz, 22426 MiB, 100 %, P1
2026/06/11 16:32:06.051, 316.98 W, 52, 2850 MHz, 13801 MHz, 22426 MiB, 100 %, P1
2026/06/11 16:32:07.066, 316.98 W, 52, 2850 MHz, 13801 MHz, 22426 MiB, 100 %, P1
2026/06/11 16:32:08.082, 316.98 W, 52, 2850 MHz, 13801 MHz, 22426 MiB, 100 %, P1
2026/06/11 16:32:09.083, 316.98 W, 52, 2850 MHz, 13801 MHz, 22426 MiB, 100 %, P1
2026/06/11 16:32:10.098, 316.98 W, 52, 2850 MHz, 13801 MHz, 22426 MiB, 100 %, P1
2026/06/11 16:32:11.114, 316.98 W, 52, 2850 MHz, 13801 MHz, 22426 MiB, 100 %, P1
2026/06/11 16:32:12.129, 316.98 W, 52, 2850 MHz, 13801 MHz, 22426 MiB, 100 %, P1
2026/06/11 16:32:13.130, 316.98 W, 52, 2850 MHz, 13801 MHz, 22426 MiB, 100 %, P1
2026/06/11 16:32:14.145, 316.98 W, 52, 2850 MHz, 13801 MHz, 22426 MiB, 100 %, P1
2026/06/11 16:32:15.145, 316.98 W, 52, 2850 MHz, 13801 MHz, 22426 MiB, 100 %, P1
2026/06/11 16:32:16.161, 316.98 W, 52, 2850 MHz, 13801 MHz, 22426 MiB, 100 %, P1
2026/06/11 16:32:17.177, 316.98 W, 52, 2850 MHz, 13801 MHz, 22426 MiB, 100 %, P1
2026/06/11 16:32:18.191, 316.98 W, 52, 2850 MHz, 13801 MHz, 22426 MiB, 100 %, P1
2026/06/11 16:32:19.191, 316.98 W, 52, 2850 MHz, 13801 MHz, 22426 MiB, 100 %, P1
2026/06/11 16:32:20.208, 316.98 W, 52, 2850 MHz, 13801 MHz, 22426 MiB, 100 %, P1
2026/06/11 16:32:21.223, 316.98 W, 52, 2850 MHz, 13801 MHz, 22426 MiB, 100 %, P1
2026/06/11 16:32:22.238, 316.98 W, 52, 2850 MHz, 13801 MHz, 22426 MiB, 100 %, P1
2026/06/11 16:32:23.252, 316.98 W, 52, 2850 MHz, 13801 MHz, 22426 MiB, 100 %, P1
2026/06/11 16:32:24.255, 316.98 W, 52, 2850 MHz, 13801 MHz, 22426 MiB, 100 %, P1
2026/06/11 16:32:25.271, 316.98 W, 52, 2850 MHz, 13801 MHz, 22426 MiB, 100 %, P1
2026/06/11 16:32:26.284, 316.98 W, 52, 2850 MHz, 13801 MHz, 22426 MiB, 100 %, P1
2026/06/11 16:32:27.285, 316.98 W, 52, 2850 MHz, 13801 MHz, 22426 MiB, 100 %, P1
2026/06/11 16:32:28.301, 316.98 W, 52, 2850 MHz, 13801 MHz, 22426 MiB, 100 %, P1
2026/06/11 16:32:29.302, 316.98 W, 52, 2850 MHz, 13801 MHz, 22426 MiB, 100 %, P1
2026/06/11 16:32:30.332, 316.98 W, 52, 2850 MHz, 13801 MHz, 22426 MiB, 100 %, P1
2026/06/11 16:32:31.332, 316.98 W, 52, 2850 MHz, 13801 MHz, 22426 MiB, 100 %, P1
2026/06/11 16:32:32.348, 316.98 W, 52, 2850 MHz, 13801 MHz, 22426 MiB, 100 %, P1
2026/06/11 16:32:33.365, 316.98 W, 52, 2850 MHz, 13801 MHz, 22426 MiB, 100 %, P1
2026/06/11 16:32:34.378, 316.98 W, 52, 2850 MHz, 13801 MHz, 22426 MiB, 100 %, P1
2026/06/11 16:32:35.395, 316.98 W, 52, 2850 MHz, 13801 MHz, 22426 MiB, 100 %, P1
2026/06/11 16:32:36.395, 316.98 W, 52, 2850 MHz, 13801 MHz, 22426 MiB, 100 %, P1
2026/06/11 16:32:37.411, 316.98 W, 52, 2850 MHz, 13801 MHz, 22426 MiB, 100 %, P1
2026/06/11 16:32:38.426, 316.98 W, 52, 2850 MHz, 13801 MHz, 22426 MiB, 100 %, P1
2026/06/11 16:32:39.441, 316.98 W, 52, 2850 MHz, 13801 MHz, 22426 MiB, 100 %, P1
2026/06/11 16:32:40.443, 316.98 W, 52, 2850 MHz, 13801 MHz, 22426 MiB, 100 %, P1
2026/06/11 16:32:41.458, 316.98 W, 52, 2850 MHz, 13801 MHz, 22426 MiB, 100 %, P1
2026/06/11 16:32:42.472, 316.98 W, 52, 2850 MHz, 13801 MHz, 22426 MiB, 100 %, P1
2026/06/11 16:32:43.473, 316.98 W, 52, 2850 MHz, 13801 MHz, 22426 MiB, 100 %, P1
2026/06/11 16:32:44.488, 316.98 W, 52, 2850 MHz, 13801 MHz, 22426 MiB, 100 %, P1
2026/06/11 16:32:45.489, 316.98 W, 52, 2850 MHz, 13801 MHz, 22426 MiB, 100 %, P1
2026/06/11 16:32:46.504, 316.98 W, 52, 2850 MHz, 13801 MHz, 22426 MiB, 100 %, P1
2026/06/11 16:32:47.504, 316.98 W, 52, 2850 MHz, 13801 MHz, 22426 MiB, 100 %, P1
2026/06/11 16:32:48.520, 316.98 W, 52, 2850 MHz, 13801 MHz, 22426 MiB, 100 %, P1
2026/06/11 16:32:49.535, 316.98 W, 52, 2850 MHz, 13801 MHz, 22426 MiB, 100 %, P1
2026/06/11 16:32:50.566, 316.98 W, 52, 2850 MHz, 13801 MHz, 22426 MiB, 100 %, P1
2026/06/11 16:32:51.567, 316.98 W, 52, 2850 MHz, 13801 MHz, 22426 MiB, 100 %, P1
2026/06/11 16:32:52.582, 316.98 W, 52, 2850 MHz, 13801 MHz, 22426 MiB, 100 %, P1
2026/06/11 16:32:53.598, 316.98 W, 52, 2850 MHz, 13801 MHz, 22426 MiB, 100 %, P1
2026/06/11 16:32:54.613, 316.98 W, 52, 2850 MHz, 13801 MHz, 22426 MiB, 100 %, P1
2026/06/11 16:32:55.629, 316.98 W, 52, 2850 MHz, 13801 MHz, 22426 MiB, 100 %, P1
2026/06/11 16:32:56.630, 316.98 W, 52, 2850 MHz, 13801 MHz, 22426 MiB, 100 %, P1
2026/06/11 16:32:57.645, 316.98 W, 52, 2850 MHz, 13801 MHz, 22426 MiB, 100 %, P1
2026/06/11 16:32:58.660, 316.98 W, 52, 2850 MHz, 13801 MHz, 22426 MiB, 100 %, P1
2026/06/11 16:32:59.676, 316.98 W, 52, 2850 MHz, 13801 MHz, 22426 MiB, 100 %, P1
2026/06/11 16:33:00.677, 316.98 W, 52, 2850 MHz, 13801 MHz, 22426 MiB, 100 %, P1
2026/06/11 16:33:01.677, 316.98 W, 52, 2850 MHz, 13801 MHz, 22426 MiB, 100 %, P1
2026/06/11 16:33:02.707, 316.98 W, 52, 2850 MHz, 13801 MHz, 22426 MiB, 100 %, P1
2026/06/11 16:33:03.723, 316.98 W, 52, 2850 MHz, 13801 MHz, 22426 MiB, 100 %, P1
2026/06/11 16:33:04.739, 316.98 W, 52, 2850 MHz, 13801 MHz, 22426 MiB, 100 %, P1
2026/06/11 16:33:05.739, 316.98 W, 52, 2850 MHz, 13801 MHz, 22426 MiB, 100 %, P1
2026/06/11 16:33:06.753, 316.98 W, 52, 2850 MHz, 13801 MHz, 22426 MiB, 100 %, P1
2026/06/11 16:33:07.754, 316.98 W, 52, 2850 MHz, 13801 MHz, 22426 MiB, 100 %, P1
2026/06/11 16:33:08.770, 316.98 W, 52, 2850 MHz, 13801 MHz, 22426 MiB, 100 %, P1
2026/06/11 16:33:09.771, 316.98 W, 52, 2850 MHz, 13801 MHz, 22426 MiB, 100 %, P1
2026/06/11 16:33:10.800, 316.98 W, 52, 2850 MHz, 13801 MHz, 22426 MiB, 100 %, P1
2026/06/11 16:33:11.816, 316.98 W, 52, 2850 MHz, 13801 MHz, 22426 MiB, 100 %, P1
2026/06/11 16:33:12.816, 316.98 W, 52, 2850 MHz, 13801 MHz, 22426 MiB, 100 %, P1
2026/06/11 16:33:13.817, 316.98 W, 52, 2850 MHz, 13801 MHz, 22426 MiB, 100 %, P1
2026/06/11 16:33:14.848, 316.98 W, 52, 2850 MHz, 13801 MHz, 22426 MiB, 100 %, P1
2026/06/11 16:33:15.863, 316.98 W, 52, 2850 MHz, 13801 MHz, 22426 MiB, 100 %, P1
2026/06/11 16:33:16.864, 316.98 W, 52, 2850 MHz, 13801 MHz, 22426 MiB, 100 %, P1
2026/06/11 16:33:17.879, 316.98 W, 52, 2850 MHz, 13801 MHz, 22426 MiB, 100 %, P1
2026/06/11 16:33:18.894, 316.98 W, 52, 2850 MHz, 13801 MHz, 22426 MiB, 100 %, P1
2026/06/11 16:33:19.911, 316.98 W, 52, 2850 MHz, 13801 MHz, 22426 MiB, 100 %, P1
2026/06/11 16:33:20.926, 316.98 W, 52, 2850 MHz, 13801 MHz, 22426 MiB, 100 %, P1
2026/06/11 16:33:21.941, 316.98 W, 52, 2850 MHz, 13801 MHz, 22426 MiB, 100 %, P1
2026/06/11 16:33:22.957, 316.98 W, 52, 2850 MHz, 13801 MHz, 22426 MiB, 100 %, P1
2026/06/11 16:33:23.957, 316.98 W, 52, 2850 MHz, 13801 MHz, 22426 MiB, 100 %, P1
2026/06/11 16:33:24.969, 316.98 W, 52, 2850 MHz, 13801 MHz, 22426 MiB, 100 %, P1
2026/06/11 16:33:25.973, 316.98 W, 52, 2850 MHz, 13801 MHz, 22426 MiB, 100 %, P1
2026/06/11 16:33:27.004, 316.98 W, 52, 2850 MHz, 13801 MHz, 22426 MiB, 100 %, P1
2026/06/11 16:33:28.020, 316.98 W, 52, 2850 MHz, 13801 MHz, 22426 MiB, 100 %, P1
2026/06/11 16:33:29.034, 316.98 W, 52, 2850 MHz, 13801 MHz, 22426 MiB, 100 %, P1
2026/06/11 16:33:30.036, 316.98 W, 52, 2850 MHz, 13801 MHz, 22426 MiB, 100 %, P1
2026/06/11 16:33:31.052, 316.98 W, 52, 2850 MHz, 13801 MHz, 22426 MiB, 100 %, P1
2026/06/11 16:33:32.082, 316.98 W, 52, 2850 MHz, 13801 MHz, 22426 MiB, 100 %, P1
2026/06/11 16:33:33.098, 316.98 W, 52, 2850 MHz, 13801 MHz, 22426 MiB, 100 %, P1
2026/06/11 16:33:34.098, 316.98 W, 52, 2850 MHz, 13801 MHz, 22426 MiB, 100 %, P1
2026/06/11 16:33:35.113, 316.98 W, 52, 2850 MHz, 13801 MHz, 22426 MiB, 100 %, P1
2026/06/11 16:33:36.115, 316.98 W, 52, 2850 MHz, 13801 MHz, 22426 MiB, 100 %, P1
2026/06/11 16:33:37.131, 316.98 W, 52, 2850 MHz, 13801 MHz, 22426 MiB, 100 %, P1
2026/06/11 16:33:38.146, 316.98 W, 52, 2850 MHz, 13801 MHz, 22426 MiB, 100 %, P1
2026/06/11 16:33:39.147, 316.98 W, 52, 2850 MHz, 13801 MHz, 22426 MiB, 100 %, P1
2026/06/11 16:33:40.161, 316.98 W, 52, 2850 MHz, 13801 MHz, 22426 MiB, 100 %, P1
2026/06/11 16:33:41.177, 316.98 W, 52, 2850 MHz, 13801 MHz, 22426 MiB, 100 %, P1
2026/06/11 16:33:42.193, 316.98 W, 52, 2850 MHz, 13801 MHz, 22426 MiB, 100 %, P1
2026/06/11 16:33:43.208, 316.98 W, 52, 2850 MHz, 13801 MHz, 22426 MiB, 100 %, P1
2026/06/11 16:33:44.224, 316.98 W, 52, 2850 MHz, 13801 MHz, 22426 MiB, 100 %, P1
2026/06/11 16:33:45.225, 316.98 W, 52, 2850 MHz, 13801 MHz, 22426 MiB, 100 %, P1
2026/06/11 16:33:46.240, 316.98 W, 52, 2850 MHz, 13801 MHz, 22426 MiB, 100 %, P1
2026/06/11 16:33:47.240, 316.98 W, 52, 2850 MHz, 13801 MHz, 22426 MiB, 100 %, P1
2026/06/11 16:33:48.255, 316.98 W, 52, 2850 MHz, 13801 MHz, 22426 MiB, 100 %, P1
2026/06/11 16:33:49.270, 316.98 W, 52, 2850 MHz, 13801 MHz, 22426 MiB, 100 %, P1
2026/06/11 16:33:50.271, 316.98 W, 52, 2850 MHz, 13801 MHz, 22426 MiB, 100 %, P1
2026/06/11 16:33:51.285, 316.98 W, 52, 2850 MHz, 13801 MHz, 22426 MiB, 100 %, P1
2026/06/11 16:33:52.302, 316.98 W, 52, 2850 MHz, 13801 MHz, 22426 MiB, 100 %, P1
2026/06/11 16:33:53.302, 316.98 W, 52, 2850 MHz, 13801 MHz, 22426 MiB, 100 %, P1
2026/06/11 16:33:54.317, 316.98 W, 52, 2850 MHz, 13801 MHz, 22426 MiB, 100 %, P1
2026/06/11 16:33:55.333, 316.98 W, 52, 2850 MHz, 13801 MHz, 22426 MiB, 100 %, P1
2026/06/11 16:33:56.349, 316.98 W, 52, 2850 MHz, 13801 MHz, 22426 MiB, 100 %, P1
2026/06/11 16:33:57.364, 316.98 W, 52, 2850 MHz, 13801 MHz, 22426 MiB, 100 %, P1
2026/06/11 16:33:58.365, 316.98 W, 52, 2850 MHz, 13801 MHz, 22426 MiB, 100 %, P1
2026/06/11 16:33:59.379, 316.98 W, 52, 2850 MHz, 13801 MHz, 22426 MiB, 100 %, P1
2026/06/11 16:34:00.395, 316.98 W, 52, 2850 MHz, 13801 MHz, 22426 MiB, 100 %, P1
2026/06/11 16:34:01.412, 316.98 W, 52, 2850 MHz, 13801 MHz, 22426 MiB, 100 %, P1
2026/06/11 16:34:02.441, 316.98 W, 52, 2850 MHz, 13801 MHz, 22426 MiB, 100 %, P1
2026/06/11 16:34:03.457, 316.98 W, 52, 2850 MHz, 13801 MHz, 22426 MiB, 100 %, P1
2026/06/11 16:34:04.474, 316.98 W, 52, 2850 MHz, 13801 MHz, 22426 MiB, 100 %, P1
2026/06/11 16:34:05.488, 316.98 W, 52, 2850 MHz, 13801 MHz, 22426 MiB, 100 %, P1
2026/06/11 16:34:06.505, 316.98 W, 52, 2850 MHz, 13801 MHz, 22426 MiB, 100 %, P1
2026/06/11 16:34:07.520, 316.98 W, 52, 2850 MHz, 13801 MHz, 22426 MiB, 100 %, P1
2026/06/11 16:34:08.521, 316.98 W, 52, 2850 MHz, 13801 MHz, 22426 MiB, 100 %, P1
2026/06/11 16:34:09.535, 316.98 W, 52, 2850 MHz, 13801 MHz, 22426 MiB, 100 %, P1
2026/06/11 16:34:10.551, 316.98 W, 52, 2850 MHz, 13801 MHz, 22426 MiB, 100 %, P1
2026/06/11 16:34:11.567, 316.98 W, 52, 2850 MHz, 13801 MHz, 22426 MiB, 100 %, P1
2026/06/11 16:34:12.582, 316.98 W, 52, 2850 MHz, 13801 MHz, 22426 MiB, 100 %, P1
2026/06/11 16:34:13.598, 316.98 W, 52, 2850 MHz, 13801 MHz, 22426 MiB, 100 %, P1
2026/06/11 16:34:14.614, 316.98 W, 52, 2850 MHz, 13801 MHz, 22426 MiB, 100 %, P1
2026/06/11 16:34:15.630, 316.98 W, 52, 2850 MHz, 13801 MHz, 22426 MiB, 100 %, P1
2026/06/11 16:34:16.645, 316.98 W, 52, 2850 MHz, 13801 MHz, 22426 MiB, 100 %, P1
2026/06/11 16:34:17.660, 316.98 W, 52, 2850 MHz, 13801 MHz, 22426 MiB, 100 %, P1
2026/06/11 16:34:18.662, 316.98 W, 52, 2850 MHz, 13801 MHz, 22426 MiB, 100 %, P1
2026/06/11 16:34:19.677, 316.98 W, 52, 2850 MHz, 13801 MHz, 22426 MiB, 100 %, P1
2026/06/11 16:34:20.691, 316.98 W, 52, 2850 MHz, 13801 MHz, 22426 MiB, 100 %, P1
2026/06/11 16:34:21.693, 316.98 W, 52, 2850 MHz, 13801 MHz, 22426 MiB, 100 %, P1
2026/06/11 16:34:22.708, 316.98 W, 52, 2850 MHz, 13801 MHz, 22426 MiB, 100 %, P1
2026/06/11 16:34:23.709, 316.98 W, 52, 2850 MHz, 13801 MHz, 22426 MiB, 100 %, P1
2026/06/11 16:34:24.738, 316.98 W, 52, 2850 MHz, 13801 MHz, 22426 MiB, 100 %, P1
2026/06/11 16:34:25.741, 316.98 W, 52, 2850 MHz, 13801 MHz, 22426 MiB, 100 %, P1
2026/06/11 16:34:26.754, 316.98 W, 52, 2850 MHz, 13801 MHz, 22426 MiB, 100 %, P1
2026/06/11 16:34:27.755, 316.98 W, 52, 2850 MHz, 13801 MHz, 22426 MiB, 100 %, P1
2026/06/11 16:34:28.784, 316.98 W, 52, 2850 MHz, 13801 MHz, 22426 MiB, 100 %, P1
2026/06/11 16:34:29.785, 316.98 W, 52, 2850 MHz, 13801 MHz, 22426 MiB, 100 %, P1
2026/06/11 16:34:30.801, 316.98 W, 52, 2850 MHz, 13801 MHz, 22426 MiB, 100 %, P1
2026/06/11 16:34:31.816, 316.98 W, 52, 2850 MHz, 13801 MHz, 22426 MiB, 100 %, P1
2026/06/11 16:34:32.832, 316.98 W, 52, 2850 MHz, 13801 MHz, 22426 MiB, 100 %, P1
2026/06/11 16:34:33.847, 316.98 W, 52, 2850 MHz, 13801 MHz, 22426 MiB, 100 %, P1
2026/06/11 16:34:34.847, 316.98 W, 52, 2850 MHz, 13801 MHz, 22426 MiB, 100 %, P1
2026/06/11 16:34:35.848, 316.98 W, 52, 2850 MHz, 13801 MHz, 22426 MiB, 100 %, P1
2026/06/11 16:34:36.863, 316.98 W, 52, 2850 MHz, 13801 MHz, 22426 MiB, 100 %, P1
2026/06/11 16:34:37.863, 316.98 W, 52, 2850 MHz, 13801 MHz, 22426 MiB, 100 %, P1
2026/06/11 16:34:38.864, 316.98 W, 52, 2850 MHz, 13801 MHz, 22426 MiB, 100 %, P1
2026/06/11 16:34:39.864, 316.98 W, 52, 2850 MHz, 13801 MHz, 22426 MiB, 100 %, P1
2026/06/11 16:34:40.879, 316.98 W, 52, 2850 MHz, 13801 MHz, 22426 MiB, 100 %, P1
2026/06/11 16:34:41.880, 316.98 W, 52, 2850 MHz, 13801 MHz, 22426 MiB, 100 %, P1
2026/06/11 16:34:42.895, 316.98 W, 52, 2850 MHz, 13801 MHz, 22426 MiB, 100 %, P1
2026/06/11 16:34:43.911, 316.98 W, 52, 2850 MHz, 13801 MHz, 22426 MiB, 100 %, P1
2026/06/11 16:34:44.926, 316.98 W, 52, 2850 MHz, 13801 MHz, 22426 MiB, 100 %, P1
2026/06/11 16:34:45.941, 316.98 W, 52, 2850 MHz, 13801 MHz, 22426 MiB, 100 %, P1
2026/06/11 16:34:46.957, 316.98 W, 52, 2850 MHz, 13801 MHz, 22426 MiB, 100 %, P1
2026/06/11 16:34:47.973, 316.98 W, 52, 2850 MHz, 13801 MHz, 22426 MiB, 100 %, P1
2026/06/11 16:34:48.974, 316.98 W, 52, 2850 MHz, 13801 MHz, 22426 MiB, 100 %, P1
2026/06/11 16:34:49.974, 316.98 W, 52, 2850 MHz, 13801 MHz, 22426 MiB, 100 %, P1
2026/06/11 16:34:50.989, 316.98 W, 52, 2850 MHz, 13801 MHz, 22426 MiB, 100 %, P1
2026/06/11 16:34:52.005, 316.98 W, 52, 2850 MHz, 13801 MHz, 22426 MiB, 100 %, P1
2026/06/11 16:34:53.020, 316.98 W, 52, 2850 MHz, 13801 MHz, 22426 MiB, 100 %, P1
2026/06/11 16:34:54.035, 316.98 W, 52, 2850 MHz, 13801 MHz, 22426 MiB, 100 %, P1
2026/06/11 16:34:55.049, 316.98 W, 52, 2850 MHz, 13801 MHz, 22426 MiB, 100 %, P1
2026/06/11 16:34:56.051, 316.98 W, 52, 2850 MHz, 13801 MHz, 22426 MiB, 100 %, P1
2026/06/11 16:34:57.066, 316.98 W, 52, 2850 MHz, 13801 MHz, 22426 MiB, 100 %, P1
2026/06/11 16:34:58.067, 316.98 W, 52, 2850 MHz, 13801 MHz, 22426 MiB, 100 %, P1
2026/06/11 16:34:59.082, 316.98 W, 52, 2850 MHz, 13801 MHz, 22426 MiB, 100 %, P1
2026/06/11 16:35:00.082, 316.98 W, 52, 2850 MHz, 13801 MHz, 22426 MiB, 100 %, P1
2026/06/11 16:35:01.098, 316.98 W, 52, 2850 MHz, 13801 MHz, 22426 MiB, 100 %, P1
2026/06/11 16:35:02.114, 316.98 W, 52, 2850 MHz, 13801 MHz, 22426 MiB, 100 %, P1
2026/06/11 16:35:03.129, 316.98 W, 52, 2850 MHz, 13801 MHz, 22426 MiB, 100 %, P1
2026/06/11 16:35:04.144, 316.98 W, 52, 2850 MHz, 13801 MHz, 22426 MiB, 100 %, P1
2026/06/11 16:35:05.160, 316.98 W, 52, 2850 MHz, 13801 MHz, 22426 MiB, 100 %, P1
2026/06/11 16:35:06.176, 316.98 W, 52, 2850 MHz, 13801 MHz, 22426 MiB, 100 %, P1
2026/06/11 16:35:07.192, 316.98 W, 52, 2850 MHz, 13801 MHz, 22426 MiB, 100 %, P1
2026/06/11 16:35:08.207, 316.98 W, 52, 2850 MHz, 13801 MHz, 22426 MiB, 100 %, P1
2026/06/11 16:35:09.208, 316.98 W, 52, 2850 MHz, 13801 MHz, 22426 MiB, 100 %, P1
2026/06/11 16:35:10.222, 316.98 W, 52, 2850 MHz, 13801 MHz, 22426 MiB, 100 %, P1
2026/06/11 16:35:11.238, 316.98 W, 52, 2850 MHz, 13801 MHz, 22426 MiB, 100 %, P1
2026/06/11 16:35:12.239, 316.98 W, 52, 2850 MHz, 13801 MHz, 22426 MiB, 100 %, P1
2026/06/11 16:35:13.255, 316.98 W, 52, 2850 MHz, 13801 MHz, 22426 MiB, 100 %, P1
2026/06/11 16:35:14.270, 316.98 W, 52, 2850 MHz, 13801 MHz, 22426 MiB, 100 %, P1
2026/06/11 16:35:15.286, 316.98 W, 52, 2850 MHz, 13801 MHz, 22426 MiB, 100 %, P1
2026/06/11 16:35:16.301, 316.98 W, 52, 2850 MHz, 13801 MHz, 22426 MiB, 100 %, P1
2026/06/11 16:35:17.316, 316.98 W, 52, 2850 MHz, 13801 MHz, 22426 MiB, 100 %, P1
2026/06/11 16:35:18.317, 316.98 W, 52, 2850 MHz, 13801 MHz, 22426 MiB, 100 %, P1
2026/06/11 16:35:19.333, 316.98 W, 52, 2850 MHz, 13801 MHz, 22426 MiB, 100 %, P1
2026/06/11 16:35:20.333, 316.98 W, 52, 2850 MHz, 13801 MHz, 22426 MiB, 100 %, P1
2026/06/11 16:35:21.348, 316.98 W, 52, 2850 MHz, 13801 MHz, 22426 MiB, 100 %, P1
2026/06/11 16:35:22.363, 316.98 W, 52, 2850 MHz, 13801 MHz, 22426 MiB, 100 %, P1
2026/06/11 16:35:23.379, 316.98 W, 52, 2850 MHz, 13801 MHz, 22426 MiB, 100 %, P1
2026/06/11 16:35:24.394, 316.98 W, 52, 2850 MHz, 13801 MHz, 22426 MiB, 100 %, P1
2026/06/11 16:35:25.395, 316.98 W, 52, 2850 MHz, 13801 MHz, 22426 MiB, 100 %, P1
2026/06/11 16:35:26.409, 316.98 W, 52, 2850 MHz, 13801 MHz, 22426 MiB, 100 %, P1
2026/06/11 16:35:27.410, 316.98 W, 52, 2850 MHz, 13801 MHz, 22426 MiB, 100 %, P1
2026/06/11 16:35:28.426, 316.98 W, 52, 2850 MHz, 13801 MHz, 22426 MiB, 100 %, P1
2026/06/11 16:35:29.426, 316.98 W, 52, 2850 MHz, 13801 MHz, 22426 MiB, 100 %, P1
2026/06/11 16:35:30.441, 316.98 W, 52, 2850 MHz, 13801 MHz, 22426 MiB, 100 %, P1
2026/06/11 16:35:31.457, 316.98 W, 52, 2850 MHz, 13801 MHz, 22426 MiB, 100 %, P1
2026/06/11 16:35:32.473, 316.98 W, 52, 2850 MHz, 13801 MHz, 22426 MiB, 100 %, P1
2026/06/11 16:35:33.489, 316.98 W, 52, 2850 MHz, 13801 MHz, 22426 MiB, 100 %, P1
2026/06/11 16:35:34.504, 316.98 W, 52, 2850 MHz, 13801 MHz, 22426 MiB, 100 %, P1
2026/06/11 16:35:35.520, 316.98 W, 52, 2850 MHz, 13801 MHz, 22426 MiB, 100 %, P1
2026/06/11 16:35:36.520, 316.98 W, 52, 2850 MHz, 13801 MHz, 22426 MiB, 100 %, P1
2026/06/11 16:35:37.535, 316.98 W, 52, 2850 MHz, 13801 MHz, 22426 MiB, 100 %, P1
2026/06/11 16:35:38.550, 316.98 W, 52, 2850 MHz, 13801 MHz, 22426 MiB, 100 %, P1
2026/06/11 16:35:39.566, 316.98 W, 52, 2850 MHz, 13801 MHz, 22426 MiB, 100 %, P1
2026/06/11 16:35:40.567, 316.98 W, 52, 2850 MHz, 13801 MHz, 22426 MiB, 100 %, P1
2026/06/11 16:35:41.583, 316.98 W, 52, 2850 MHz, 13801 MHz, 22426 MiB, 100 %, P1
2026/06/11 16:35:42.598, 316.98 W, 52, 2850 MHz, 13801 MHz, 22426 MiB, 100 %, P1
2026/06/11 16:35:43.613, 316.98 W, 52, 2850 MHz, 13801 MHz, 22426 MiB, 100 %, P1
2026/06/11 16:35:44.614, 316.98 W, 52, 2850 MHz, 13801 MHz, 22426 MiB, 100 %, P1
2026/06/11 16:35:45.629, 316.98 W, 52, 2850 MHz, 13801 MHz, 22426 MiB, 100 %, P1
2026/06/11 16:35:46.645, 316.98 W, 52, 2850 MHz, 13801 MHz, 22426 MiB, 100 %, P1
2026/06/11 16:35:47.660, 316.98 W, 52, 2850 MHz, 13801 MHz, 22426 MiB, 100 %, P1
2026/06/11 16:35:48.676, 316.98 W, 52, 2850 MHz, 13801 MHz, 22426 MiB, 100 %, P1
2026/06/11 16:35:49.707, 316.98 W, 52, 2850 MHz, 13801 MHz, 22426 MiB, 100 %, P1
2026/06/11 16:35:50.722, 316.98 W, 52, 2850 MHz, 13801 MHz, 22426 MiB, 100 %, P1
2026/06/11 16:35:51.739, 316.98 W, 52, 2850 MHz, 13801 MHz, 22426 MiB, 100 %, P1
2026/06/11 16:35:52.739, 316.98 W, 52, 2850 MHz, 13801 MHz, 22426 MiB, 100 %, P1
2026/06/11 16:35:53.754, 316.98 W, 52, 2850 MHz, 13801 MHz, 22426 MiB, 100 %, P1
2026/06/11 16:35:54.771, 316.98 W, 52, 2850 MHz, 13801 MHz, 22426 MiB, 100 %, P1
2026/06/11 16:35:55.786, 316.98 W, 52, 2850 MHz, 13801 MHz, 22426 MiB, 100 %, P1
2026/06/11 16:35:56.816, 316.98 W, 52, 2850 MHz, 13801 MHz, 22426 MiB, 100 %, P1
2026/06/11 16:35:57.832, 316.98 W, 52, 2850 MHz, 13801 MHz, 22426 MiB, 100 %, P1
2026/06/11 16:35:58.848, 316.98 W, 52, 2850 MHz, 13801 MHz, 22426 MiB, 100 %, P1
2026/06/11 16:35:59.879, 316.98 W, 52, 2850 MHz, 13801 MHz, 22426 MiB, 100 %, P1
2026/06/11 16:36:00.894, 316.98 W, 52, 2850 MHz, 13801 MHz, 22426 MiB, 100 %, P1
2026/06/11 16:36:01.895, 316.98 W, 52, 2850 MHz, 13801 MHz, 22426 MiB, 100 %, P1
2026/06/11 16:36:02.910, 316.98 W, 52, 2850 MHz, 13801 MHz, 22426 MiB, 100 %, P1
2026/06/11 16:36:03.926, 316.98 W, 52, 2850 MHz, 13801 MHz, 22426 MiB, 100 %, P1
2026/06/11 16:36:04.942, 316.98 W, 52, 2850 MHz, 13801 MHz, 22426 MiB, 100 %, P1
2026/06/11 16:36:05.957, 316.98 W, 52, 2850 MHz, 13801 MHz, 22426 MiB, 100 %, P1
2026/06/11 16:36:06.958, 316.98 W, 52, 2850 MHz, 13801 MHz, 22426 MiB, 100 %, P1
2026/06/11 16:36:07.972, 316.98 W, 52, 2850 MHz, 13801 MHz, 22426 MiB, 100 %, P1
2026/06/11 16:36:08.973, 316.98 W, 52, 2850 MHz, 13801 MHz, 22426 MiB, 100 %, P1
2026/06/11 16:36:09.988, 316.98 W, 52, 2850 MHz, 13801 MHz, 22426 MiB, 100 %, P1
2026/06/11 16:36:11.004, 316.98 W, 52, 2850 MHz, 13801 MHz, 22426 MiB, 100 %, P1
2026/06/11 16:36:12.019, 316.98 W, 52, 2850 MHz, 13801 MHz, 22426 MiB, 100 %, P1
2026/06/11 16:36:13.035, 316.98 W, 52, 2850 MHz, 13801 MHz, 22426 MiB, 100 %, P1
2026/06/11 16:36:14.051, 316.98 W, 52, 2850 MHz, 13801 MHz, 22426 MiB, 100 %, P1
2026/06/11 16:36:15.082, 316.98 W, 52, 2850 MHz, 13801 MHz, 22426 MiB, 100 %, P1
2026/06/11 16:36:16.097, 316.98 W, 52, 2850 MHz, 13801 MHz, 22426 MiB, 100 %, P1
2026/06/11 16:36:17.098, 316.98 W, 52, 2850 MHz, 13801 MHz, 22426 MiB, 100 %, P1
2026/06/11 16:36:18.114, 316.98 W, 52, 2850 MHz, 13801 MHz, 22426 MiB, 100 %, P1
2026/06/11 16:36:19.129, 316.98 W, 52, 2850 MHz, 13801 MHz, 22426 MiB, 100 %, P1
2026/06/11 16:36:20.144, 316.98 W, 52, 2850 MHz, 13801 MHz, 22426 MiB, 100 %, P1
2026/06/11 16:36:21.160, 316.98 W, 52, 2850 MHz, 13801 MHz, 22426 MiB, 100 %, P1
2026/06/11 16:36:22.161, 316.98 W, 52, 2850 MHz, 13801 MHz, 22426 MiB, 100 %, P1
2026/06/11 16:36:23.175, 316.98 W, 52, 2850 MHz, 13801 MHz, 22426 MiB, 100 %, P1
2026/06/11 16:36:24.175, 316.98 W, 52, 2850 MHz, 13801 MHz, 22426 MiB, 100 %, P1
2026/06/11 16:36:25.175, 316.98 W, 52, 2850 MHz, 13801 MHz, 22426 MiB, 100 %, P1
2026/06/11 16:36:26.176, 316.98 W, 52, 2850 MHz, 13801 MHz, 22426 MiB, 100 %, P1
2026/06/11 16:36:27.192, 316.98 W, 52, 2850 MHz, 13801 MHz, 22426 MiB, 100 %, P1
2026/06/11 16:36:28.206, 316.98 W, 52, 2850 MHz, 13801 MHz, 22426 MiB, 100 %, P1
2026/06/11 16:36:29.222, 316.98 W, 52, 2850 MHz, 13801 MHz, 22426 MiB, 100 %, P1
2026/06/11 16:36:30.223, 316.98 W, 52, 2850 MHz, 13801 MHz, 22426 MiB, 100 %, P1
2026/06/11 16:36:31.223, 316.98 W, 52, 2850 MHz, 13801 MHz, 22426 MiB, 100 %, P1
2026/06/11 16:36:32.237, 316.98 W, 52, 2850 MHz, 13801 MHz, 22426 MiB, 100 %, P1
2026/06/11 16:36:33.253, 316.98 W, 52, 2850 MHz, 13801 MHz, 22426 MiB, 100 %, P1
2026/06/11 16:36:34.270, 316.98 W, 52, 2850 MHz, 13801 MHz, 22426 MiB, 100 %, P1
2026/06/11 16:36:35.270, 316.98 W, 52, 2850 MHz, 13801 MHz, 22426 MiB, 100 %, P1
2026/06/11 16:36:36.301, 316.98 W, 52, 2850 MHz, 13801 MHz, 22426 MiB, 100 %, P1
2026/06/11 16:36:37.317, 316.98 W, 52, 2850 MHz, 13801 MHz, 22426 MiB, 100 %, P1
2026/06/11 16:36:38.333, 316.98 W, 52, 2850 MHz, 13801 MHz, 22426 MiB, 100 %, P1
2026/06/11 16:36:39.348, 316.98 W, 52, 2850 MHz, 13801 MHz, 22426 MiB, 100 %, P1
2026/06/11 16:36:40.363, 316.98 W, 52, 2850 MHz, 13801 MHz, 22426 MiB, 100 %, P1
2026/06/11 16:36:41.363, 316.98 W, 52, 2850 MHz, 13801 MHz, 22426 MiB, 100 %, P1
2026/06/11 16:36:42.364, 316.98 W, 52, 2850 MHz, 13801 MHz, 22426 MiB, 100 %, P1
2026/06/11 16:36:43.380, 316.98 W, 52, 2850 MHz, 13801 MHz, 22426 MiB, 100 %, P1
2026/06/11 16:36:44.394, 316.98 W, 52, 2850 MHz, 13801 MHz, 22426 MiB, 100 %, P1
2026/06/11 16:36:45.409, 316.98 W, 52, 2850 MHz, 13801 MHz, 22426 MiB, 100 %, P1
2026/06/11 16:36:46.410, 316.98 W, 52, 2850 MHz, 13801 MHz, 22426 MiB, 100 %, P1
2026/06/11 16:36:47.411, 316.98 W, 52, 2850 MHz, 13801 MHz, 22426 MiB, 100 %, P1
2026/06/11 16:36:48.411, 316.98 W, 52, 2850 MHz, 13801 MHz, 22426 MiB, 100 %, P1
2026/06/11 16:36:49.441, 316.98 W, 52, 2850 MHz, 13801 MHz, 22426 MiB, 100 %, P1
2026/06/11 16:36:50.457, 316.98 W, 52, 2850 MHz, 13801 MHz, 22426 MiB, 100 %, P1
2026/06/11 16:36:51.457, 316.98 W, 52, 2850 MHz, 13801 MHz, 22426 MiB, 100 %, P1
2026/06/11 16:36:52.473, 316.98 W, 52, 2850 MHz, 13801 MHz, 22426 MiB, 100 %, P1
2026/06/11 16:36:53.488, 316.98 W, 52, 2850 MHz, 13801 MHz, 22426 MiB, 100 %, P1
2026/06/11 16:36:54.488, 316.98 W, 52, 2850 MHz, 13801 MHz, 22426 MiB, 100 %, P1
2026/06/11 16:36:55.503, 316.98 W, 52, 2850 MHz, 13801 MHz, 22426 MiB, 100 %, P1
2026/06/11 16:36:56.505, 316.98 W, 52, 2850 MHz, 13801 MHz, 22426 MiB, 100 %, P1
2026/06/11 16:36:57.520, 316.98 W, 52, 2850 MHz, 13801 MHz, 22426 MiB, 100 %, P1
2026/06/11 16:36:58.535, 316.98 W, 52, 2850 MHz, 13801 MHz, 22426 MiB, 100 %, P1
2026/06/11 16:36:59.551, 316.98 W, 52, 2850 MHz, 13801 MHz, 22426 MiB, 100 %, P1
2026/06/11 16:37:00.566, 316.98 W, 52, 2850 MHz, 13801 MHz, 22426 MiB, 100 %, P1
2026/06/11 16:37:01.582, 316.98 W, 52, 2850 MHz, 13801 MHz, 22426 MiB, 100 %, P1
2026/06/11 16:37:02.598, 316.98 W, 52, 2850 MHz, 13801 MHz, 22426 MiB, 100 %, P1
2026/06/11 16:37:03.613, 316.98 W, 52, 2850 MHz, 13801 MHz, 22426 MiB, 100 %, P1
2026/06/11 16:37:04.628, 316.98 W, 52, 2850 MHz, 13801 MHz, 22426 MiB, 100 %, P1
2026/06/11 16:37:05.644, 316.98 W, 52, 2850 MHz, 13801 MHz, 22426 MiB, 100 %, P1
2026/06/11 16:37:06.659, 316.98 W, 52, 2850 MHz, 13801 MHz, 22426 MiB, 100 %, P1
2026/06/11 16:37:07.660, 316.98 W, 52, 2850 MHz, 13801 MHz, 22426 MiB, 100 %, P1
2026/06/11 16:37:08.676, 316.98 W, 52, 2850 MHz, 13801 MHz, 22426 MiB, 100 %, P1
2026/06/11 16:37:09.691, 316.98 W, 52, 2850 MHz, 13801 MHz, 22426 MiB, 100 %, P1
2026/06/11 16:37:10.707, 316.98 W, 52, 2850 MHz, 13801 MHz, 22426 MiB, 100 %, P1
2026/06/11 16:37:11.707, 316.98 W, 52, 2850 MHz, 13801 MHz, 22426 MiB, 100 %, P1
2026/06/11 16:37:12.722, 316.98 W, 52, 2850 MHz, 13801 MHz, 22426 MiB, 100 %, P1
2026/06/11 16:37:13.722, 316.98 W, 52, 2850 MHz, 13801 MHz, 22426 MiB, 100 %, P1
2026/06/11 16:37:14.723, 316.98 W, 52, 2850 MHz, 13801 MHz, 22426 MiB, 100 %, P1
2026/06/11 16:37:15.739, 316.98 W, 52, 2850 MHz, 13801 MHz, 22426 MiB, 100 %, P1
2026/06/11 16:37:16.755, 316.98 W, 52, 2850 MHz, 13801 MHz, 22426 MiB, 100 %, P1
2026/06/11 16:37:17.769, 316.98 W, 52, 2850 MHz, 13801 MHz, 22426 MiB, 100 %, P1
2026/06/11 16:37:18.784, 316.98 W, 52, 2850 MHz, 13801 MHz, 22426 MiB, 100 %, P1
2026/06/11 16:37:19.785, 316.98 W, 52, 2850 MHz, 13801 MHz, 22426 MiB, 100 %, P1
2026/06/11 16:37:20.786, 316.98 W, 52, 2850 MHz, 13801 MHz, 22426 MiB, 100 %, P1
2026/06/11 16:37:21.816, 316.98 W, 52, 2850 MHz, 13801 MHz, 22426 MiB, 100 %, P1
2026/06/11 16:37:22.819, 316.98 W, 52, 2850 MHz, 13801 MHz, 22426 MiB, 100 %, P1
2026/06/11 16:37:23.833, 316.98 W, 52, 2850 MHz, 13801 MHz, 22426 MiB, 100 %, P1
2026/06/11 16:37:24.833, 316.98 W, 52, 2850 MHz, 13801 MHz, 22426 MiB, 100 %, P1
2026/06/11 16:37:25.863, 316.98 W, 52, 2850 MHz, 13801 MHz, 22426 MiB, 100 %, P1
2026/06/11 16:37:26.879, 316.98 W, 52, 2850 MHz, 13801 MHz, 22426 MiB, 100 %, P1
2026/06/11 16:37:27.879, 316.98 W, 52, 2850 MHz, 13801 MHz, 22426 MiB, 100 %, P1
2026/06/11 16:37:28.880, 316.98 W, 52, 2850 MHz, 13801 MHz, 22426 MiB, 100 %, P1
2026/06/11 16:37:29.881, 316.98 W, 52, 2850 MHz, 13801 MHz, 22426 MiB, 100 %, P1
2026/06/11 16:37:30.894, 316.98 W, 52, 2850 MHz, 13801 MHz, 22426 MiB, 100 %, P1
2026/06/11 16:37:31.895, 316.98 W, 52, 2850 MHz, 13801 MHz, 22426 MiB, 100 %, P1
2026/06/11 16:37:32.910, 316.98 W, 52, 2850 MHz, 13801 MHz, 22426 MiB, 100 %, P1
2026/06/11 16:37:33.925, 316.98 W, 52, 2850 MHz, 13801 MHz, 22426 MiB, 100 %, P1
2026/06/11 16:37:34.926, 316.98 W, 52, 2850 MHz, 13801 MHz, 22426 MiB, 100 %, P1
2026/06/11 16:37:35.941, 316.98 W, 52, 2850 MHz, 13801 MHz, 22426 MiB, 100 %, P1
2026/06/11 16:37:36.957, 316.98 W, 52, 2850 MHz, 13801 MHz, 22426 MiB, 100 %, P1
2026/06/11 16:37:37.973, 316.98 W, 52, 2850 MHz, 13801 MHz, 22426 MiB, 100 %, P1
2026/06/11 16:37:38.988, 316.98 W, 52, 2850 MHz, 13801 MHz, 22426 MiB, 100 %, P1
2026/06/11 16:37:39.988, 316.98 W, 52, 2850 MHz, 13801 MHz, 22426 MiB, 100 %, P1
2026/06/11 16:37:41.004, 316.98 W, 52, 2850 MHz, 13801 MHz, 22426 MiB, 100 %, P1
2026/06/11 16:37:42.019, 316.98 W, 52, 2850 MHz, 13801 MHz, 22426 MiB, 100 %, P1
2026/06/11 16:37:43.035, 316.98 W, 52, 2850 MHz, 13801 MHz, 22426 MiB, 100 %, P1
2026/06/11 16:37:44.050, 316.98 W, 52, 2850 MHz, 13801 MHz, 22426 MiB, 100 %, P1
2026/06/11 16:37:45.066, 316.98 W, 52, 2850 MHz, 13801 MHz, 22426 MiB, 100 %, P1
2026/06/11 16:37:46.082, 316.98 W, 52, 2850 MHz, 13801 MHz, 22426 MiB, 100 %, P1
2026/06/11 16:37:47.098, 316.98 W, 52, 2850 MHz, 13801 MHz, 22426 MiB, 100 %, P1
2026/06/11 16:37:48.098, 316.98 W, 52, 2850 MHz, 13801 MHz, 22426 MiB, 100 %, P1
2026/06/11 16:37:49.114, 316.98 W, 52, 2850 MHz, 13801 MHz, 22426 MiB, 100 %, P1
2026/06/11 16:37:50.129, 316.98 W, 52, 2850 MHz, 13801 MHz, 22426 MiB, 100 %, P1
2026/06/11 16:37:51.144, 316.98 W, 52, 2850 MHz, 13801 MHz, 22426 MiB, 100 %, P1
2026/06/11 16:37:52.145, 316.98 W, 52, 2850 MHz, 13801 MHz, 22426 MiB, 100 %, P1
2026/06/11 16:37:53.160, 316.98 W, 52, 2850 MHz, 13801 MHz, 22426 MiB, 100 %, P1
2026/06/11 16:37:54.161, 316.98 W, 52, 2850 MHz, 13801 MHz, 22426 MiB, 100 %, P1
2026/06/11 16:37:55.175, 316.98 W, 52, 2850 MHz, 13801 MHz, 22426 MiB, 100 %, P1
2026/06/11 16:37:56.190, 316.98 W, 52, 2850 MHz, 13801 MHz, 22426 MiB, 100 %, P1
2026/06/11 16:37:57.192, 316.98 W, 52, 2850 MHz, 13801 MHz, 22426 MiB, 100 %, P1
2026/06/11 16:37:58.192, 316.98 W, 52, 2850 MHz, 13801 MHz, 22426 MiB, 100 %, P1
2026/06/11 16:37:59.222, 316.98 W, 52, 2850 MHz, 13801 MHz, 22426 MiB, 100 %, P1
2026/06/11 16:38:00.238, 316.98 W, 52, 2850 MHz, 13801 MHz, 22426 MiB, 100 %, P1
2026/06/11 16:38:01.239, 316.98 W, 52, 2850 MHz, 13801 MHz, 22426 MiB, 100 %, P1
2026/06/11 16:38:02.255, 316.98 W, 52, 2850 MHz, 13801 MHz, 22426 MiB, 100 %, P1
2026/06/11 16:38:03.270, 316.98 W, 52, 2850 MHz, 13801 MHz, 22426 MiB, 100 %, P1
2026/06/11 16:38:04.286, 316.98 W, 52, 2850 MHz, 13801 MHz, 22426 MiB, 100 %, P1
2026/06/11 16:38:05.302, 316.98 W, 52, 2850 MHz, 13801 MHz, 22426 MiB, 100 %, P1
2026/06/11 16:38:06.316, 316.98 W, 52, 2850 MHz, 13801 MHz, 22426 MiB, 100 %, P1
2026/06/11 16:38:07.332, 316.98 W, 52, 2850 MHz, 13801 MHz, 22426 MiB, 100 %, P1
2026/06/11 16:38:08.332, 316.98 W, 52, 2850 MHz, 13801 MHz, 22426 MiB, 100 %, P1
2026/06/11 16:38:09.347, 316.98 W, 52, 2850 MHz, 13801 MHz, 22426 MiB, 100 %, P1
2026/06/11 16:38:10.348, 316.98 W, 52, 2850 MHz, 13801 MHz, 22426 MiB, 100 %, P1
2026/06/11 16:38:11.363, 316.98 W, 52, 2850 MHz, 13801 MHz, 22426 MiB, 100 %, P1
2026/06/11 16:38:12.379, 316.98 W, 52, 2850 MHz, 13801 MHz, 22426 MiB, 100 %, P1
2026/06/11 16:38:13.395, 316.98 W, 52, 2850 MHz, 13801 MHz, 22426 MiB, 100 %, P1
2026/06/11 16:38:14.425, 316.98 W, 52, 2850 MHz, 13801 MHz, 22426 MiB, 100 %, P1
2026/06/11 16:38:15.427, 316.98 W, 52, 2850 MHz, 13801 MHz, 22426 MiB, 100 %, P1
2026/06/11 16:38:16.442, 316.98 W, 52, 2850 MHz, 13801 MHz, 22426 MiB, 100 %, P1
2026/06/11 16:38:17.458, 316.98 W, 52, 2850 MHz, 13801 MHz, 22426 MiB, 100 %, P1
2026/06/11 16:38:18.473, 316.98 W, 52, 2850 MHz, 13801 MHz, 22426 MiB, 100 %, P1
2026/06/11 16:38:19.473, 316.98 W, 52, 2850 MHz, 13801 MHz, 22426 MiB, 100 %, P1
2026/06/11 16:38:20.488, 316.98 W, 52, 2850 MHz, 13801 MHz, 22426 MiB, 100 %, P1
2026/06/11 16:38:21.504, 316.98 W, 52, 2850 MHz, 13801 MHz, 22426 MiB, 100 %, P1
2026/06/11 16:38:22.519, 316.98 W, 52, 2850 MHz, 13801 MHz, 22426 MiB, 100 %, P1
2026/06/11 16:38:23.520, 316.98 W, 52, 2850 MHz, 13801 MHz, 22426 MiB, 100 %, P1
2026/06/11 16:38:24.535, 316.98 W, 52, 2850 MHz, 13801 MHz, 22426 MiB, 100 %, P1
2026/06/11 16:38:25.536, 316.98 W, 52, 2850 MHz, 13801 MHz, 22426 MiB, 100 %, P1
2026/06/11 16:38:26.566, 316.98 W, 52, 2850 MHz, 13801 MHz, 22426 MiB, 100 %, P1
2026/06/11 16:38:27.566, 316.98 W, 52, 2850 MHz, 13801 MHz, 22426 MiB, 100 %, P1
2026/06/11 16:38:28.567, 316.98 W, 52, 2850 MHz, 13801 MHz, 22426 MiB, 100 %, P1
2026/06/11 16:38:29.583, 316.98 W, 52, 2850 MHz, 13801 MHz, 22426 MiB, 100 %, P1
2026/06/11 16:38:30.583, 316.98 W, 52, 2850 MHz, 13801 MHz, 22426 MiB, 100 %, P1
2026/06/11 16:38:31.597, 316.98 W, 52, 2850 MHz, 13801 MHz, 22426 MiB, 100 %, P1
2026/06/11 16:38:32.598, 316.98 W, 52, 2850 MHz, 13801 MHz, 22426 MiB, 100 %, P1
2026/06/11 16:38:33.599, 316.98 W, 52, 2850 MHz, 13801 MHz, 22426 MiB, 100 %, P1
2026/06/11 16:38:34.600, 316.98 W, 52, 2850 MHz, 13801 MHz, 22426 MiB, 100 %, P1
2026/06/11 16:38:35.615, 316.98 W, 52, 2850 MHz, 13801 MHz, 22426 MiB, 100 %, P1
2026/06/11 16:38:36.629, 316.98 W, 52, 2850 MHz, 13801 MHz, 22426 MiB, 100 %, P1
2026/06/11 16:38:37.630, 316.98 W, 52, 2850 MHz, 13801 MHz, 22426 MiB, 100 %, P1
2026/06/11 16:38:38.646, 316.98 W, 52, 2850 MHz, 13801 MHz, 22426 MiB, 100 %, P1
2026/06/11 16:38:39.662, 316.98 W, 52, 2850 MHz, 13801 MHz, 22426 MiB, 100 %, P1
2026/06/11 16:38:40.676, 316.98 W, 52, 2850 MHz, 13801 MHz, 22426 MiB, 100 %, P1
2026/06/11 16:38:41.676, 316.98 W, 52, 2850 MHz, 13801 MHz, 22426 MiB, 100 %, P1
2026/06/11 16:38:42.692, 316.98 W, 52, 2850 MHz, 13801 MHz, 22426 MiB, 100 %, P1
2026/06/11 16:38:43.693, 316.98 W, 52, 2850 MHz, 13801 MHz, 22426 MiB, 100 %, P1
2026/06/11 16:38:44.705, 316.98 W, 52, 2850 MHz, 13801 MHz, 22426 MiB, 100 %, P1
2026/06/11 16:38:45.707, 316.98 W, 52, 2850 MHz, 13801 MHz, 22426 MiB, 100 %, P1
2026/06/11 16:38:46.723, 316.98 W, 52, 2850 MHz, 13801 MHz, 22426 MiB, 100 %, P1
2026/06/11 16:38:47.723, 316.98 W, 52, 2850 MHz, 13801 MHz, 22426 MiB, 100 %, P1
2026/06/11 16:38:48.724, 316.98 W, 52, 2850 MHz, 13801 MHz, 22426 MiB, 100 %, P1
2026/06/11 16:38:49.754, 316.98 W, 52, 2850 MHz, 13801 MHz, 22426 MiB, 100 %, P1
2026/06/11 16:38:50.770, 316.98 W, 52, 2850 MHz, 13801 MHz, 22426 MiB, 100 %, P1
2026/06/11 16:38:51.771, 316.98 W, 52, 2850 MHz, 13801 MHz, 22426 MiB, 100 %, P1
2026/06/11 16:38:52.771, 316.98 W, 52, 2850 MHz, 13801 MHz, 22426 MiB, 100 %, P1
2026/06/11 16:38:53.772, 316.98 W, 52, 2850 MHz, 13801 MHz, 22426 MiB, 100 %, P1
2026/06/11 16:38:54.786, 316.98 W, 52, 2850 MHz, 13801 MHz, 22426 MiB, 100 %, P1
2026/06/11 16:38:55.802, 316.98 W, 52, 2850 MHz, 13801 MHz, 22426 MiB, 100 %, P1
2026/06/11 16:38:56.818, 316.98 W, 52, 2850 MHz, 13801 MHz, 22426 MiB, 100 %, P1
2026/06/11 16:38:57.848, 316.98 W, 52, 2850 MHz, 13801 MHz, 22426 MiB, 100 %, P1
2026/06/11 16:38:58.864, 316.98 W, 52, 2850 MHz, 13801 MHz, 22426 MiB, 100 %, P1
2026/06/11 16:38:59.864, 316.98 W, 52, 2850 MHz, 13801 MHz, 22426 MiB, 100 %, P1
2026/06/11 16:39:00.880, 316.98 W, 52, 2850 MHz, 13801 MHz, 22426 MiB, 100 %, P1
2026/06/11 16:39:01.894, 316.98 W, 52, 2850 MHz, 13801 MHz, 22426 MiB, 100 %, P1
2026/06/11 16:39:02.895, 316.98 W, 52, 2850 MHz, 13801 MHz, 22426 MiB, 100 %, P1
2026/06/11 16:39:03.911, 316.98 W, 52, 2850 MHz, 13801 MHz, 22426 MiB, 100 %, P1
2026/06/11 16:39:04.926, 316.98 W, 52, 2850 MHz, 13801 MHz, 22426 MiB, 100 %, P1
2026/06/11 16:39:05.942, 316.98 W, 52, 2850 MHz, 13801 MHz, 22426 MiB, 100 %, P1
2026/06/11 16:39:06.958, 316.98 W, 52, 2850 MHz, 13801 MHz, 22426 MiB, 100 %, P1
2026/06/11 16:39:07.974, 316.98 W, 52, 2850 MHz, 13801 MHz, 22426 MiB, 100 %, P1
2026/06/11 16:39:09.004, 316.98 W, 52, 2850 MHz, 13801 MHz, 22426 MiB, 100 %, P1
2026/06/11 16:39:10.005, 316.98 W, 52, 2850 MHz, 13801 MHz, 22426 MiB, 100 %, P1
2026/06/11 16:39:11.005, 316.98 W, 52, 2850 MHz, 13801 MHz, 22426 MiB, 100 %, P1
2026/06/11 16:39:12.021, 316.98 W, 52, 2850 MHz, 13801 MHz, 22426 MiB, 100 %, P1
2026/06/11 16:39:13.022, 316.98 W, 52, 2850 MHz, 13801 MHz, 22426 MiB, 100 %, P1
2026/06/11 16:39:14.035, 316.98 W, 52, 2850 MHz, 13801 MHz, 22426 MiB, 100 %, P1
2026/06/11 16:39:15.036, 316.98 W, 52, 2850 MHz, 13801 MHz, 22426 MiB, 100 %, P1
2026/06/11 16:39:16.051, 316.98 W, 52, 2850 MHz, 13801 MHz, 22426 MiB, 100 %, P1
2026/06/11 16:39:17.053, 316.98 W, 52, 2850 MHz, 13801 MHz, 22426 MiB, 100 %, P1
2026/06/11 16:39:18.082, 316.98 W, 52, 2850 MHz, 13801 MHz, 22426 MiB, 100 %, P1
2026/06/11 16:39:19.098, 316.98 W, 52, 2850 MHz, 13801 MHz, 22426 MiB, 100 %, P1
2026/06/11 16:39:20.115, 316.98 W, 52, 2850 MHz, 13801 MHz, 22426 MiB, 100 %, P1
2026/06/11 16:39:21.144, 316.98 W, 52, 2850 MHz, 13801 MHz, 22426 MiB, 100 %, P1
2026/06/11 16:39:22.160, 316.98 W, 52, 2850 MHz, 13801 MHz, 22426 MiB, 100 %, P1
2026/06/11 16:39:23.177, 316.98 W, 52, 2850 MHz, 13801 MHz, 22426 MiB, 100 %, P1
2026/06/11 16:39:24.177, 316.98 W, 52, 2850 MHz, 13801 MHz, 22426 MiB, 100 %, P1
2026/06/11 16:39:25.192, 316.98 W, 52, 2850 MHz, 13801 MHz, 22426 MiB, 100 %, P1
2026/06/11 16:39:26.207, 316.98 W, 52, 2850 MHz, 13801 MHz, 22426 MiB, 100 %, P1
2026/06/11 16:39:27.210, 316.98 W, 52, 2850 MHz, 13801 MHz, 22426 MiB, 100 %, P1
2026/06/11 16:39:28.224, 316.98 W, 52, 2850 MHz, 13801 MHz, 22426 MiB, 100 %, P1
2026/06/11 16:39:29.238, 316.98 W, 52, 2850 MHz, 13801 MHz, 22426 MiB, 100 %, P1
2026/06/11 16:39:30.255, 316.98 W, 52, 2850 MHz, 13801 MHz, 22426 MiB, 100 %, P1
2026/06/11 16:39:31.255, 316.98 W, 52, 2850 MHz, 13801 MHz, 22426 MiB, 100 %, P1
2026/06/11 16:39:32.271, 316.98 W, 52, 2850 MHz, 13801 MHz, 22426 MiB, 100 %, P1
2026/06/11 16:39:33.285, 316.98 W, 52, 2850 MHz, 13801 MHz, 22426 MiB, 100 %, P1
2026/06/11 16:39:34.285, 316.98 W, 52, 2850 MHz, 13801 MHz, 22426 MiB, 100 %, P1
2026/06/11 16:39:35.302, 316.98 W, 52, 2850 MHz, 13801 MHz, 22426 MiB, 100 %, P1
2026/06/11 16:39:36.318, 316.98 W, 52, 2850 MHz, 13801 MHz, 22426 MiB, 100 %, P1
2026/06/11 16:39:37.332, 316.98 W, 52, 2850 MHz, 13801 MHz, 22426 MiB, 100 %, P1
2026/06/11 16:39:38.332, 316.98 W, 52, 2850 MHz, 13801 MHz, 22426 MiB, 100 %, P1
2026/06/11 16:39:39.349, 316.98 W, 52, 2850 MHz, 13801 MHz, 22426 MiB, 100 %, P1
2026/06/11 16:39:40.365, 316.98 W, 52, 2850 MHz, 13801 MHz, 22426 MiB, 100 %, P1
2026/06/11 16:39:41.379, 316.98 W, 52, 2850 MHz, 13801 MHz, 22426 MiB, 100 %, P1
2026/06/11 16:39:42.395, 316.98 W, 52, 2850 MHz, 13801 MHz, 22426 MiB, 100 %, P1
2026/06/11 16:39:43.412, 316.98 W, 52, 2850 MHz, 13801 MHz, 22426 MiB, 100 %, P1
2026/06/11 16:39:44.441, 316.98 W, 52, 2850 MHz, 13801 MHz, 22426 MiB, 100 %, P1
2026/06/11 16:39:45.442, 316.98 W, 52, 2850 MHz, 13801 MHz, 22426 MiB, 100 %, P1
2026/06/11 16:39:46.458, 316.98 W, 52, 2850 MHz, 13801 MHz, 22426 MiB, 100 %, P1
2026/06/11 16:39:47.475, 316.98 W, 52, 2850 MHz, 13801 MHz, 22426 MiB, 100 %, P1
2026/06/11 16:39:48.488, 316.98 W, 52, 2850 MHz, 13801 MHz, 22426 MiB, 100 %, P1
2026/06/11 16:39:49.489, 316.98 W, 52, 2850 MHz, 13801 MHz, 22426 MiB, 100 %, P1
2026/06/11 16:39:50.505, 316.98 W, 52, 2850 MHz, 13801 MHz, 22426 MiB, 100 %, P1
2026/06/11 16:39:51.521, 316.98 W, 52, 2850 MHz, 13801 MHz, 22426 MiB, 100 %, P1
2026/06/11 16:39:52.535, 316.98 W, 52, 2850 MHz, 13801 MHz, 22426 MiB, 100 %, P1
2026/06/11 16:39:53.551, 316.98 W, 52, 2850 MHz, 13801 MHz, 22426 MiB, 100 %, P1
2026/06/11 16:39:54.552, 316.98 W, 52, 2850 MHz, 13801 MHz, 22426 MiB, 100 %, P1
2026/06/11 16:39:55.553, 316.98 W, 52, 2850 MHz, 13801 MHz, 22426 MiB, 100 %, P1
2026/06/11 16:39:56.582, 316.98 W, 52, 2850 MHz, 13801 MHz, 22426 MiB, 100 %, P1
2026/06/11 16:39:57.598, 316.98 W, 52, 2850 MHz, 13801 MHz, 22426 MiB, 100 %, P1
2026/06/11 16:39:58.614, 316.98 W, 52, 2850 MHz, 13801 MHz, 22426 MiB, 100 %, P1
2026/06/11 16:39:59.616, 316.98 W, 52, 2850 MHz, 13801 MHz, 22426 MiB, 100 %, P1
2026/06/11 16:40:00.630, 316.98 W, 52, 2850 MHz, 13801 MHz, 22426 MiB, 100 %, P1
2026/06/11 16:40:01.645, 316.98 W, 52, 2850 MHz, 13801 MHz, 22426 MiB, 100 %, P1
2026/06/11 16:40:02.646, 316.98 W, 52, 2850 MHz, 13801 MHz, 22426 MiB, 100 %, P1
2026/06/11 16:40:03.661, 316.98 W, 52, 2850 MHz, 13801 MHz, 22426 MiB, 100 %, P1
2026/06/11 16:40:04.663, 316.98 W, 52, 2850 MHz, 13801 MHz, 22426 MiB, 100 %, P1
2026/06/11 16:40:05.675, 316.98 W, 52, 2850 MHz, 13801 MHz, 22426 MiB, 100 %, P1
2026/06/11 16:40:06.676, 316.98 W, 52, 2850 MHz, 13801 MHz, 22426 MiB, 100 %, P1
2026/06/11 16:40:07.677, 316.98 W, 52, 2850 MHz, 13801 MHz, 22426 MiB, 100 %, P1
2026/06/11 16:40:08.692, 316.98 W, 52, 2850 MHz, 13801 MHz, 22426 MiB, 100 %, P1
2026/06/11 16:40:09.694, 316.98 W, 52, 2850 MHz, 13801 MHz, 22426 MiB, 100 %, P1
2026/06/11 16:40:10.707, 316.98 W, 52, 2850 MHz, 13801 MHz, 22426 MiB, 100 %, P1
2026/06/11 16:40:11.708, 316.98 W, 52, 2850 MHz, 13801 MHz, 22426 MiB, 100 %, P1
2026/06/11 16:40:12.708, 316.98 W, 52, 2850 MHz, 13801 MHz, 22426 MiB, 100 %, P1
2026/06/11 16:40:13.709, 316.98 W, 52, 2850 MHz, 13801 MHz, 22426 MiB, 100 %, P1
2026/06/11 16:40:14.739, 316.98 W, 52, 2850 MHz, 13801 MHz, 22426 MiB, 100 %, P1
2026/06/11 16:40:15.755, 316.98 W, 52, 2850 MHz, 13801 MHz, 22426 MiB, 100 %, P1
2026/06/11 16:40:16.771, 316.98 W, 52, 2850 MHz, 13801 MHz, 22426 MiB, 100 %, P1
2026/06/11 16:40:17.787, 316.98 W, 52, 2850 MHz, 13801 MHz, 22426 MiB, 100 %, P1
2026/06/11 16:40:18.817, 316.98 W, 52, 2850 MHz, 13801 MHz, 22426 MiB, 100 %, P1
2026/06/11 16:40:19.817, 316.98 W, 52, 2850 MHz, 13801 MHz, 22426 MiB, 100 %, P1
2026/06/11 16:40:20.818, 316.98 W, 52, 2850 MHz, 13801 MHz, 22426 MiB, 100 %, P1
2026/06/11 16:40:21.818, 316.98 W, 52, 2850 MHz, 13801 MHz, 22426 MiB, 100 %, P1
2026/06/11 16:40:22.833, 316.98 W, 52, 2850 MHz, 13801 MHz, 22426 MiB, 100 %, P1
2026/06/11 16:40:23.834, 316.98 W, 52, 2850 MHz, 13801 MHz, 22426 MiB, 100 %, P1
2026/06/11 16:40:24.849, 316.98 W, 52, 2850 MHz, 13801 MHz, 22426 MiB, 100 %, P1
2026/06/11 16:40:25.850, 316.98 W, 52, 2850 MHz, 13801 MHz, 22426 MiB, 100 %, P1
2026/06/11 16:40:26.865, 316.98 W, 52, 2850 MHz, 13801 MHz, 22426 MiB, 100 %, P1
2026/06/11 16:40:27.879, 316.98 W, 52, 2850 MHz, 13801 MHz, 22426 MiB, 100 %, P1
2026/06/11 16:40:28.880, 316.98 W, 52, 2850 MHz, 13801 MHz, 22426 MiB, 100 %, P1
2026/06/11 16:40:29.881, 316.98 W, 52, 2850 MHz, 13801 MHz, 22426 MiB, 100 %, P1
2026/06/11 16:40:30.896, 316.98 W, 52, 2850 MHz, 13801 MHz, 22426 MiB, 100 %, P1
2026/06/11 16:40:31.897, 316.98 W, 52, 2850 MHz, 13801 MHz, 22426 MiB, 100 %, P1
2026/06/11 16:40:32.911, 316.98 W, 52, 2850 MHz, 13801 MHz, 22426 MiB, 100 %, P1
2026/06/11 16:40:33.911, 316.98 W, 52, 2850 MHz, 13801 MHz, 22426 MiB, 100 %, P1
2026/06/11 16:40:34.926, 316.98 W, 52, 2850 MHz, 13801 MHz, 22426 MiB, 100 %, P1
2026/06/11 16:40:35.941, 316.98 W, 52, 2850 MHz, 13801 MHz, 22426 MiB, 100 %, P1
2026/06/11 16:40:36.957, 316.98 W, 52, 2850 MHz, 13801 MHz, 22426 MiB, 100 %, P1
2026/06/11 16:40:37.958, 316.98 W, 52, 2850 MHz, 13801 MHz, 22426 MiB, 100 %, P1
2026/06/11 16:40:38.973, 316.98 W, 52, 2850 MHz, 13801 MHz, 22426 MiB, 100 %, P1
2026/06/11 16:40:39.974, 316.98 W, 52, 2850 MHz, 13801 MHz, 22426 MiB, 100 %, P1
2026/06/11 16:40:40.989, 316.98 W, 52, 2850 MHz, 13801 MHz, 22426 MiB, 100 %, P1
2026/06/11 16:40:42.004, 316.98 W, 52, 2850 MHz, 13801 MHz, 22426 MiB, 100 %, P1
2026/06/11 16:40:43.019, 316.98 W, 52, 2850 MHz, 13801 MHz, 22426 MiB, 100 %, P1
2026/06/11 16:40:44.036, 316.98 W, 52, 2850 MHz, 13801 MHz, 22426 MiB, 100 %, P1
2026/06/11 16:40:45.051, 316.98 W, 52, 2850 MHz, 13801 MHz, 22426 MiB, 100 %, P1
2026/06/11 16:40:46.082, 316.98 W, 52, 2850 MHz, 13801 MHz, 22426 MiB, 100 %, P1
2026/06/11 16:40:47.097, 316.98 W, 52, 2850 MHz, 13801 MHz, 22426 MiB, 100 %, P1
2026/06/11 16:40:48.113, 316.98 W, 52, 2850 MHz, 13801 MHz, 22426 MiB, 100 %, P1
2026/06/11 16:40:49.129, 316.98 W, 52, 2850 MHz, 13801 MHz, 22426 MiB, 100 %, P1
2026/06/11 16:40:50.144, 316.98 W, 52, 2850 MHz, 13801 MHz, 22426 MiB, 100 %, P1
2026/06/11 16:40:51.160, 316.98 W, 52, 2850 MHz, 13801 MHz, 22426 MiB, 100 %, P1
2026/06/11 16:40:52.176, 316.98 W, 52, 2850 MHz, 13801 MHz, 22426 MiB, 100 %, P1
2026/06/11 16:40:53.192, 316.98 W, 52, 2850 MHz, 13801 MHz, 22426 MiB, 100 %, P1
2026/06/11 16:40:54.208, 316.98 W, 52, 2850 MHz, 13801 MHz, 22426 MiB, 100 %, P1
2026/06/11 16:40:55.223, 316.98 W, 52, 2850 MHz, 13801 MHz, 22426 MiB, 100 %, P1
2026/06/11 16:40:56.238, 316.98 W, 52, 2850 MHz, 13801 MHz, 22426 MiB, 100 %, P1
2026/06/11 16:40:57.239, 316.98 W, 52, 2850 MHz, 13801 MHz, 22426 MiB, 100 %, P1
2026/06/11 16:40:58.254, 316.98 W, 52, 2850 MHz, 13801 MHz, 22426 MiB, 100 %, P1
2026/06/11 16:40:59.269, 316.98 W, 52, 2850 MHz, 13801 MHz, 22426 MiB, 100 %, P1
2026/06/11 16:41:00.285, 316.98 W, 52, 2850 MHz, 13801 MHz, 22426 MiB, 100 %, P1
2026/06/11 16:41:01.286, 316.98 W, 52, 2850 MHz, 13801 MHz, 22426 MiB, 100 %, P1
2026/06/11 16:41:02.301, 316.98 W, 52, 2850 MHz, 13801 MHz, 22426 MiB, 100 %, P1
2026/06/11 16:41:03.317, 316.98 W, 52, 2850 MHz, 13801 MHz, 22426 MiB, 100 %, P1
2026/06/11 16:41:04.332, 316.98 W, 52, 2850 MHz, 13801 MHz, 22426 MiB, 100 %, P1
2026/06/11 16:41:05.333, 316.98 W, 52, 2850 MHz, 13801 MHz, 22426 MiB, 100 %, P1
2026/06/11 16:41:06.363, 316.98 W, 52, 2850 MHz, 13801 MHz, 22426 MiB, 100 %, P1
2026/06/11 16:41:07.379, 316.98 W, 52, 2850 MHz, 13801 MHz, 22426 MiB, 100 %, P1
2026/06/11 16:41:08.395, 316.98 W, 52, 2850 MHz, 13801 MHz, 22426 MiB, 100 %, P1
2026/06/11 16:41:09.425, 316.98 W, 52, 2850 MHz, 13801 MHz, 22426 MiB, 100 %, P1
2026/06/11 16:41:10.442, 316.98 W, 52, 2850 MHz, 13801 MHz, 22426 MiB, 100 %, P1
2026/06/11 16:41:11.442, 316.98 W, 52, 2850 MHz, 13801 MHz, 22426 MiB, 100 %, P1
2026/06/11 16:41:12.458, 316.98 W, 52, 2850 MHz, 13801 MHz, 22426 MiB, 100 %, P1
2026/06/11 16:41:13.473, 316.98 W, 52, 2850 MHz, 13801 MHz, 22426 MiB, 100 %, P1
2026/06/11 16:41:14.473, 316.98 W, 52, 2850 MHz, 13801 MHz, 22426 MiB, 100 %, P1
2026/06/11 16:41:15.488, 316.98 W, 52, 2850 MHz, 13801 MHz, 22426 MiB, 100 %, P1
2026/06/11 16:41:16.505, 316.98 W, 52, 2850 MHz, 13801 MHz, 22426 MiB, 100 %, P1
2026/06/11 16:41:17.520, 316.98 W, 52, 2850 MHz, 13801 MHz, 22426 MiB, 100 %, P1
2026/06/11 16:41:18.520, 316.98 W, 52, 2850 MHz, 13801 MHz, 22426 MiB, 100 %, P1
2026/06/11 16:41:19.535, 316.98 W, 52, 2850 MHz, 13801 MHz, 22426 MiB, 100 %, P1
2026/06/11 16:41:20.551, 316.98 W, 52, 2850 MHz, 13801 MHz, 22426 MiB, 100 %, P1
2026/06/11 16:41:21.567, 316.98 W, 52, 2850 MHz, 13801 MHz, 22426 MiB, 100 %, P1
2026/06/11 16:41:22.582, 316.98 W, 52, 2850 MHz, 13801 MHz, 22426 MiB, 100 %, P1
2026/06/11 16:41:23.598, 316.98 W, 52, 2850 MHz, 13801 MHz, 22426 MiB, 100 %, P1
2026/06/11 16:41:24.599, 316.98 W, 52, 2850 MHz, 13801 MHz, 22426 MiB, 100 %, P1
2026/06/11 16:41:25.614, 316.98 W, 52, 2850 MHz, 13801 MHz, 22426 MiB, 100 %, P1
2026/06/11 16:41:26.629, 316.98 W, 52, 2850 MHz, 13801 MHz, 22426 MiB, 100 %, P1
2026/06/11 16:41:27.645, 316.98 W, 52, 2850 MHz, 13801 MHz, 22426 MiB, 100 %, P1
2026/06/11 16:41:28.660, 316.98 W, 52, 2850 MHz, 13801 MHz, 22426 MiB, 100 %, P1
2026/06/11 16:41:29.676, 316.98 W, 52, 2850 MHz, 13801 MHz, 22426 MiB, 100 %, P1
2026/06/11 16:41:30.692, 316.98 W, 52, 2850 MHz, 13801 MHz, 22426 MiB, 100 %, P1
2026/06/11 16:41:31.708, 316.98 W, 52, 2850 MHz, 13801 MHz, 22426 MiB, 100 %, P1
2026/06/11 16:41:32.722, 316.98 W, 52, 2850 MHz, 13801 MHz, 22426 MiB, 100 %, P1
2026/06/11 16:41:33.723, 316.98 W, 52, 2850 MHz, 13801 MHz, 22426 MiB, 100 %, P1
2026/06/11 16:41:34.738, 316.98 W, 52, 2850 MHz, 13801 MHz, 22426 MiB, 100 %, P1
2026/06/11 16:41:35.755, 316.98 W, 52, 2850 MHz, 13801 MHz, 22426 MiB, 100 %, P1
2026/06/11 16:41:36.769, 316.98 W, 52, 2850 MHz, 13801 MHz, 22426 MiB, 100 %, P1
2026/06/11 16:41:37.770, 316.98 W, 52, 2850 MHz, 13801 MHz, 22426 MiB, 100 %, P1
2026/06/11 16:41:38.770, 316.98 W, 52, 2850 MHz, 13801 MHz, 22426 MiB, 100 %, P1
2026/06/11 16:41:39.786, 316.98 W, 52, 2850 MHz, 13801 MHz, 22426 MiB, 100 %, P1
2026/06/11 16:41:40.801, 316.98 W, 52, 2850 MHz, 13801 MHz, 22426 MiB, 100 %, P1
2026/06/11 16:41:41.816, 316.98 W, 52, 2850 MHz, 13801 MHz, 22426 MiB, 100 %, P1
2026/06/11 16:41:42.817, 316.98 W, 52, 2850 MHz, 13801 MHz, 22426 MiB, 100 %, P1
2026/06/11 16:41:43.833, 316.98 W, 52, 2850 MHz, 13801 MHz, 22426 MiB, 100 %, P1
2026/06/11 16:41:44.863, 316.98 W, 52, 2850 MHz, 13801 MHz, 22426 MiB, 100 %, P1
2026/06/11 16:41:45.864, 316.98 W, 52, 2850 MHz, 13801 MHz, 22426 MiB, 100 %, P1
2026/06/11 16:41:46.879, 316.98 W, 52, 2850 MHz, 13801 MHz, 22426 MiB, 100 %, P1
2026/06/11 16:41:47.895, 316.98 W, 52, 2850 MHz, 13801 MHz, 22426 MiB, 100 %, P1
2026/06/11 16:41:48.910, 316.98 W, 52, 2850 MHz, 13801 MHz, 22426 MiB, 100 %, P1
2026/06/11 16:41:49.910, 316.98 W, 52, 2850 MHz, 13801 MHz, 22426 MiB, 100 %, P1
2026/06/11 16:41:50.926, 316.98 W, 52, 2850 MHz, 13801 MHz, 22426 MiB, 100 %, P1
2026/06/11 16:41:51.942, 316.98 W, 52, 2850 MHz, 13801 MHz, 22426 MiB, 100 %, P1
2026/06/11 16:41:52.956, 316.98 W, 52, 2850 MHz, 13801 MHz, 22426 MiB, 100 %, P1
2026/06/11 16:41:53.957, 316.98 W, 52, 2850 MHz, 13801 MHz, 22426 MiB, 100 %, P1
2026/06/11 16:41:54.973, 316.98 W, 52, 2850 MHz, 13801 MHz, 22426 MiB, 100 %, P1
2026/06/11 16:41:55.989, 316.98 W, 52, 2850 MHz, 13801 MHz, 22426 MiB, 100 %, P1
2026/06/11 16:41:57.003, 316.98 W, 52, 2850 MHz, 13801 MHz, 22426 MiB, 100 %, P1
2026/06/11 16:41:58.004, 316.98 W, 52, 2850 MHz, 13801 MHz, 22426 MiB, 100 %, P1
2026/06/11 16:41:59.019, 316.98 W, 52, 2850 MHz, 13801 MHz, 22426 MiB, 100 %, P1
2026/06/11 16:42:00.020, 316.98 W, 52, 2850 MHz, 13801 MHz, 22426 MiB, 100 %, P1
2026/06/11 16:42:01.035, 316.98 W, 52, 2850 MHz, 13801 MHz, 22426 MiB, 100 %, P1
2026/06/11 16:42:02.050, 316.98 W, 52, 2850 MHz, 13801 MHz, 22426 MiB, 100 %, P1
2026/06/11 16:42:03.051, 316.98 W, 52, 2850 MHz, 13801 MHz, 22426 MiB, 100 %, P1
2026/06/11 16:42:04.067, 316.98 W, 52, 2850 MHz, 13801 MHz, 22426 MiB, 100 %, P1
2026/06/11 16:42:05.082, 316.98 W, 52, 2850 MHz, 13801 MHz, 22426 MiB, 100 %, P1
2026/06/11 16:42:06.098, 316.98 W, 52, 2850 MHz, 13801 MHz, 22426 MiB, 100 %, P1
2026/06/11 16:42:07.113, 316.98 W, 52, 2850 MHz, 13801 MHz, 22426 MiB, 100 %, P1
2026/06/11 16:42:08.114, 316.98 W, 52, 2850 MHz, 13801 MHz, 22426 MiB, 100 %, P1
2026/06/11 16:42:09.129, 316.98 W, 52, 2850 MHz, 13801 MHz, 22426 MiB, 100 %, P1
2026/06/11 16:42:10.130, 316.98 W, 52, 2850 MHz, 13801 MHz, 22426 MiB, 100 %, P1
2026/06/11 16:42:11.146, 316.98 W, 52, 2850 MHz, 13801 MHz, 22426 MiB, 100 %, P1
2026/06/11 16:42:12.162, 316.98 W, 52, 2850 MHz, 13801 MHz, 22426 MiB, 100 %, P1
2026/06/11 16:42:13.191, 316.98 W, 52, 2850 MHz, 13801 MHz, 22426 MiB, 100 %, P1
2026/06/11 16:42:14.192, 316.98 W, 52, 2850 MHz, 13801 MHz, 22426 MiB, 100 %, P1
2026/06/11 16:42:15.193, 316.98 W, 52, 2850 MHz, 13801 MHz, 22426 MiB, 100 %, P1
2026/06/11 16:42:16.208, 316.98 W, 52, 2850 MHz, 13801 MHz, 22426 MiB, 100 %, P1
2026/06/11 16:42:17.210, 316.98 W, 52, 2850 MHz, 13801 MHz, 22426 MiB, 100 %, P1
2026/06/11 16:42:18.223, 316.98 W, 52, 2850 MHz, 13801 MHz, 22426 MiB, 100 %, P1
2026/06/11 16:42:19.239, 316.98 W, 52, 2850 MHz, 13801 MHz, 22426 MiB, 100 %, P1
2026/06/11 16:42:20.240, 316.98 W, 52, 2850 MHz, 13801 MHz, 22426 MiB, 100 %, P1
2026/06/11 16:42:21.255, 316.98 W, 52, 2850 MHz, 13801 MHz, 22426 MiB, 100 %, P1
2026/06/11 16:42:22.270, 316.98 W, 52, 2850 MHz, 13801 MHz, 22426 MiB, 100 %, P1
2026/06/11 16:42:23.285, 316.98 W, 52, 2850 MHz, 13801 MHz, 22426 MiB, 100 %, P1
2026/06/11 16:42:24.286, 316.98 W, 52, 2850 MHz, 13801 MHz, 22426 MiB, 100 %, P1
2026/06/11 16:42:25.301, 316.98 W, 52, 2850 MHz, 13801 MHz, 22426 MiB, 100 %, P1
2026/06/11 16:42:26.316, 316.98 W, 52, 2850 MHz, 13801 MHz, 22426 MiB, 100 %, P1
2026/06/11 16:42:27.317, 316.98 W, 52, 2850 MHz, 13801 MHz, 22426 MiB, 100 %, P1
2026/06/11 16:42:28.332, 316.98 W, 52, 2850 MHz, 13801 MHz, 22426 MiB, 100 %, P1
2026/06/11 16:42:29.348, 316.98 W, 52, 2850 MHz, 13801 MHz, 22426 MiB, 100 %, P1
2026/06/11 16:42:30.363, 316.98 W, 52, 2850 MHz, 13801 MHz, 22426 MiB, 100 %, P1
2026/06/11 16:42:31.379, 316.98 W, 52, 2850 MHz, 13801 MHz, 22426 MiB, 100 %, P1
2026/06/11 16:42:32.394, 316.98 W, 52, 2850 MHz, 13801 MHz, 22426 MiB, 100 %, P1
2026/06/11 16:42:33.409, 316.98 W, 52, 2850 MHz, 13801 MHz, 22426 MiB, 100 %, P1
2026/06/11 16:42:34.410, 316.98 W, 52, 2850 MHz, 13801 MHz, 22426 MiB, 100 %, P1
2026/06/11 16:42:35.426, 316.98 W, 52, 2850 MHz, 13801 MHz, 22426 MiB, 100 %, P1
2026/06/11 16:42:36.442, 316.98 W, 52, 2850 MHz, 13801 MHz, 22426 MiB, 100 %, P1
2026/06/11 16:42:37.472, 316.98 W, 52, 2850 MHz, 13801 MHz, 22426 MiB, 100 %, P1
2026/06/11 16:42:38.488, 316.98 W, 52, 2850 MHz, 13801 MHz, 22426 MiB, 100 %, P1
2026/06/11 16:42:39.504, 316.98 W, 52, 2850 MHz, 13801 MHz, 22426 MiB, 100 %, P1
2026/06/11 16:42:40.504, 316.98 W, 52, 2850 MHz, 13801 MHz, 22426 MiB, 100 %, P1
2026/06/11 16:42:41.519, 316.98 W, 52, 2850 MHz, 13801 MHz, 22426 MiB, 100 %, P1
2026/06/11 16:42:42.520, 316.98 W, 52, 2850 MHz, 13801 MHz, 22426 MiB, 100 %, P1
2026/06/11 16:42:43.536, 316.98 W, 52, 2850 MHz, 13801 MHz, 22426 MiB, 100 %, P1
2026/06/11 16:42:44.551, 316.98 W, 52, 2850 MHz, 13801 MHz, 22426 MiB, 100 %, P1
2026/06/11 16:42:45.566, 316.98 W, 52, 2850 MHz, 13801 MHz, 22426 MiB, 100 %, P1
2026/06/11 16:42:46.567, 316.98 W, 52, 2850 MHz, 13801 MHz, 22426 MiB, 100 %, P1
2026/06/11 16:42:47.582, 316.98 W, 52, 2850 MHz, 13801 MHz, 22426 MiB, 100 %, P1
2026/06/11 16:42:48.583, 316.98 W, 52, 2850 MHz, 13801 MHz, 22426 MiB, 100 %, P1
2026/06/11 16:42:49.612, 316.98 W, 52, 2850 MHz, 13801 MHz, 22426 MiB, 100 %, P1
2026/06/11 16:42:50.613, 316.98 W, 52, 2850 MHz, 13801 MHz, 22426 MiB, 100 %, P1
2026/06/11 16:42:51.629, 316.98 W, 52, 2850 MHz, 13801 MHz, 22426 MiB, 100 %, P1
2026/06/11 16:42:52.629, 316.98 W, 52, 2850 MHz, 13801 MHz, 22426 MiB, 100 %, P1
2026/06/11 16:42:53.644, 316.98 W, 52, 2850 MHz, 13801 MHz, 22426 MiB, 100 %, P1
2026/06/11 16:42:54.660, 316.98 W, 52, 2850 MHz, 13801 MHz, 22426 MiB, 100 %, P1
2026/06/11 16:42:55.676, 316.98 W, 52, 2850 MHz, 13801 MHz, 22426 MiB, 100 %, P1
2026/06/11 16:42:56.676, 316.98 W, 52, 2850 MHz, 13801 MHz, 22426 MiB, 100 %, P1
2026/06/11 16:42:57.707, 316.98 W, 52, 2850 MHz, 13801 MHz, 22426 MiB, 100 %, P1
2026/06/11 16:42:58.707, 316.98 W, 52, 2850 MHz, 13801 MHz, 22426 MiB, 100 %, P1
2026/06/11 16:42:59.723, 316.98 W, 52, 2850 MHz, 13801 MHz, 22426 MiB, 100 %, P1
2026/06/11 16:43:00.739, 316.98 W, 52, 2850 MHz, 13801 MHz, 22426 MiB, 100 %, P1
2026/06/11 16:43:01.754, 316.98 W, 52, 2850 MHz, 13801 MHz, 22426 MiB, 100 %, P1
2026/06/11 16:43:02.770, 316.98 W, 52, 2850 MHz, 13801 MHz, 22426 MiB, 100 %, P1
2026/06/11 16:43:03.785, 316.98 W, 52, 2850 MHz, 13801 MHz, 22426 MiB, 100 %, P1
2026/06/11 16:43:04.800, 316.98 W, 52, 2850 MHz, 13801 MHz, 22426 MiB, 100 %, P1
2026/06/11 16:43:05.801, 316.98 W, 52, 2850 MHz, 13801 MHz, 22426 MiB, 100 %, P1
2026/06/11 16:43:06.816, 316.98 W, 52, 2850 MHz, 13801 MHz, 22426 MiB, 100 %, P1
2026/06/11 16:43:07.817, 316.98 W, 52, 2850 MHz, 13801 MHz, 22426 MiB, 100 %, P1
2026/06/11 16:43:08.817, 316.98 W, 52, 2850 MHz, 13801 MHz, 22426 MiB, 100 %, P1
2026/06/11 16:43:09.847, 316.98 W, 52, 2850 MHz, 13801 MHz, 22426 MiB, 100 %, P1
2026/06/11 16:43:10.863, 316.98 W, 52, 2850 MHz, 13801 MHz, 22426 MiB, 100 %, P1
2026/06/11 16:43:11.879, 316.98 W, 52, 2850 MHz, 13801 MHz, 22426 MiB, 100 %, P1
2026/06/11 16:43:12.909, 316.98 W, 52, 2850 MHz, 13801 MHz, 22426 MiB, 100 %, P1
2026/06/11 16:43:13.910, 316.98 W, 52, 2850 MHz, 13801 MHz, 22426 MiB, 100 %, P1
2026/06/11 16:43:14.926, 316.98 W, 52, 2850 MHz, 13801 MHz, 22426 MiB, 100 %, P1
2026/06/11 16:43:15.926, 316.98 W, 52, 2850 MHz, 13801 MHz, 22426 MiB, 100 %, P1
2026/06/11 16:43:16.956, 316.98 W, 52, 2850 MHz, 13801 MHz, 22426 MiB, 100 %, P1
2026/06/11 16:43:17.957, 316.98 W, 52, 2850 MHz, 13801 MHz, 22426 MiB, 100 %, P1
2026/06/11 16:43:18.958, 316.98 W, 52, 2850 MHz, 13801 MHz, 22426 MiB, 100 %, P1
2026/06/11 16:43:19.974, 316.98 W, 52, 2850 MHz, 13801 MHz, 22426 MiB, 100 %, P1
2026/06/11 16:43:20.988, 316.98 W, 52, 2850 MHz, 13801 MHz, 22426 MiB, 100 %, P1
2026/06/11 16:43:22.003, 316.98 W, 52, 2850 MHz, 13801 MHz, 22426 MiB, 100 %, P1
2026/06/11 16:43:23.004, 316.98 W, 52, 2850 MHz, 13801 MHz, 22426 MiB, 100 %, P1
2026/06/11 16:43:24.005, 316.98 W, 52, 2850 MHz, 13801 MHz, 22426 MiB, 100 %, P1
2026/06/11 16:43:25.021, 316.98 W, 52, 2850 MHz, 13801 MHz, 22426 MiB, 100 %, P1
2026/06/11 16:43:26.034, 316.98 W, 52, 2850 MHz, 13801 MHz, 22426 MiB, 100 %, P1
2026/06/11 16:43:27.035, 316.98 W, 52, 2850 MHz, 13801 MHz, 22426 MiB, 100 %, P1
2026/06/11 16:43:28.051, 316.98 W, 52, 2850 MHz, 13801 MHz, 22426 MiB, 100 %, P1
2026/06/11 16:43:29.052, 316.98 W, 52, 2850 MHz, 13801 MHz, 22426 MiB, 100 %, P1
2026/06/11 16:43:30.052, 316.98 W, 52, 2850 MHz, 13801 MHz, 22426 MiB, 100 %, P1
2026/06/11 16:43:31.066, 316.98 W, 52, 2850 MHz, 13801 MHz, 22426 MiB, 100 %, P1
2026/06/11 16:43:32.082, 316.98 W, 52, 2850 MHz, 13801 MHz, 22426 MiB, 100 %, P1
2026/06/11 16:43:33.098, 316.98 W, 52, 2850 MHz, 13801 MHz, 22426 MiB, 100 %, P1
2026/06/11 16:43:34.098, 316.98 W, 52, 2850 MHz, 13801 MHz, 22426 MiB, 100 %, P1
2026/06/11 16:43:35.112, 316.98 W, 52, 2850 MHz, 13801 MHz, 22426 MiB, 100 %, P1
2026/06/11 16:43:36.113, 316.98 W, 52, 2850 MHz, 13801 MHz, 22426 MiB, 100 %, P1
2026/06/11 16:43:37.129, 316.98 W, 52, 2850 MHz, 13801 MHz, 22426 MiB, 100 %, P1
2026/06/11 16:43:38.145, 316.98 W, 52, 2850 MHz, 13801 MHz, 22426 MiB, 100 %, P1
2026/06/11 16:43:39.159, 316.98 W, 52, 2850 MHz, 13801 MHz, 22426 MiB, 100 %, P1
2026/06/11 16:43:40.160, 316.98 W, 52, 2850 MHz, 13801 MHz, 22426 MiB, 100 %, P1
2026/06/11 16:43:41.176, 316.98 W, 52, 2850 MHz, 13801 MHz, 22426 MiB, 100 %, P1
2026/06/11 16:43:42.192, 316.98 W, 52, 2850 MHz, 13801 MHz, 22426 MiB, 100 %, P1
2026/06/11 16:43:43.207, 316.98 W, 52, 2850 MHz, 13801 MHz, 22426 MiB, 100 %, P1
2026/06/11 16:43:44.207, 316.98 W, 52, 2850 MHz, 13801 MHz, 22426 MiB, 100 %, P1
2026/06/11 16:43:45.223, 316.98 W, 52, 2850 MHz, 13801 MHz, 22426 MiB, 100 %, P1
2026/06/11 16:43:46.224, 316.98 W, 52, 2850 MHz, 13801 MHz, 22426 MiB, 100 %, P1
2026/06/11 16:43:47.254, 316.98 W, 52, 2850 MHz, 13801 MHz, 22426 MiB, 100 %, P1
2026/06/11 16:43:48.254, 316.98 W, 52, 2850 MHz, 13801 MHz, 22426 MiB, 100 %, P1
2026/06/11 16:43:49.270, 316.98 W, 52, 2850 MHz, 13801 MHz, 22426 MiB, 100 %, P1
2026/06/11 16:43:50.286, 316.98 W, 52, 2850 MHz, 13801 MHz, 22426 MiB, 100 %, P1
2026/06/11 16:43:51.300, 316.98 W, 52, 2850 MHz, 13801 MHz, 22426 MiB, 100 %, P1
2026/06/11 16:43:52.301, 316.98 W, 52, 2850 MHz, 13801 MHz, 22426 MiB, 100 %, P1
2026/06/11 16:43:53.301, 316.98 W, 52, 2850 MHz, 13801 MHz, 22426 MiB, 100 %, P1
2026/06/11 16:43:54.301, 316.98 W, 52, 2850 MHz, 13801 MHz, 22426 MiB, 100 %, P1
2026/06/11 16:43:55.317, 316.98 W, 52, 2850 MHz, 13801 MHz, 22426 MiB, 100 %, P1
2026/06/11 16:43:56.331, 316.98 W, 52, 2850 MHz, 13801 MHz, 22426 MiB, 100 %, P1
2026/06/11 16:43:57.332, 316.98 W, 52, 2850 MHz, 13801 MHz, 22426 MiB, 100 %, P1
2026/06/11 16:43:58.347, 316.98 W, 52, 2850 MHz, 13801 MHz, 22426 MiB, 100 %, P1
2026/06/11 16:43:59.349, 316.98 W, 52, 2850 MHz, 13801 MHz, 22426 MiB, 100 %, P1
2026/06/11 16:44:00.349, 316.98 W, 52, 2850 MHz, 13801 MHz, 22426 MiB, 100 %, P1
2026/06/11 16:44:01.362, 316.98 W, 52, 2850 MHz, 13801 MHz, 22426 MiB, 100 %, P1
2026/06/11 16:44:02.363, 316.98 W, 52, 2850 MHz, 13801 MHz, 22426 MiB, 100 %, P1
2026/06/11 16:44:03.364, 316.98 W, 52, 2850 MHz, 13801 MHz, 22426 MiB, 100 %, P1
2026/06/11 16:44:04.379, 316.98 W, 52, 2850 MHz, 13801 MHz, 22426 MiB, 100 %, P1
2026/06/11 16:44:05.379, 316.98 W, 52, 2850 MHz, 13801 MHz, 22426 MiB, 100 %, P1
2026/06/11 16:44:06.394, 316.98 W, 52, 2850 MHz, 13801 MHz, 22426 MiB, 100 %, P1
2026/06/11 16:44:07.394, 316.98 W, 52, 2850 MHz, 13801 MHz, 22426 MiB, 100 %, P1
2026/06/11 16:44:08.395, 316.98 W, 52, 2850 MHz, 13801 MHz, 22426 MiB, 100 %, P1
2026/06/11 16:44:09.411, 316.98 W, 52, 2850 MHz, 13801 MHz, 22426 MiB, 100 %, P1
2026/06/11 16:44:10.441, 316.98 W, 52, 2850 MHz, 13801 MHz, 22426 MiB, 100 %, P1
2026/06/11 16:44:11.457, 316.98 W, 52, 2850 MHz, 13801 MHz, 22426 MiB, 100 %, P1
2026/06/11 16:44:12.457, 316.98 W, 52, 2850 MHz, 13801 MHz, 22426 MiB, 100 %, P1
2026/06/11 16:44:13.474, 316.98 W, 52, 2850 MHz, 13801 MHz, 22426 MiB, 100 %, P1
2026/06/11 16:44:14.488, 316.98 W, 52, 2850 MHz, 13801 MHz, 22426 MiB, 100 %, P1
2026/06/11 16:44:15.504, 316.98 W, 52, 2850 MHz, 13801 MHz, 22426 MiB, 100 %, P1
2026/06/11 16:44:16.520, 316.98 W, 52, 2850 MHz, 13801 MHz, 22426 MiB, 100 %, P1
2026/06/11 16:44:17.520, 316.98 W, 52, 2850 MHz, 13801 MHz, 22426 MiB, 100 %, P1
2026/06/11 16:44:18.535, 316.98 W, 52, 2850 MHz, 13801 MHz, 22426 MiB, 100 %, P1
2026/06/11 16:44:19.536, 316.98 W, 52, 2850 MHz, 13801 MHz, 22426 MiB, 100 %, P1
2026/06/11 16:44:20.551, 316.98 W, 52, 2850 MHz, 13801 MHz, 22426 MiB, 100 %, P1
2026/06/11 16:44:21.567, 316.98 W, 52, 2850 MHz, 13801 MHz, 22426 MiB, 100 %, P1
2026/06/11 16:44:22.581, 316.98 W, 52, 2850 MHz, 13801 MHz, 22426 MiB, 100 %, P1
2026/06/11 16:44:23.582, 316.98 W, 52, 2850 MHz, 13801 MHz, 22426 MiB, 100 %, P1
2026/06/11 16:44:24.597, 316.98 W, 52, 2850 MHz, 13801 MHz, 22426 MiB, 100 %, P1
2026/06/11 16:44:25.599, 316.98 W, 52, 2850 MHz, 13801 MHz, 22426 MiB, 100 %, P1
2026/06/11 16:44:26.613, 316.98 W, 52, 2850 MHz, 13801 MHz, 22426 MiB, 100 %, P1
2026/06/11 16:44:27.629, 316.98 W, 52, 2850 MHz, 13801 MHz, 22426 MiB, 100 %, P1
2026/06/11 16:44:28.644, 316.98 W, 52, 2850 MHz, 13801 MHz, 22426 MiB, 100 %, P1
2026/06/11 16:44:29.645, 316.98 W, 52, 2850 MHz, 13801 MHz, 22426 MiB, 100 %, P1
2026/06/11 16:44:30.661, 316.98 W, 52, 2850 MHz, 13801 MHz, 22426 MiB, 100 %, P1
2026/06/11 16:44:31.662, 316.98 W, 52, 2850 MHz, 13801 MHz, 22426 MiB, 100 %, P1
2026/06/11 16:44:32.676, 316.98 W, 52, 2850 MHz, 13801 MHz, 22426 MiB, 100 %, P1
2026/06/11 16:44:33.692, 316.98 W, 52, 2850 MHz, 13801 MHz, 22426 MiB, 100 %, P1
2026/06/11 16:44:34.692, 316.98 W, 52, 2850 MHz, 13801 MHz, 22426 MiB, 100 %, P1
2026/06/11 16:44:35.708, 316.98 W, 52, 2850 MHz, 13801 MHz, 22426 MiB, 100 %, P1
2026/06/11 16:44:36.722, 316.98 W, 52, 2850 MHz, 13801 MHz, 22426 MiB, 100 %, P1
2026/06/11 16:44:37.723, 316.98 W, 52, 2850 MHz, 13801 MHz, 22426 MiB, 100 %, P1
2026/06/11 16:44:38.723, 316.98 W, 52, 2850 MHz, 13801 MHz, 22426 MiB, 100 %, P1
2026/06/11 16:44:39.724, 316.98 W, 52, 2850 MHz, 13801 MHz, 22426 MiB, 100 %, P1
2026/06/11 16:44:40.738, 316.98 W, 52, 2850 MHz, 13801 MHz, 22426 MiB, 100 %, P1
2026/06/11 16:44:41.754, 316.98 W, 52, 2850 MHz, 13801 MHz, 22426 MiB, 100 %, P1
2026/06/11 16:44:42.769, 316.98 W, 52, 2850 MHz, 13801 MHz, 22426 MiB, 100 %, P1
2026/06/11 16:44:43.785, 316.98 W, 52, 2850 MHz, 13801 MHz, 22426 MiB, 100 %, P1
2026/06/11 16:44:44.801, 316.98 W, 52, 2850 MHz, 13801 MHz, 22426 MiB, 100 %, P1
2026/06/11 16:44:45.816, 316.98 W, 52, 2850 MHz, 13801 MHz, 22426 MiB, 100 %, P1
2026/06/11 16:44:46.832, 316.98 W, 52, 2850 MHz, 13801 MHz, 22426 MiB, 100 %, P1
2026/06/11 16:44:47.832, 316.98 W, 52, 2850 MHz, 13801 MHz, 22426 MiB, 100 %, P1
2026/06/11 16:44:48.833, 316.98 W, 52, 2850 MHz, 13801 MHz, 22426 MiB, 100 %, P1
2026/06/11 16:44:49.847, 316.98 W, 52, 2850 MHz, 13801 MHz, 22426 MiB, 100 %, P1
2026/06/11 16:44:50.849, 316.98 W, 52, 2850 MHz, 13801 MHz, 22426 MiB, 100 %, P1
2026/06/11 16:44:51.864, 316.98 W, 52, 2850 MHz, 13801 MHz, 22426 MiB, 100 %, P1
2026/06/11 16:44:52.879, 316.98 W, 52, 2850 MHz, 13801 MHz, 22426 MiB, 100 %, P1
2026/06/11 16:44:53.879, 316.98 W, 52, 2850 MHz, 13801 MHz, 22426 MiB, 100 %, P1
2026/06/11 16:44:54.895, 316.98 W, 52, 2850 MHz, 13801 MHz, 22426 MiB, 100 %, P1
2026/06/11 16:44:55.895, 316.98 W, 52, 2850 MHz, 13801 MHz, 22426 MiB, 100 %, P1
2026/06/11 16:44:56.910, 316.98 W, 52, 2850 MHz, 13801 MHz, 22426 MiB, 100 %, P1
2026/06/11 16:44:57.926, 316.98 W, 52, 2850 MHz, 13801 MHz, 22426 MiB, 100 %, P1
2026/06/11 16:44:58.941, 316.98 W, 52, 2850 MHz, 13801 MHz, 22426 MiB, 100 %, P1
2026/06/11 16:44:59.957, 316.98 W, 52, 2850 MHz, 13801 MHz, 22426 MiB, 100 %, P1
2026/06/11 16:45:00.973, 316.98 W, 52, 2850 MHz, 13801 MHz, 22426 MiB, 100 %, P1
2026/06/11 16:45:01.987, 316.98 W, 52, 2850 MHz, 13801 MHz, 22426 MiB, 100 %, P1
2026/06/11 16:45:02.989, 316.98 W, 52, 2850 MHz, 13801 MHz, 22426 MiB, 100 %, P1
2026/06/11 16:45:04.005, 316.98 W, 52, 2850 MHz, 13801 MHz, 22426 MiB, 100 %, P1
2026/06/11 16:45:05.019, 316.98 W, 52, 2850 MHz, 13801 MHz, 22426 MiB, 100 %, P1
2026/06/11 16:45:06.035, 316.98 W, 52, 2850 MHz, 13801 MHz, 22426 MiB, 100 %, P1
2026/06/11 16:45:07.037, 316.98 W, 52, 2850 MHz, 13801 MHz, 22426 MiB, 100 %, P1
2026/06/11 16:45:08.052, 316.98 W, 52, 2850 MHz, 13801 MHz, 22426 MiB, 100 %, P1
2026/06/11 16:45:09.066, 316.98 W, 52, 2850 MHz, 13801 MHz, 22426 MiB, 100 %, P1
2026/06/11 16:45:10.082, 316.98 W, 52, 2850 MHz, 13801 MHz, 22426 MiB, 100 %, P1
2026/06/11 16:45:11.082, 316.98 W, 52, 2850 MHz, 13801 MHz, 22426 MiB, 100 %, P1
2026/06/11 16:45:12.097, 316.98 W, 52, 2850 MHz, 13801 MHz, 22426 MiB, 100 %, P1
2026/06/11 16:45:13.097, 316.98 W, 52, 2850 MHz, 13801 MHz, 22426 MiB, 100 %, P1
2026/06/11 16:45:14.097, 316.98 W, 52, 2850 MHz, 13801 MHz, 22426 MiB, 100 %, P1
2026/06/11 16:45:15.113, 316.98 W, 52, 2850 MHz, 13801 MHz, 22426 MiB, 100 %, P1
2026/06/11 16:45:16.115, 316.98 W, 52, 2850 MHz, 13801 MHz, 22426 MiB, 100 %, P1
2026/06/11 16:45:17.129, 316.98 W, 52, 2850 MHz, 13801 MHz, 22426 MiB, 100 %, P1
2026/06/11 16:45:18.145, 316.98 W, 52, 2850 MHz, 13801 MHz, 22426 MiB, 100 %, P1
2026/06/11 16:45:19.160, 316.98 W, 52, 2850 MHz, 13801 MHz, 22426 MiB, 100 %, P1
2026/06/11 16:45:20.176, 316.98 W, 52, 2850 MHz, 13801 MHz, 22426 MiB, 100 %, P1
2026/06/11 16:45:21.191, 316.98 W, 52, 2850 MHz, 13801 MHz, 22426 MiB, 100 %, P1
2026/06/11 16:45:22.191, 316.98 W, 52, 2850 MHz, 13801 MHz, 22426 MiB, 100 %, P1
2026/06/11 16:45:23.207, 316.98 W, 52, 2850 MHz, 13801 MHz, 22426 MiB, 100 %, P1
2026/06/11 16:45:24.223, 316.98 W, 52, 2850 MHz, 13801 MHz, 22426 MiB, 100 %, P1
2026/06/11 16:45:25.237, 316.98 W, 52, 2850 MHz, 13801 MHz, 22426 MiB, 100 %, P1
2026/06/11 16:45:26.238, 316.98 W, 52, 2850 MHz, 13801 MHz, 22426 MiB, 100 %, P1
2026/06/11 16:45:27.240, 316.98 W, 52, 2850 MHz, 13801 MHz, 22426 MiB, 100 %, P1
2026/06/11 16:45:28.253, 316.98 W, 52, 2850 MHz, 13801 MHz, 22426 MiB, 100 %, P1
2026/06/11 16:45:29.256, 316.98 W, 52, 2850 MHz, 13801 MHz, 22426 MiB, 100 %, P1
2026/06/11 16:45:30.269, 316.98 W, 52, 2850 MHz, 13801 MHz, 22426 MiB, 100 %, P1
2026/06/11 16:45:31.285, 316.98 W, 52, 2850 MHz, 13801 MHz, 22426 MiB, 100 %, P1
2026/06/11 16:45:32.285, 316.98 W, 52, 2850 MHz, 13801 MHz, 22426 MiB, 100 %, P1
2026/06/11 16:45:33.301, 316.98 W, 52, 2850 MHz, 13801 MHz, 22426 MiB, 100 %, P1
2026/06/11 16:45:34.316, 316.98 W, 52, 2850 MHz, 13801 MHz, 22426 MiB, 100 %, P1
2026/06/11 16:45:35.331, 316.98 W, 52, 2850 MHz, 13801 MHz, 22426 MiB, 100 %, P1
2026/06/11 16:45:36.348, 316.98 W, 52, 2850 MHz, 13801 MHz, 22426 MiB, 100 %, P1
2026/06/11 16:45:37.348, 316.98 W, 52, 2850 MHz, 13801 MHz, 22426 MiB, 100 %, P1
2026/06/11 16:45:38.363, 316.98 W, 52, 2850 MHz, 13801 MHz, 22426 MiB, 100 %, P1
2026/06/11 16:45:39.378, 316.98 W, 52, 2850 MHz, 13801 MHz, 22426 MiB, 100 %, P1
2026/06/11 16:45:40.380, 316.98 W, 52, 2850 MHz, 13801 MHz, 22426 MiB, 100 %, P1
2026/06/11 16:45:41.394, 316.98 W, 52, 2850 MHz, 13801 MHz, 22426 MiB, 100 %, P1
2026/06/11 16:45:42.410, 316.98 W, 52, 2850 MHz, 13801 MHz, 22426 MiB, 100 %, P1
2026/06/11 16:45:43.426, 316.98 W, 52, 2850 MHz, 13801 MHz, 22426 MiB, 100 %, P1
2026/06/11 16:45:44.441, 316.98 W, 52, 2850 MHz, 13801 MHz, 22426 MiB, 100 %, P1
2026/06/11 16:45:45.441, 316.98 W, 52, 2850 MHz, 13801 MHz, 22426 MiB, 100 %, P1
2026/06/11 16:45:46.457, 316.98 W, 52, 2850 MHz, 13801 MHz, 22426 MiB, 100 %, P1
2026/06/11 16:45:47.473, 316.98 W, 52, 2850 MHz, 13801 MHz, 22426 MiB, 100 %, P1
2026/06/11 16:45:48.489, 316.98 W, 52, 2850 MHz, 13801 MHz, 22426 MiB, 100 %, P1
2026/06/11 16:45:49.504, 316.98 W, 52, 2850 MHz, 13801 MHz, 22426 MiB, 100 %, P1
2026/06/11 16:45:50.519, 316.98 W, 52, 2850 MHz, 13801 MHz, 22426 MiB, 100 %, P1
2026/06/11 16:45:51.535, 316.98 W, 52, 2850 MHz, 13801 MHz, 22426 MiB, 100 %, P1
2026/06/11 16:45:52.551, 316.98 W, 52, 2850 MHz, 13801 MHz, 22426 MiB, 100 %, P1
2026/06/11 16:45:53.565, 316.98 W, 52, 2850 MHz, 13801 MHz, 22426 MiB, 100 %, P1
2026/06/11 16:45:54.582, 316.98 W, 52, 2850 MHz, 13801 MHz, 22426 MiB, 100 %, P1
2026/06/11 16:45:55.598, 316.98 W, 52, 2850 MHz, 13801 MHz, 22426 MiB, 100 %, P1
2026/06/11 16:45:56.599, 316.98 W, 52, 2850 MHz, 13801 MHz, 22426 MiB, 100 %, P1
2026/06/11 16:45:57.628, 316.98 W, 52, 2850 MHz, 13801 MHz, 22426 MiB, 100 %, P1
2026/06/11 16:45:58.629, 316.98 W, 52, 2850 MHz, 13801 MHz, 22426 MiB, 100 %, P1
2026/06/11 16:45:59.645, 316.98 W, 52, 2850 MHz, 13801 MHz, 22426 MiB, 100 %, P1
2026/06/11 16:46:00.646, 316.98 W, 52, 2850 MHz, 13801 MHz, 22426 MiB, 100 %, P1
2026/06/11 16:46:01.660, 316.98 W, 52, 2850 MHz, 13801 MHz, 22426 MiB, 100 %, P1
2026/06/11 16:46:02.676, 316.98 W, 52, 2850 MHz, 13801 MHz, 22426 MiB, 100 %, P1
2026/06/11 16:46:03.692, 316.98 W, 52, 2850 MHz, 13801 MHz, 22426 MiB, 100 %, P1
2026/06/11 16:46:04.707, 316.98 W, 52, 2850 MHz, 13801 MHz, 22426 MiB, 100 %, P1
2026/06/11 16:46:05.722, 316.98 W, 52, 2850 MHz, 13801 MHz, 22426 MiB, 100 %, P1
2026/06/11 16:46:06.724, 316.98 W, 52, 2850 MHz, 13801 MHz, 22426 MiB, 100 %, P1
2026/06/11 16:46:07.739, 316.98 W, 52, 2850 MHz, 13801 MHz, 22426 MiB, 100 %, P1
2026/06/11 16:46:08.740, 316.98 W, 52, 2850 MHz, 13801 MHz, 22426 MiB, 100 %, P1
2026/06/11 16:46:09.769, 316.98 W, 52, 2850 MHz, 13801 MHz, 22426 MiB, 100 %, P1
2026/06/11 16:46:10.770, 316.98 W, 52, 2850 MHz, 13801 MHz, 22426 MiB, 100 %, P1
2026/06/11 16:46:11.786, 316.98 W, 52, 2850 MHz, 13801 MHz, 22426 MiB, 100 %, P1
2026/06/11 16:46:12.801, 316.98 W, 52, 2850 MHz, 13801 MHz, 22426 MiB, 100 %, P1
2026/06/11 16:46:13.816, 316.98 W, 52, 2850 MHz, 13801 MHz, 22426 MiB, 100 %, P1
2026/06/11 16:46:14.832, 316.98 W, 52, 2850 MHz, 13801 MHz, 22426 MiB, 100 %, P1
2026/06/11 16:46:15.848, 316.98 W, 52, 2850 MHz, 13801 MHz, 22426 MiB, 100 %, P1
2026/06/11 16:46:16.878, 316.98 W, 52, 2850 MHz, 13801 MHz, 22426 MiB, 100 %, P1
2026/06/11 16:46:17.879, 316.98 W, 52, 2850 MHz, 13801 MHz, 22426 MiB, 100 %, P1
2026/06/11 16:46:18.895, 316.98 W, 52, 2850 MHz, 13801 MHz, 22426 MiB, 100 %, P1
2026/06/11 16:46:19.911, 316.98 W, 52, 2850 MHz, 13801 MHz, 22426 MiB, 100 %, P1
2026/06/11 16:46:20.925, 316.98 W, 52, 2850 MHz, 13801 MHz, 22426 MiB, 100 %, P1
2026/06/11 16:46:21.926, 316.98 W, 52, 2850 MHz, 13801 MHz, 22426 MiB, 100 %, P1
2026/06/11 16:46:22.941, 316.98 W, 52, 2850 MHz, 13801 MHz, 22426 MiB, 100 %, P1
2026/06/11 16:46:23.942, 316.98 W, 52, 2850 MHz, 13801 MHz, 22426 MiB, 100 %, P1
2026/06/11 16:46:24.973, 316.98 W, 52, 2850 MHz, 13801 MHz, 22426 MiB, 100 %, P1
2026/06/11 16:46:25.988, 316.98 W, 52, 2850 MHz, 13801 MHz, 22426 MiB, 100 %, P1
2026/06/11 16:46:27.005, 316.98 W, 52, 2850 MHz, 13801 MHz, 22426 MiB, 100 %, P1
2026/06/11 16:46:28.019, 316.98 W, 52, 2850 MHz, 13801 MHz, 22426 MiB, 100 %, P1
2026/06/11 16:46:29.035, 316.98 W, 52, 2850 MHz, 13801 MHz, 22426 MiB, 100 %, P1
2026/06/11 16:46:30.036, 316.98 W, 52, 2850 MHz, 13801 MHz, 22426 MiB, 100 %, P1
2026/06/11 16:46:31.050, 316.98 W, 52, 2850 MHz, 13801 MHz, 22426 MiB, 100 %, P1
2026/06/11 16:46:32.051, 316.98 W, 52, 2850 MHz, 13801 MHz, 22426 MiB, 100 %, P1
2026/06/11 16:46:33.065, 316.98 W, 52, 2850 MHz, 13801 MHz, 22426 MiB, 100 %, P1
2026/06/11 16:46:34.066, 316.98 W, 52, 2850 MHz, 13801 MHz, 22426 MiB, 100 %, P1
2026/06/11 16:46:35.067, 316.98 W, 52, 2850 MHz, 13801 MHz, 22426 MiB, 100 %, P1
2026/06/11 16:46:36.067, 316.98 W, 52, 2850 MHz, 13801 MHz, 22426 MiB, 100 %, P1
2026/06/11 16:46:37.082, 316.98 W, 52, 2850 MHz, 13801 MHz, 22426 MiB, 100 %, P1
2026/06/11 16:46:38.097, 316.98 W, 52, 2850 MHz, 13801 MHz, 22426 MiB, 100 %, P1
2026/06/11 16:46:39.114, 316.98 W, 52, 2850 MHz, 13801 MHz, 22426 MiB, 100 %, P1
2026/06/11 16:46:40.129, 316.98 W, 52, 2850 MHz, 13801 MHz, 22426 MiB, 100 %, P1
2026/06/11 16:46:41.145, 316.98 W, 52, 2850 MHz, 13801 MHz, 22426 MiB, 100 %, P1
2026/06/11 16:46:42.149, 316.98 W, 52, 2850 MHz, 13801 MHz, 22426 MiB, 100 %, P1
2026/06/11 16:46:43.160, 316.98 W, 52, 2850 MHz, 13801 MHz, 22426 MiB, 100 %, P1
2026/06/11 16:46:44.176, 316.98 W, 52, 2850 MHz, 13801 MHz, 22426 MiB, 100 %, P1
2026/06/11 16:46:45.191, 316.98 W, 52, 2850 MHz, 13801 MHz, 22426 MiB, 100 %, P1
2026/06/11 16:46:46.207, 316.98 W, 52, 2850 MHz, 13801 MHz, 22426 MiB, 100 %, P1
2026/06/11 16:46:47.208, 316.98 W, 52, 2850 MHz, 13801 MHz, 22426 MiB, 100 %, P1
2026/06/11 16:46:48.223, 316.98 W, 52, 2850 MHz, 13801 MHz, 22426 MiB, 100 %, P1
2026/06/11 16:46:49.238, 316.98 W, 52, 2850 MHz, 13801 MHz, 22426 MiB, 100 %, P1
2026/06/11 16:46:50.253, 316.98 W, 52, 2850 MHz, 13801 MHz, 22426 MiB, 100 %, P1
2026/06/11 16:46:51.254, 316.98 W, 52, 2850 MHz, 13801 MHz, 22426 MiB, 100 %, P1
2026/06/11 16:46:52.270, 316.98 W, 52, 2850 MHz, 13801 MHz, 22426 MiB, 100 %, P1
2026/06/11 16:46:53.286, 316.98 W, 52, 2850 MHz, 13801 MHz, 22426 MiB, 100 %, P1
2026/06/11 16:46:54.300, 316.98 W, 52, 2850 MHz, 13801 MHz, 22426 MiB, 100 %, P1
2026/06/11 16:46:55.301, 316.98 W, 52, 2850 MHz, 13801 MHz, 22426 MiB, 100 %, P1
2026/06/11 16:46:56.302, 316.98 W, 52, 2850 MHz, 13801 MHz, 22426 MiB, 100 %, P1
2026/06/11 16:46:57.317, 316.98 W, 52, 2850 MHz, 13801 MHz, 22426 MiB, 100 %, P1
2026/06/11 16:46:58.347, 316.98 W, 52, 2850 MHz, 13801 MHz, 22426 MiB, 100 %, P1
2026/06/11 16:46:59.363, 316.98 W, 52, 2850 MHz, 13801 MHz, 22426 MiB, 100 %, P1
2026/06/11 16:47:00.364, 316.98 W, 52, 2850 MHz, 13801 MHz, 22426 MiB, 100 %, P1
2026/06/11 16:47:01.365, 316.98 W, 52, 2850 MHz, 13801 MHz, 22426 MiB, 100 %, P1
2026/06/11 16:47:02.394, 316.98 W, 52, 2850 MHz, 13801 MHz, 22426 MiB, 100 %, P1
2026/06/11 16:47:03.411, 316.98 W, 52, 2850 MHz, 13801 MHz, 22426 MiB, 100 %, P1
2026/06/11 16:47:04.426, 316.98 W, 52, 2850 MHz, 13801 MHz, 22426 MiB, 100 %, P1
2026/06/11 16:47:05.457, 316.98 W, 52, 2850 MHz, 13801 MHz, 22426 MiB, 100 %, P1
2026/06/11 16:47:06.473, 316.98 W, 52, 2850 MHz, 13801 MHz, 22426 MiB, 100 %, P1
2026/06/11 16:47:07.489, 316.98 W, 52, 2850 MHz, 13801 MHz, 22426 MiB, 100 %, P1
2026/06/11 16:47:08.504, 316.98 W, 52, 2850 MHz, 13801 MHz, 22426 MiB, 100 %, P1
2026/06/11 16:47:09.504, 316.98 W, 52, 2850 MHz, 13801 MHz, 22426 MiB, 100 %, P1
2026/06/11 16:47:10.520, 316.98 W, 52, 2850 MHz, 13801 MHz, 22426 MiB, 100 %, P1
2026/06/11 16:47:11.535, 316.98 W, 52, 2850 MHz, 13801 MHz, 22426 MiB, 100 %, P1
2026/06/11 16:47:12.551, 316.98 W, 52, 2850 MHz, 13801 MHz, 22426 MiB, 100 %, P1
2026/06/11 16:47:13.566, 316.98 W, 52, 2850 MHz, 13801 MHz, 22426 MiB, 100 %, P1
2026/06/11 16:47:14.567, 316.98 W, 52, 2850 MHz, 13801 MHz, 22426 MiB, 100 %, P1
2026/06/11 16:47:15.583, 316.98 W, 52, 2850 MHz, 13801 MHz, 22426 MiB, 100 %, P1
2026/06/11 16:47:16.598, 316.98 W, 52, 2850 MHz, 13801 MHz, 22426 MiB, 100 %, P1
2026/06/11 16:47:17.614, 316.98 W, 52, 2850 MHz, 13801 MHz, 22426 MiB, 100 %, P1
2026/06/11 16:47:18.629, 316.98 W, 52, 2850 MHz, 13801 MHz, 22426 MiB, 100 %, P1
2026/06/11 16:47:19.646, 316.98 W, 52, 2850 MHz, 13801 MHz, 22426 MiB, 100 %, P1
2026/06/11 16:47:20.659, 316.98 W, 52, 2850 MHz, 13801 MHz, 22426 MiB, 100 %, P1
2026/06/11 16:47:21.662, 316.98 W, 52, 2850 MHz, 13801 MHz, 22426 MiB, 100 %, P1
2026/06/11 16:47:22.676, 316.98 W, 52, 2850 MHz, 13801 MHz, 22426 MiB, 100 %, P1
2026/06/11 16:47:23.692, 316.98 W, 52, 2850 MHz, 13801 MHz, 22426 MiB, 100 %, P1
2026/06/11 16:47:24.692, 316.98 W, 52, 2850 MHz, 13801 MHz, 22426 MiB, 100 %, P1
2026/06/11 16:47:25.707, 316.98 W, 52, 2850 MHz, 13801 MHz, 22426 MiB, 100 %, P1
2026/06/11 16:47:26.723, 316.98 W, 52, 2850 MHz, 13801 MHz, 22426 MiB, 100 %, P1
2026/06/11 16:47:27.739, 316.98 W, 52, 2850 MHz, 13801 MHz, 22426 MiB, 100 %, P1
2026/06/11 16:47:28.754, 316.98 W, 52, 2850 MHz, 13801 MHz, 22426 MiB, 100 %, P1
2026/06/11 16:47:29.770, 316.98 W, 52, 2850 MHz, 13801 MHz, 22426 MiB, 100 %, P1
2026/06/11 16:47:30.785, 316.98 W, 52, 2850 MHz, 13801 MHz, 22426 MiB, 100 %, P1
2026/06/11 16:47:31.786, 316.98 W, 52, 2850 MHz, 13801 MHz, 22426 MiB, 100 %, P1
2026/06/11 16:47:32.802, 316.98 W, 52, 2850 MHz, 13801 MHz, 22426 MiB, 100 %, P1
2026/06/11 16:47:33.817, 316.98 W, 52, 2850 MHz, 13801 MHz, 22426 MiB, 100 %, P1
2026/06/11 16:47:34.833, 316.98 W, 52, 2850 MHz, 13801 MHz, 22426 MiB, 100 %, P1
2026/06/11 16:47:35.849, 316.98 W, 52, 2850 MHz, 13801 MHz, 22426 MiB, 100 %, P1
2026/06/11 16:47:36.863, 316.98 W, 52, 2850 MHz, 13801 MHz, 22426 MiB, 100 %, P1
2026/06/11 16:47:37.878, 316.98 W, 52, 2850 MHz, 13801 MHz, 22426 MiB, 100 %, P1
2026/06/11 16:47:38.880, 316.98 W, 52, 2850 MHz, 13801 MHz, 22426 MiB, 100 %, P1
2026/06/11 16:47:39.910, 316.98 W, 52, 2850 MHz, 13801 MHz, 22426 MiB, 100 %, P1
2026/06/11 16:47:40.926, 316.98 W, 52, 2850 MHz, 13801 MHz, 22426 MiB, 100 %, P1
2026/06/11 16:47:41.941, 316.98 W, 52, 2850 MHz, 13801 MHz, 22426 MiB, 100 %, P1
2026/06/11 16:47:42.957, 316.98 W, 52, 2850 MHz, 13801 MHz, 22426 MiB, 100 %, P1
2026/06/11 16:47:43.972, 316.98 W, 52, 2850 MHz, 13801 MHz, 22426 MiB, 100 %, P1
2026/06/11 16:47:44.988, 316.98 W, 52, 2850 MHz, 13801 MHz, 22426 MiB, 100 %, P1
2026/06/11 16:47:46.004, 316.98 W, 52, 2850 MHz, 13801 MHz, 22426 MiB, 100 %, P1
2026/06/11 16:47:47.019, 316.98 W, 52, 2850 MHz, 13801 MHz, 22426 MiB, 100 %, P1
2026/06/11 16:47:48.020, 316.98 W, 52, 2850 MHz, 13801 MHz, 22426 MiB, 100 %, P1
2026/06/11 16:47:49.035, 316.98 W, 52, 2850 MHz, 13801 MHz, 22426 MiB, 100 %, P1
2026/06/11 16:47:50.036, 316.98 W, 52, 2850 MHz, 13801 MHz, 22426 MiB, 100 %, P1
2026/06/11 16:47:51.050, 316.98 W, 52, 2850 MHz, 13801 MHz, 22426 MiB, 100 %, P1
2026/06/11 16:47:52.066, 316.98 W, 52, 2850 MHz, 13801 MHz, 22426 MiB, 100 %, P1
2026/06/11 16:47:53.083, 316.98 W, 52, 2850 MHz, 13801 MHz, 22426 MiB, 100 %, P1
2026/06/11 16:47:54.083, 316.98 W, 52, 2850 MHz, 13801 MHz, 22426 MiB, 100 %, P1
2026/06/11 16:47:55.097, 316.98 W, 52, 2850 MHz, 13801 MHz, 22426 MiB, 100 %, P1
2026/06/11 16:47:56.113, 316.98 W, 52, 2850 MHz, 13801 MHz, 22426 MiB, 100 %, P1
2026/06/11 16:47:57.129, 316.98 W, 52, 2850 MHz, 13801 MHz, 22426 MiB, 100 %, P1
2026/06/11 16:47:58.145, 316.98 W, 52, 2850 MHz, 13801 MHz, 22426 MiB, 100 %, P1
2026/06/11 16:47:59.160, 316.98 W, 52, 2850 MHz, 13801 MHz, 22426 MiB, 100 %, P1
2026/06/11 16:48:00.176, 316.98 W, 52, 2850 MHz, 13801 MHz, 22426 MiB, 100 %, P1
2026/06/11 16:48:01.192, 316.98 W, 52, 2850 MHz, 13801 MHz, 22426 MiB, 100 %, P1
2026/06/11 16:48:02.207, 316.98 W, 52, 2850 MHz, 13801 MHz, 22426 MiB, 100 %, P1
2026/06/11 16:48:03.223, 316.98 W, 52, 2850 MHz, 13801 MHz, 22426 MiB, 100 %, P1
2026/06/11 16:48:04.238, 316.98 W, 52, 2850 MHz, 13801 MHz, 22426 MiB, 100 %, P1
2026/06/11 16:48:05.255, 316.98 W, 52, 2850 MHz, 13801 MHz, 22426 MiB, 100 %, P1
2026/06/11 16:48:06.269, 316.98 W, 52, 2850 MHz, 13801 MHz, 22426 MiB, 100 %, P1
2026/06/11 16:48:07.270, 316.98 W, 52, 2850 MHz, 13801 MHz, 22426 MiB, 100 %, P1
2026/06/11 16:48:08.285, 316.98 W, 52, 2850 MHz, 13801 MHz, 22426 MiB, 100 %, P1
2026/06/11 16:48:09.301, 316.98 W, 52, 2850 MHz, 13801 MHz, 22426 MiB, 100 %, P1
2026/06/11 16:48:10.316, 316.98 W, 52, 2850 MHz, 13801 MHz, 22426 MiB, 100 %, P1
2026/06/11 16:48:11.332, 316.98 W, 52, 2850 MHz, 13801 MHz, 22426 MiB, 100 %, P1
2026/06/11 16:48:12.333, 316.98 W, 52, 2850 MHz, 13801 MHz, 22426 MiB, 100 %, P1
2026/06/11 16:48:13.348, 316.98 W, 52, 2850 MHz, 13801 MHz, 22426 MiB, 100 %, P1
2026/06/11 16:48:14.363, 316.98 W, 52, 2850 MHz, 13801 MHz, 22426 MiB, 100 %, P1
2026/06/11 16:48:15.379, 316.98 W, 52, 2850 MHz, 13801 MHz, 22426 MiB, 100 %, P1
2026/06/11 16:48:16.395, 316.98 W, 52, 2850 MHz, 13801 MHz, 22426 MiB, 100 %, P1
2026/06/11 16:48:17.395, 316.98 W, 52, 2850 MHz, 13801 MHz, 22426 MiB, 100 %, P1
2026/06/11 16:48:18.410, 316.98 W, 52, 2850 MHz, 13801 MHz, 22426 MiB, 100 %, P1
2026/06/11 16:48:19.426, 316.98 W, 52, 2850 MHz, 13801 MHz, 22426 MiB, 100 %, P1
2026/06/11 16:48:20.442, 316.98 W, 52, 2850 MHz, 13801 MHz, 22426 MiB, 100 %, P1
2026/06/11 16:48:21.442, 316.98 W, 52, 2850 MHz, 13801 MHz, 22426 MiB, 100 %, P1
2026/06/11 16:48:22.456, 316.98 W, 52, 2850 MHz, 13801 MHz, 22426 MiB, 100 %, P1
2026/06/11 16:48:23.472, 316.98 W, 52, 2850 MHz, 13801 MHz, 22426 MiB, 100 %, P1
2026/06/11 16:48:24.473, 316.98 W, 52, 2850 MHz, 13801 MHz, 22426 MiB, 100 %, P1
2026/06/11 16:48:25.474, 316.98 W, 52, 2850 MHz, 13801 MHz, 22426 MiB, 100 %, P1
2026/06/11 16:48:26.503, 316.98 W, 52, 2850 MHz, 13801 MHz, 22426 MiB, 100 %, P1
2026/06/11 16:48:27.503, 316.98 W, 52, 2850 MHz, 13801 MHz, 22426 MiB, 100 %, P1
2026/06/11 16:48:28.505, 316.98 W, 52, 2850 MHz, 13801 MHz, 22426 MiB, 100 %, P1
2026/06/11 16:48:29.520, 316.98 W, 52, 2850 MHz, 13801 MHz, 22426 MiB, 100 %, P1
2026/06/11 16:48:30.535, 316.98 W, 52, 2850 MHz, 13801 MHz, 22426 MiB, 100 %, P1
2026/06/11 16:48:31.550, 316.98 W, 52, 2850 MHz, 13801 MHz, 22426 MiB, 100 %, P1
2026/06/11 16:48:32.551, 316.98 W, 52, 2850 MHz, 13801 MHz, 22426 MiB, 100 %, P1
2026/06/11 16:48:33.567, 316.98 W, 52, 2850 MHz, 13801 MHz, 22426 MiB, 100 %, P1
2026/06/11 16:48:34.582, 316.98 W, 52, 2850 MHz, 13801 MHz, 22426 MiB, 100 %, P1
2026/06/11 16:48:35.582, 316.98 W, 52, 2850 MHz, 13801 MHz, 22426 MiB, 100 %, P1
2026/06/11 16:48:36.598, 316.98 W, 52, 2850 MHz, 13801 MHz, 22426 MiB, 100 %, P1
2026/06/11 16:48:37.614, 316.98 W, 52, 2850 MHz, 13801 MHz, 22426 MiB, 100 %, P1
2026/06/11 16:48:38.644, 316.98 W, 52, 2850 MHz, 13801 MHz, 22426 MiB, 100 %, P1
2026/06/11 16:48:39.660, 316.98 W, 52, 2850 MHz, 13801 MHz, 22426 MiB, 100 %, P1
2026/06/11 16:48:40.661, 316.98 W, 52, 2850 MHz, 13801 MHz, 22426 MiB, 100 %, P1
2026/06/11 16:48:41.676, 316.98 W, 52, 2850 MHz, 13801 MHz, 22426 MiB, 100 %, P1
2026/06/11 16:48:42.691, 316.98 W, 52, 2850 MHz, 13801 MHz, 22426 MiB, 100 %, P1
2026/06/11 16:48:43.691, 316.98 W, 52, 2850 MHz, 13801 MHz, 22426 MiB, 100 %, P1
2026/06/11 16:48:44.708, 316.98 W, 52, 2850 MHz, 13801 MHz, 22426 MiB, 100 %, P1
2026/06/11 16:48:45.709, 316.98 W, 52, 2850 MHz, 13801 MHz, 22426 MiB, 100 %, P1
2026/06/11 16:48:46.738, 316.98 W, 52, 2850 MHz, 13801 MHz, 22426 MiB, 100 %, P1
2026/06/11 16:48:47.754, 316.98 W, 52, 2850 MHz, 13801 MHz, 22426 MiB, 100 %, P1
2026/06/11 16:48:48.755, 316.98 W, 52, 2850 MHz, 13801 MHz, 22426 MiB, 100 %, P1
2026/06/11 16:48:49.770, 316.98 W, 52, 2850 MHz, 13801 MHz, 22426 MiB, 100 %, P1
2026/06/11 16:48:50.785, 316.98 W, 52, 2850 MHz, 13801 MHz, 22426 MiB, 100 %, P1
2026/06/11 16:48:51.801, 316.98 W, 52, 2850 MHz, 13801 MHz, 22426 MiB, 100 %, P1
2026/06/11 16:48:52.818, 316.98 W, 52, 2850 MHz, 13801 MHz, 22426 MiB, 100 %, P1
2026/06/11 16:48:53.848, 316.98 W, 52, 2850 MHz, 13801 MHz, 22426 MiB, 100 %, P1
2026/06/11 16:48:54.863, 316.98 W, 52, 2850 MHz, 13801 MHz, 22426 MiB, 100 %, P1
2026/06/11 16:48:55.879, 316.98 W, 52, 2850 MHz, 13801 MHz, 22426 MiB, 100 %, P1
2026/06/11 16:48:56.880, 316.98 W, 52, 2850 MHz, 13801 MHz, 22426 MiB, 100 %, P1
2026/06/11 16:48:57.894, 316.98 W, 52, 2850 MHz, 13801 MHz, 22426 MiB, 100 %, P1
2026/06/11 16:48:58.895, 316.98 W, 52, 2850 MHz, 13801 MHz, 22426 MiB, 100 %, P1
2026/06/11 16:48:59.896, 316.98 W, 52, 2850 MHz, 13801 MHz, 22426 MiB, 100 %, P1
2026/06/11 16:49:00.911, 316.98 W, 52, 2850 MHz, 13801 MHz, 22426 MiB, 100 %, P1
2026/06/11 16:49:01.912, 316.98 W, 52, 2850 MHz, 13801 MHz, 22426 MiB, 100 %, P1
2026/06/11 16:49:02.926, 316.98 W, 52, 2850 MHz, 13801 MHz, 22426 MiB, 100 %, P1
2026/06/11 16:49:03.942, 316.98 W, 52, 2850 MHz, 13801 MHz, 22426 MiB, 100 %, P1
2026/06/11 16:49:04.943, 316.98 W, 52, 2850 MHz, 13801 MHz, 22426 MiB, 100 %, P1
2026/06/11 16:49:05.959, 316.98 W, 52, 2850 MHz, 13801 MHz, 22426 MiB, 100 %, P1
2026/06/11 16:49:06.974, 316.98 W, 52, 2850 MHz, 13801 MHz, 22426 MiB, 100 %, P1
2026/06/11 16:49:07.989, 316.98 W, 52, 2850 MHz, 13801 MHz, 22426 MiB, 100 %, P1
2026/06/11 16:49:09.004, 316.98 W, 52, 2850 MHz, 13801 MHz, 22426 MiB, 100 %, P1
2026/06/11 16:49:10.004, 316.98 W, 52, 2850 MHz, 13801 MHz, 22426 MiB, 100 %, P1
2026/06/11 16:49:11.006, 316.98 W, 52, 2850 MHz, 13801 MHz, 22426 MiB, 100 %, P1
2026/06/11 16:49:12.021, 316.98 W, 52, 2850 MHz, 13801 MHz, 22426 MiB, 100 %, P1
2026/06/11 16:49:13.036, 316.98 W, 52, 2850 MHz, 13801 MHz, 22426 MiB, 100 %, P1
2026/06/11 16:49:14.051, 316.98 W, 52, 2850 MHz, 13801 MHz, 22426 MiB, 100 %, P1
2026/06/11 16:49:15.066, 316.98 W, 52, 2850 MHz, 13801 MHz, 22426 MiB, 100 %, P1
2026/06/11 16:49:16.082, 316.98 W, 52, 2850 MHz, 13801 MHz, 22426 MiB, 100 %, P1
2026/06/11 16:49:17.098, 316.98 W, 52, 2850 MHz, 13801 MHz, 22426 MiB, 100 %, P1
2026/06/11 16:49:18.113, 316.98 W, 52, 2850 MHz, 13801 MHz, 22426 MiB, 100 %, P1
2026/06/11 16:49:19.129, 316.98 W, 52, 2850 MHz, 13801 MHz, 22426 MiB, 100 %, P1
2026/06/11 16:49:20.145, 316.98 W, 52, 2850 MHz, 13801 MHz, 22426 MiB, 100 %, P1
2026/06/11 16:49:21.160, 316.98 W, 52, 2850 MHz, 13801 MHz, 22426 MiB, 100 %, P1
2026/06/11 16:49:22.176, 316.98 W, 52, 2850 MHz, 13801 MHz, 22426 MiB, 100 %, P1
2026/06/11 16:49:23.191, 316.98 W, 52, 2850 MHz, 13801 MHz, 22426 MiB, 100 %, P1
2026/06/11 16:49:24.207, 316.98 W, 52, 2850 MHz, 13801 MHz, 22426 MiB, 100 %, P1
2026/06/11 16:49:25.222, 316.98 W, 52, 2850 MHz, 13801 MHz, 22426 MiB, 100 %, P1
2026/06/11 16:49:26.239, 316.98 W, 52, 2850 MHz, 13801 MHz, 22426 MiB, 100 %, P1
2026/06/11 16:49:27.254, 316.98 W, 52, 2850 MHz, 13801 MHz, 22426 MiB, 100 %, P1
2026/06/11 16:49:28.256, 316.98 W, 52, 2850 MHz, 13801 MHz, 22426 MiB, 100 %, P1
2026/06/11 16:49:29.285, 316.98 W, 52, 2850 MHz, 13801 MHz, 22426 MiB, 100 %, P1
2026/06/11 16:49:30.301, 316.98 W, 52, 2850 MHz, 13801 MHz, 22426 MiB, 100 %, P1
2026/06/11 16:49:31.316, 316.98 W, 52, 2850 MHz, 13801 MHz, 22426 MiB, 100 %, P1
2026/06/11 16:49:32.318, 316.98 W, 52, 2850 MHz, 13801 MHz, 22426 MiB, 100 %, P1
2026/06/11 16:49:33.332, 316.98 W, 52, 2850 MHz, 13801 MHz, 22426 MiB, 100 %, P1
2026/06/11 16:49:34.332, 316.98 W, 52, 2850 MHz, 13801 MHz, 22426 MiB, 100 %, P1
2026/06/11 16:49:35.347, 316.98 W, 52, 2850 MHz, 13801 MHz, 22426 MiB, 100 %, P1
2026/06/11 16:49:36.364, 316.98 W, 52, 2850 MHz, 13801 MHz, 22426 MiB, 100 %, P1
2026/06/11 16:49:37.378, 316.98 W, 52, 2850 MHz, 13801 MHz, 22426 MiB, 100 %, P1
2026/06/11 16:49:38.395, 316.98 W, 52, 2850 MHz, 13801 MHz, 22426 MiB, 100 %, P1
2026/06/11 16:49:39.411, 316.98 W, 52, 2850 MHz, 13801 MHz, 22426 MiB, 100 %, P1
2026/06/11 16:49:40.412, 316.98 W, 52, 2850 MHz, 13801 MHz, 22426 MiB, 100 %, P1
2026/06/11 16:49:41.425, 316.98 W, 52, 2850 MHz, 13801 MHz, 22426 MiB, 100 %, P1
2026/06/11 16:49:42.426, 316.98 W, 52, 2850 MHz, 13801 MHz, 22426 MiB, 100 %, P1
2026/06/11 16:49:43.441, 316.98 W, 52, 2850 MHz, 13801 MHz, 22426 MiB, 100 %, P1
2026/06/11 16:49:44.441, 316.98 W, 52, 2850 MHz, 13801 MHz, 22426 MiB, 100 %, P1
2026/06/11 16:49:45.442, 316.98 W, 52, 2850 MHz, 13801 MHz, 22426 MiB, 100 %, P1
2026/06/11 16:49:46.456, 316.98 W, 52, 2850 MHz, 13801 MHz, 22426 MiB, 100 %, P1
2026/06/11 16:49:47.457, 316.98 W, 52, 2850 MHz, 13801 MHz, 22426 MiB, 100 %, P1
2026/06/11 16:49:48.458, 316.98 W, 52, 2850 MHz, 13801 MHz, 22426 MiB, 100 %, P1
2026/06/11 16:49:49.473, 316.98 W, 52, 2850 MHz, 13801 MHz, 22426 MiB, 100 %, P1
2026/06/11 16:49:50.487, 316.98 W, 52, 2850 MHz, 13801 MHz, 22426 MiB, 100 %, P1
2026/06/11 16:49:51.488, 316.98 W, 52, 2850 MHz, 13801 MHz, 22426 MiB, 100 %, P1
2026/06/11 16:49:52.488, 316.98 W, 52, 2850 MHz, 13801 MHz, 22426 MiB, 100 %, P1
2026/06/11 16:49:53.489, 316.98 W, 52, 2850 MHz, 13801 MHz, 22426 MiB, 100 %, P1
2026/06/11 16:49:54.505, 316.98 W, 52, 2850 MHz, 13801 MHz, 22426 MiB, 100 %, P1
2026/06/11 16:49:55.535, 316.98 W, 52, 2850 MHz, 13801 MHz, 22426 MiB, 100 %, P1
2026/06/11 16:49:56.551, 316.98 W, 52, 2850 MHz, 13801 MHz, 22426 MiB, 100 %, P1
2026/06/11 16:49:57.567, 316.98 W, 52, 2850 MHz, 13801 MHz, 22426 MiB, 100 %, P1
2026/06/11 16:49:58.581, 316.98 W, 52, 2850 MHz, 13801 MHz, 22426 MiB, 100 %, P1
2026/06/11 16:49:59.582, 316.98 W, 52, 2850 MHz, 13801 MHz, 22426 MiB, 100 %, P1
2026/06/11 16:50:00.582, 316.98 W, 52, 2850 MHz, 13801 MHz, 22426 MiB, 100 %, P1
2026/06/11 16:50:01.598, 316.98 W, 52, 2850 MHz, 13801 MHz, 22426 MiB, 100 %, P1
2026/06/11 16:50:02.599, 316.98 W, 52, 2850 MHz, 13801 MHz, 22426 MiB, 100 %, P1
2026/06/11 16:50:03.613, 316.98 W, 52, 2850 MHz, 13801 MHz, 22426 MiB, 100 %, P1
2026/06/11 16:50:04.629, 316.98 W, 52, 2850 MHz, 13801 MHz, 22426 MiB, 100 %, P1
2026/06/11 16:50:05.646, 316.98 W, 52, 2850 MHz, 13801 MHz, 22426 MiB, 100 %, P1
2026/06/11 16:50:06.661, 316.98 W, 52, 2850 MHz, 13801 MHz, 22426 MiB, 100 %, P1
2026/06/11 16:50:07.676, 316.98 W, 52, 2850 MHz, 13801 MHz, 22426 MiB, 100 %, P1
2026/06/11 16:50:08.676, 316.98 W, 52, 2850 MHz, 13801 MHz, 22426 MiB, 100 %, P1
2026/06/11 16:50:09.691, 316.98 W, 52, 2850 MHz, 13801 MHz, 22426 MiB, 100 %, P1
2026/06/11 16:50:10.692, 316.98 W, 52, 2850 MHz, 13801 MHz, 22426 MiB, 100 %, P1
2026/06/11 16:50:11.707, 316.98 W, 52, 2850 MHz, 13801 MHz, 22426 MiB, 100 %, P1
2026/06/11 16:50:12.723, 316.98 W, 52, 2850 MHz, 13801 MHz, 22426 MiB, 100 %, P1
2026/06/11 16:50:13.738, 316.98 W, 52, 2850 MHz, 13801 MHz, 22426 MiB, 100 %, P1
2026/06/11 16:50:14.755, 316.98 W, 52, 2850 MHz, 13801 MHz, 22426 MiB, 100 %, P1
2026/06/11 16:50:15.755, 316.98 W, 52, 2850 MHz, 13801 MHz, 22426 MiB, 100 %, P1
2026/06/11 16:50:16.770, 316.98 W, 52, 2850 MHz, 13801 MHz, 22426 MiB, 100 %, P1
2026/06/11 16:50:17.785, 316.98 W, 52, 2850 MHz, 13801 MHz, 22426 MiB, 100 %, P1
2026/06/11 16:50:18.786, 316.98 W, 52, 2850 MHz, 13801 MHz, 22426 MiB, 100 %, P1
2026/06/11 16:50:19.801, 316.98 W, 52, 2850 MHz, 13801 MHz, 22426 MiB, 100 %, P1
2026/06/11 16:50:20.816, 316.98 W, 52, 2850 MHz, 13801 MHz, 22426 MiB, 100 %, P1
2026/06/11 16:50:21.832, 316.98 W, 52, 2850 MHz, 13801 MHz, 22426 MiB, 100 %, P1
2026/06/11 16:50:22.832, 316.98 W, 52, 2850 MHz, 13801 MHz, 22426 MiB, 100 %, P1
2026/06/11 16:50:23.833, 316.98 W, 52, 2850 MHz, 13801 MHz, 22426 MiB, 100 %, P1
2026/06/11 16:50:24.863, 316.98 W, 52, 2850 MHz, 13801 MHz, 22426 MiB, 100 %, P1
2026/06/11 16:50:25.879, 316.98 W, 52, 2850 MHz, 13801 MHz, 22426 MiB, 100 %, P1
2026/06/11 16:50:26.880, 316.98 W, 52, 2850 MHz, 13801 MHz, 22426 MiB, 100 %, P1
2026/06/11 16:50:27.895, 316.98 W, 52, 2850 MHz, 13801 MHz, 22426 MiB, 100 %, P1
2026/06/11 16:50:28.910, 316.98 W, 52, 2850 MHz, 13801 MHz, 22426 MiB, 100 %, P1
2026/06/11 16:50:29.926, 316.98 W, 52, 2850 MHz, 13801 MHz, 22426 MiB, 100 %, P1
2026/06/11 16:50:30.942, 316.98 W, 52, 2850 MHz, 13801 MHz, 22426 MiB, 100 %, P1
2026/06/11 16:50:31.972, 316.98 W, 52, 2850 MHz, 13801 MHz, 22426 MiB, 100 %, P1
2026/06/11 16:50:32.972, 316.98 W, 52, 2850 MHz, 13801 MHz, 22426 MiB, 100 %, P1
2026/06/11 16:50:33.973, 316.98 W, 52, 2850 MHz, 13801 MHz, 22426 MiB, 100 %, P1
2026/06/11 16:50:34.988, 316.98 W, 52, 2850 MHz, 13801 MHz, 22426 MiB, 100 %, P1
2026/06/11 16:50:35.989, 316.98 W, 52, 2850 MHz, 13801 MHz, 22426 MiB, 100 %, P1
2026/06/11 16:50:36.999, 316.98 W, 52, 2850 MHz, 13801 MHz, 22426 MiB, 100 %, P1
2026/06/11 16:50:38.004, 316.98 W, 52, 2850 MHz, 13801 MHz, 22426 MiB, 100 %, P1
2026/06/11 16:50:39.020, 316.98 W, 52, 2850 MHz, 13801 MHz, 22426 MiB, 100 %, P1
2026/06/11 16:50:40.034, 316.98 W, 52, 2850 MHz, 13801 MHz, 22426 MiB, 100 %, P1
2026/06/11 16:50:41.050, 316.98 W, 52, 2850 MHz, 13801 MHz, 22426 MiB, 100 %, P1
2026/06/11 16:50:42.067, 316.98 W, 52, 2850 MHz, 13801 MHz, 22426 MiB, 100 %, P1
2026/06/11 16:50:43.067, 316.98 W, 52, 2850 MHz, 13801 MHz, 22426 MiB, 100 %, P1
2026/06/11 16:50:44.082, 316.98 W, 52, 2850 MHz, 13801 MHz, 22426 MiB, 100 %, P1
2026/06/11 16:50:45.098, 316.98 W, 52, 2850 MHz, 13801 MHz, 22426 MiB, 100 %, P1
2026/06/11 16:50:46.098, 316.98 W, 52, 2850 MHz, 13801 MHz, 22426 MiB, 100 %, P1
2026/06/11 16:50:47.114, 316.98 W, 52, 2850 MHz, 13801 MHz, 22426 MiB, 100 %, P1
2026/06/11 16:50:48.129, 316.98 W, 52, 2850 MHz, 13801 MHz, 22426 MiB, 100 %, P1
2026/06/11 16:50:49.144, 316.98 W, 52, 2850 MHz, 13801 MHz, 22426 MiB, 100 %, P1
2026/06/11 16:50:50.160, 316.98 W, 52, 2850 MHz, 13801 MHz, 22426 MiB, 100 %, P1
2026/06/11 16:50:51.176, 316.98 W, 52, 2850 MHz, 13801 MHz, 22426 MiB, 100 %, P1
2026/06/11 16:50:52.206, 316.98 W, 52, 2850 MHz, 13801 MHz, 22426 MiB, 100 %, P1
2026/06/11 16:50:53.223, 316.98 W, 52, 2850 MHz, 13801 MHz, 22426 MiB, 100 %, P1
2026/06/11 16:50:54.239, 316.98 W, 52, 2850 MHz, 13801 MHz, 22426 MiB, 100 %, P1
2026/06/11 16:50:55.269, 316.98 W, 52, 2850 MHz, 13801 MHz, 22426 MiB, 100 %, P1
2026/06/11 16:50:56.285, 316.98 W, 52, 2850 MHz, 13801 MHz, 22426 MiB, 100 %, P1
2026/06/11 16:50:57.286, 316.98 W, 52, 2850 MHz, 13801 MHz, 22426 MiB, 100 %, P1
2026/06/11 16:50:58.302, 316.98 W, 52, 2850 MHz, 13801 MHz, 22426 MiB, 100 %, P1
2026/06/11 16:50:59.316, 316.98 W, 52, 2850 MHz, 13801 MHz, 22426 MiB, 100 %, P1
2026/06/11 16:51:00.317, 316.98 W, 52, 2850 MHz, 13801 MHz, 22426 MiB, 100 %, P1
2026/06/11 16:51:01.333, 316.98 W, 52, 2850 MHz, 13801 MHz, 22426 MiB, 100 %, P1
2026/06/11 16:51:02.348, 316.98 W, 52, 2850 MHz, 13801 MHz, 22426 MiB, 100 %, P1
2026/06/11 16:51:03.363, 316.98 W, 52, 2850 MHz, 13801 MHz, 22426 MiB, 100 %, P1
2026/06/11 16:51:04.364, 316.98 W, 52, 2850 MHz, 13801 MHz, 22426 MiB, 100 %, P1
2026/06/11 16:51:05.379, 316.98 W, 52, 2850 MHz, 13801 MHz, 22426 MiB, 100 %, P1
2026/06/11 16:51:06.380, 316.98 W, 52, 2850 MHz, 13801 MHz, 22426 MiB, 100 %, P1
2026/06/11 16:51:07.395, 316.98 W, 52, 2850 MHz, 13801 MHz, 22426 MiB, 100 %, P1
2026/06/11 16:51:08.411, 316.98 W, 52, 2850 MHz, 13801 MHz, 22426 MiB, 100 %, P1
2026/06/11 16:51:09.427, 316.98 W, 52, 2850 MHz, 13801 MHz, 22426 MiB, 100 %, P1
2026/06/11 16:51:10.441, 316.98 W, 52, 2850 MHz, 13801 MHz, 22426 MiB, 100 %, P1
2026/06/11 16:51:11.442, 316.98 W, 52, 2850 MHz, 13801 MHz, 22426 MiB, 100 %, P1
2026/06/11 16:51:12.457, 316.98 W, 52, 2850 MHz, 13801 MHz, 22426 MiB, 100 %, P1
2026/06/11 16:51:13.458, 316.98 W, 52, 2850 MHz, 13801 MHz, 22426 MiB, 100 %, P1
2026/06/11 16:51:14.461, 316.98 W, 52, 2850 MHz, 13801 MHz, 22426 MiB, 100 %, P1
2026/06/11 16:51:15.475, 316.98 W, 52, 2850 MHz, 13801 MHz, 22426 MiB, 100 %, P1
2026/06/11 16:51:16.480, 316.98 W, 52, 2850 MHz, 13801 MHz, 22426 MiB, 100 %, P1
2026/06/11 16:51:17.491, 316.98 W, 52, 2850 MHz, 13801 MHz, 22426 MiB, 100 %, P1
2026/06/11 16:51:18.491, 316.98 W, 52, 2850 MHz, 13801 MHz, 22426 MiB, 100 %, P1
2026/06/11 16:51:19.492, 316.98 W, 52, 2850 MHz, 13801 MHz, 22426 MiB, 100 %, P1
2026/06/11 16:51:20.507, 316.98 W, 52, 2850 MHz, 13801 MHz, 22426 MiB, 100 %, P1
2026/06/11 16:51:21.508, 316.98 W, 52, 2850 MHz, 13801 MHz, 22426 MiB, 100 %, P1
2026/06/11 16:51:22.525, 316.98 W, 52, 2850 MHz, 13801 MHz, 22426 MiB, 100 %, P1
2026/06/11 16:51:23.540, 316.98 W, 52, 2850 MHz, 13801 MHz, 22426 MiB, 100 %, P1
2026/06/11 16:51:24.551, 316.98 W, 52, 2850 MHz, 13801 MHz, 22426 MiB, 100 %, P1
2026/06/11 16:51:25.558, 316.98 W, 52, 2850 MHz, 13801 MHz, 22426 MiB, 100 %, P1
2026/06/11 16:51:26.559, 316.98 W, 52, 2850 MHz, 13801 MHz, 22426 MiB, 100 %, P1
2026/06/11 16:51:27.567, 316.98 W, 52, 2850 MHz, 13801 MHz, 22426 MiB, 100 %, P1
2026/06/11 16:51:28.575, 316.98 W, 52, 2850 MHz, 13801 MHz, 22426 MiB, 100 %, P1
2026/06/11 16:51:29.591, 316.98 W, 52, 2850 MHz, 13801 MHz, 22426 MiB, 100 %, P1
2026/06/11 16:51:30.606, 316.98 W, 52, 2850 MHz, 13801 MHz, 22426 MiB, 100 %, P1
2026/06/11 16:51:31.608, 316.98 W, 52, 2850 MHz, 13801 MHz, 22426 MiB, 100 %, P1
2026/06/11 16:51:32.608, 316.98 W, 52, 2850 MHz, 13801 MHz, 22426 MiB, 100 %, P1
2026/06/11 16:51:33.623, 316.98 W, 52, 2850 MHz, 13801 MHz, 22426 MiB, 100 %, P1
2026/06/11 16:51:34.624, 316.98 W, 52, 2850 MHz, 13801 MHz, 22426 MiB, 100 %, P1
2026/06/11 16:51:35.633, 316.98 W, 52, 2850 MHz, 13801 MHz, 22426 MiB, 100 %, P1
2026/06/11 16:51:36.642, 316.98 W, 52, 2850 MHz, 13801 MHz, 22426 MiB, 100 %, P1
2026/06/11 16:51:37.652, 316.98 W, 52, 2850 MHz, 13801 MHz, 22426 MiB, 100 %, P1
2026/06/11 16:51:38.657, 316.98 W, 52, 2850 MHz, 13801 MHz, 22426 MiB, 100 %, P1
2026/06/11 16:51:39.658, 316.98 W, 52, 2850 MHz, 13801 MHz, 22426 MiB, 100 %, P1
2026/06/11 16:51:40.674, 316.98 W, 52, 2850 MHz, 13801 MHz, 22426 MiB, 100 %, P1
2026/06/11 16:51:41.691, 316.98 W, 52, 2850 MHz, 13801 MHz, 22426 MiB, 100 %, P1
2026/06/11 16:51:42.706, 316.98 W, 52, 2850 MHz, 13801 MHz, 22426 MiB, 100 %, P1
2026/06/11 16:51:43.711, 316.98 W, 52, 2850 MHz, 13801 MHz, 22426 MiB, 100 %, P1
2026/06/11 16:51:44.719, 316.98 W, 52, 2850 MHz, 13801 MHz, 22426 MiB, 100 %, P1
2026/06/11 16:51:45.734, 316.98 W, 52, 2850 MHz, 13801 MHz, 22426 MiB, 100 %, P1
2026/06/11 16:51:46.741, 316.98 W, 52, 2850 MHz, 13801 MHz, 22426 MiB, 100 %, P1
2026/06/11 16:51:47.741, 316.98 W, 52, 2850 MHz, 13801 MHz, 22426 MiB, 100 %, P1
2026/06/11 16:51:48.756, 316.98 W, 52, 2850 MHz, 13801 MHz, 22426 MiB, 100 %, P1
2026/06/11 16:51:49.759, 316.98 W, 52, 2850 MHz, 13801 MHz, 22426 MiB, 100 %, P1
2026/06/11 16:51:50.774, 316.98 W, 52, 2850 MHz, 13801 MHz, 22426 MiB, 100 %, P1
2026/06/11 16:51:51.777, 316.98 W, 52, 2850 MHz, 13801 MHz, 22426 MiB, 100 %, P1
2026/06/11 16:51:52.787, 316.98 W, 52, 2850 MHz, 13801 MHz, 22426 MiB, 100 %, P1
2026/06/11 16:51:53.803, 316.98 W, 52, 2850 MHz, 13801 MHz, 22426 MiB, 100 %, P1
2026/06/11 16:51:54.804, 316.98 W, 52, 2850 MHz, 13801 MHz, 22426 MiB, 100 %, P1
2026/06/11 16:51:55.818, 316.98 W, 52, 2850 MHz, 13801 MHz, 22426 MiB, 100 %, P1
2026/06/11 16:51:56.821, 316.98 W, 52, 2850 MHz, 13801 MHz, 22426 MiB, 100 %, P1
2026/06/11 16:51:57.834, 316.98 W, 52, 2850 MHz, 13801 MHz, 22426 MiB, 100 %, P1
2026/06/11 16:51:58.839, 316.98 W, 52, 2850 MHz, 13801 MHz, 22426 MiB, 100 %, P1
2026/06/11 16:51:59.842, 316.98 W, 52, 2850 MHz, 13801 MHz, 22426 MiB, 100 %, P1
2026/06/11 16:52:00.843, 316.98 W, 52, 2850 MHz, 13801 MHz, 22426 MiB, 100 %, P1
2026/06/11 16:52:01.848, 316.98 W, 52, 2850 MHz, 13801 MHz, 22426 MiB, 100 %, P1
2026/06/11 16:52:02.852, 316.98 W, 52, 2850 MHz, 13801 MHz, 22426 MiB, 100 %, P1
2026/06/11 16:52:03.866, 316.98 W, 52, 2850 MHz, 13801 MHz, 22426 MiB, 100 %, P1
2026/06/11 16:52:04.881, 316.98 W, 52, 2850 MHz, 13801 MHz, 22426 MiB, 100 %, P1
2026/06/11 16:52:05.882, 316.98 W, 52, 2850 MHz, 13801 MHz, 22426 MiB, 100 %, P1
2026/06/11 16:52:06.897, 316.98 W, 52, 2850 MHz, 13801 MHz, 22426 MiB, 100 %, P1
2026/06/11 16:52:07.912, 316.98 W, 52, 2850 MHz, 13801 MHz, 22426 MiB, 100 %, P1
2026/06/11 16:52:08.912, 316.98 W, 52, 2850 MHz, 13801 MHz, 22426 MiB, 100 %, P1
2026/06/11 16:52:09.915, 316.98 W, 52, 2850 MHz, 13801 MHz, 22426 MiB, 100 %, P1
2026/06/11 16:52:10.916, 316.98 W, 52, 2850 MHz, 13801 MHz, 22426 MiB, 100 %, P1
2026/06/11 16:52:11.931, 316.98 W, 52, 2850 MHz, 13801 MHz, 22426 MiB, 100 %, P1
2026/06/11 16:52:12.946, 316.98 W, 52, 2850 MHz, 13801 MHz, 22426 MiB, 100 %, P1
2026/06/11 16:52:13.962, 316.98 W, 52, 2850 MHz, 13801 MHz, 22426 MiB, 100 %, P1
2026/06/11 16:52:14.964, 316.98 W, 52, 2850 MHz, 13801 MHz, 22426 MiB, 100 %, P1
2026/06/11 16:52:15.967, 316.98 W, 52, 2850 MHz, 13801 MHz, 22426 MiB, 100 %, P1
2026/06/11 16:52:16.971, 316.98 W, 52, 2850 MHz, 13801 MHz, 22426 MiB, 100 %, P1
2026/06/11 16:52:17.975, 316.98 W, 52, 2850 MHz, 13801 MHz, 22426 MiB, 100 %, P1
2026/06/11 16:52:18.979, 316.98 W, 52, 2850 MHz, 13801 MHz, 22426 MiB, 100 %, P1
2026/06/11 16:52:19.994, 316.98 W, 52, 2850 MHz, 13801 MHz, 22426 MiB, 100 %, P1
2026/06/11 16:52:21.006, 316.98 W, 52, 2850 MHz, 13801 MHz, 22426 MiB, 100 %, P1
2026/06/11 16:52:22.021, 316.98 W, 52, 2850 MHz, 13801 MHz, 22426 MiB, 100 %, P1
2026/06/11 16:52:23.036, 316.98 W, 52, 2850 MHz, 13801 MHz, 22426 MiB, 100 %, P1
2026/06/11 16:52:24.052, 316.98 W, 52, 2850 MHz, 13801 MHz, 22426 MiB, 100 %, P1
2026/06/11 16:52:25.054, 316.98 W, 52, 2850 MHz, 13801 MHz, 22426 MiB, 100 %, P1
2026/06/11 16:52:26.057, 316.98 W, 52, 2850 MHz, 13801 MHz, 22426 MiB, 100 %, P1
2026/06/11 16:52:27.060, 316.98 W, 52, 2850 MHz, 13801 MHz, 22426 MiB, 100 %, P1
2026/06/11 16:52:28.065, 316.98 W, 52, 2850 MHz, 13801 MHz, 22426 MiB, 100 %, P1
2026/06/11 16:52:29.069, 316.98 W, 52, 2850 MHz, 13801 MHz, 22426 MiB, 100 %, P1
2026/06/11 16:52:30.072, 316.98 W, 52, 2850 MHz, 13801 MHz, 22426 MiB, 100 %, P1
2026/06/11 16:52:31.088, 316.98 W, 52, 2850 MHz, 13801 MHz, 22426 MiB, 100 %, P1
2026/06/11 16:52:32.089, 316.98 W, 52, 2850 MHz, 13801 MHz, 22426 MiB, 100 %, P1
2026/06/11 16:52:33.092, 316.98 W, 52, 2850 MHz, 13801 MHz, 22426 MiB, 100 %, P1
2026/06/11 16:52:34.094, 316.98 W, 52, 2850 MHz, 13801 MHz, 22426 MiB, 100 %, P1
2026/06/11 16:52:35.098, 316.98 W, 52, 2850 MHz, 13801 MHz, 22426 MiB, 100 %, P1
2026/06/11 16:52:36.104, 316.98 W, 52, 2850 MHz, 13801 MHz, 22426 MiB, 100 %, P1
2026/06/11 16:52:37.113, 316.98 W, 52, 2850 MHz, 13801 MHz, 22426 MiB, 100 %, P1
